Date,Fold,Probability UP,Predicted Class,Actual Target,Forward Return,Selected Threshold,buy_hold_position,buy_hold_turnover,buy_hold_net_return,buy_hold_wealth,buy_hold_drawdown,ml_long_short_position,ml_long_short_turnover,ml_long_short_net_return,ml_long_short_wealth,ml_long_short_drawdown,ml_long_only_position,ml_long_only_turnover,ml_long_only_net_return,ml_long_only_wealth,ml_long_only_drawdown,buy_hold_ml_overlay_position,buy_hold_ml_overlay_turnover,buy_hold_ml_overlay_net_return,buy_hold_ml_overlay_wealth,buy_hold_ml_overlay_drawdown
2017-07-07,1,0.4924957018511845,0,0,-0.0018360141755821016,0.52,1.0,1.0,-0.0019360141755821016,0.9980639858244179,0.0,0.0,0.0,-0.0,1.0,0.0,0.0,0.0,-0.0,1.0,0.0,1.0,1.0,-0.0019360141755821016,0.9980639858244179,0.0
2017-07-10,1,0.4926126483835538,0,1,0.006150085802023143,0.52,1.0,0.0,0.006150085802023143,1.0042021649731472,0.0,0.0,0.0,0.0,1.0,0.0,0.0,0.0,0.0,1.0,0.0,1.0,0.0,0.006150085802023143,1.0042021649731472,0.0
2017-07-12,1,0.4706892577800158,0,0,-0.004795927622542107,0.52,1.0,0.0,-0.004795927622542107,0.9993860840715358,-0.004795927622542107,-1.0,1.0,0.004695927622542106,1.004695927622542,0.0,0.0,0.0,-0.0,1.0,0.0,0.0,1.0,-0.0001,1.0041017447566498,-0.00010000000000010001
2017-07-13,1,0.5013540092393537,1,0,-0.0013115312019776892,0.52,1.0,0.0,-0.0013115312019776892,0.9980753580394537,-0.006101168815800473,0.0,1.0,-0.0001,1.0045954580297798,-9.999999999998899e-05,0.0,0.0,-0.0,1.0,0.0,1.0,1.0,-0.0014115312019776893,1.0026844238139656,-0.001511390048857475
2017-07-14,1,0.4998580460057687,0,1,0.006265629708904764,0.52,1.0,0.0,0.006265629708904764,1.0043289286545114,0.0,0.0,0.0,0.0,1.0045954580297798,-9.999999999998899e-05,0.0,0.0,0.0,1.0,0.0,1.0,0.0,0.006265629708904764,1.0089668731284704,0.0
2017-07-17,1,0.4873561510564699,0,0,-9.183217234198794e-05,0.52,1.0,0.0,-9.183217234198794e-05,1.004236698947247,-9.183217234209895e-05,0.0,0.0,-0.0,1.0045954580297798,-9.999999999998899e-05,0.0,0.0,-0.0,1.0,0.0,1.0,0.0,-9.183217234198794e-05,1.00887421750869,-9.183217234198793e-05
2017-07-18,1,0.4846769656909634,0,1,0.006571797952328539,0.52,1.0,0.0,0.006571797952328539,1.0108363396290418,0.0,0.0,0.0,0.0,1.0045954580297798,-9.999999999998899e-05,0.0,0.0,0.0,1.0,0.0,1.0,0.0,0.006571797952328539,1.0155043350254707,0.0
2017-07-19,1,0.4839380809725244,0,0,-0.0018445336119830016,0.52,1.0,0.0,-0.0018445336119830016,1.0089718180243823,-0.0018445336119828903,0.0,0.0,-0.0,1.0045954580297798,-9.999999999998899e-05,0.0,0.0,-0.0,1.0,0.0,1.0,0.0,-0.0018445336119830016,1.0136312031464016,-0.0018445336119831124
2017-07-20,1,0.4897997328892661,0,1,0.008698284942947112,0.52,1.0,0.0,0.008698284942947112,1.0177481423969617,0.0,0.0,0.0,0.0,1.0045954580297798,-9.999999999998899e-05,0.0,0.0,0.0,1.0,0.0,1.0,0.0,0.008698284942947112,1.0224480561784313,0.0
2017-07-21,1,0.4770811896676991,0,1,0.004555875441164093,0.52,1.0,0.0,0.004555875441164093,1.0223848761641983,0.0,-1.0,1.0,-0.004655875441164093,0.9999181867084339,-0.004755409853619996,0.0,0.0,0.0,1.0,0.0,0.0,1.0,-0.0001,1.0223458113728134,-9.999999999998899e-05
2017-07-24,1,0.4686551967064029,0,0,-0.003666275551012843,0.52,1.0,0.0,-0.003666275551012843,1.0186365314889922,-0.003666275551012732,-1.0,0.0,0.003666275551012843,1.0035841623093762,-0.0011065689454884398,0.0,0.0,-0.0,1.0,0.0,0.0,0.0,-0.0,1.0223458113728134,-9.999999999998899e-05
2017-07-25,1,0.47761684672316557,0,1,0.0004890718808658877,0.52,1.0,0.0,0.0004890718808658877,1.0191347179733663,-0.0031789967424263876,-1.0,0.0,-0.0004890718808658877,1.0030933375155082,-0.0015950996345989177,0.0,0.0,0.0,1.0,0.0,0.0,0.0,0.0,1.0223458113728134,-9.999999999998899e-05
2017-07-26,1,0.4789248421346793,0,1,0.007165828262951202,0.52,1.0,0.0,0.007165828262951202,1.0264376623391747,0.0,-1.0,0.0,-0.007165828262951202,0.9959053429271616,-0.008749497687506325,0.0,0.0,0.0,1.0,0.0,0.0,0.0,0.0,1.0223458113728134,-9.999999999998899e-05
2017-07-27,1,0.46437714213518355,0,0,-0.0033546913178812417,0.52,1.0,0.0,-0.0033546913178812417,1.022994280824979,-0.003354691317881353,-1.0,0.0,0.0033546913178812417,0.9992462979345109,-0.0054241582335531335,0.0,0.0,-0.0,1.0,0.0,0.0,0.0,-0.0,1.0223458113728134,-9.999999999998899e-05
2017-07-28,1,0.4938156947535733,0,1,0.00501613487348851,0.52,1.0,0.0,0.00501613487348851,1.0281257581124046,0.0,0.0,1.0,-0.0001,0.9991463733047175,-0.0055236158177297545,0.0,0.0,0.0,1.0,0.0,1.0,1.0,0.00491613487348851,1.0273718012688682,0.0
2017-07-31,1,0.47683858453290334,0,1,0.0065387413448061435,0.52,1.0,0.0,0.0065387413448061435,1.0348484065146344,0.0,-1.0,1.0,-0.006638741344806144,0.9925132989667463,-0.012125687305833854,0.0,0.0,0.0,1.0,0.0,0.0,1.0,-0.0001,1.0272690640887414,-9.999999999987796e-05
2017-08-01,1,0.463780783827329,0,0,-0.0010866257920078004,0.52,1.0,0.0,-0.0010866257920078004,1.0337239135452974,-0.0010866257920078004,-1.0,0.0,0.0010866257920078004,0.9935917895163144,-0.011052237598398351,0.0,0.0,-0.0,1.0,0.0,0.0,0.0,-0.0,1.0272690640887414,-9.999999999987796e-05
2017-08-02,1,0.4786109180184503,0,1,0.003377573677836087,0.52,1.0,0.0,0.003377573677836087,1.0372153922258376,0.0,-1.0,0.0,-0.003377573677836087,0.9902358600415301,-0.014392481529440948,0.0,0.0,0.0,1.0,0.0,0.0,0.0,0.0,1.0272690640887414,-9.999999999987796e-05
2017-08-03,1,0.461995556827363,0,1,0.002852295914133274,0.52,1.0,0.0,0.002852295914133274,1.0401738374511595,0.0,-1.0,0.0,-0.002852295914133274,0.9874114143439053,-0.017203725827313554,0.0,0.0,0.0,1.0,0.0,0.0,0.0,0.0,1.0272690640887414,-9.999999999987796e-05
2017-08-04,1,0.453784486601922,0,0,-0.008963250192756678,0.52,1.0,0.0,-0.008963250192756678,1.030850499102125,-0.008963250192756678,-1.0,0.0,0.008963250192756678,0.9962618298938536,-0.008394676933394574,0.0,0.0,-0.0,1.0,0.0,0.0,0.0,-0.0,1.0272690640887414,-9.999999999987796e-05
2017-08-07,1,0.49244892278409885,0,1,0.001911652080130999,0.52,1.0,0.0,0.001911652080130999,1.0328211266030376,-0.007068732728501392,0.0,1.0,-0.0001,0.9961622037108642,-0.008493837465701315,0.0,0.0,0.0,1.0,0.0,1.0,1.0,0.001811652080130999,1.0291301182255521,0.0
2017-08-08,1,0.49648965701270775,0,0,-0.003926016534221866,0.52,1.0,0.0,-0.003926016534221866,1.0287662537831004,-0.010966997301155246,0.0,0.0,-0.0,0.9961622037108642,-0.008493837465701315,0.0,0.0,-0.0,1.0,0.0,1.0,0.0,-0.003926016534221866,1.025089736365533,-0.003926016534221866
2017-08-09,1,0.5009206186059063,1,1,0.0005881051250842261,0.52,1.0,0.0,0.0005881051250842261,1.029371276489464,-0.010385341923390468,0.0,0.0,0.0,0.9961622037108642,-0.008493837465701315,0.0,0.0,0.0,1.0,0.0,1.0,0.0,0.0005881051250842261,1.0256925968931607,-0.0033402203195825875
2017-08-10,1,0.4991808848335818,0,1,0.0007415154707228755,0.52,1.0,0.0,0.0007415154707228755,1.0301345712160987,-0.009651527344372579,0.0,0.0,0.0,0.9961622037108642,-0.008493837465701315,0.0,0.0,0.0,1.0,0.0,1.0,0.0,0.0007415154707228755,1.026453163821963,-0.0026011816739022198
2017-08-11,1,0.49463743505890095,0,1,0.004694742959430176,0.52,1.0,0.0,0.004694742959430176,1.034970788241581,-0.005002095824990227,0.0,0.0,0.0,0.9961622037108642,-0.008493837465701315,0.0,0.0,0.0,1.0,0.0,1.0,0.0,0.004694742959430176,1.031272097586001,0.0
2017-08-14,1,0.4847735121016921,0,0,-0.00420395221710268,0.52,1.0,0.0,-0.00420395221710268,1.0306198205017163,-0.009185019470259292,0.0,0.0,-0.0,0.9961622037108642,-0.008493837465701315,0.0,0.0,-0.0,1.0,0.0,1.0,0.0,-0.00420395221710268,1.0269366789649181,-0.004203952217102791
2017-08-15,1,0.5050979950427331,1,0,-0.002935338331250592,0.52,1.0,0.0,-0.002935338331250592,1.027594602637651,-0.01209339666178555,0.0,0.0,-0.0,0.9961622037108642,-0.008493837465701315,0.0,0.0,-0.0,1.0,0.0,1.0,0.0,-0.002935338331250592,1.0239222723673853,-0.007126950526267661
2017-08-16,1,0.5023255774029328,1,1,0.002814122331320279,0.52,1.0,0.0,0.002814122331320279,1.0304863795564778,-0.009313306628072726,0.0,0.0,0.0,0.9961622037108642,-0.008493837465701315,0.0,0.0,0.0,1.0,0.0,1.0,0.0,0.002814122331320279,1.0268037148995905,-0.004332884305577656
2017-08-17,1,0.4990392793128368,0,0,-0.004990802340272604,0.52,1.0,0.0,-0.004990802340272604,1.0253434257217684,-0.0142576280958302,0.0,0.0,-0.0,0.9961622037108642,-0.008493837465701315,0.0,0.0,-0.0,1.0,0.0,1.0,0.0,-0.004990802340272604,1.021679140516269,-0.009302062076717799
2017-08-18,1,0.5110602228672971,1,1,0.0034797650512456983,0.52,1.0,0.0,0.0034797650512456983,1.0289113799401195,-0.01082747624054603,0.0,0.0,0.0,0.9961622037108642,-0.008493837465701315,0.0,0.0,0.0,1.0,0.0,1.0,0.0,0.0034797650512456983,1.0252343438830243,-0.005854666015991272
2017-08-21,1,0.5005441559555249,1,1,0.004736625588263044,0.52,1.0,0.0,0.004736625588263044,1.0337849479103989,-0.006142136353300298,0.0,0.0,0.0,0.9961622037108642,-0.008493837465701315,0.0,0.0,0.0,1.0,0.0,1.0,0.0,0.004736625588263044,1.0300904951102268,-0.0011457717885902108
2017-08-22,1,0.4916754540228906,0,0,-0.0042108938864631185,0.52,1.0,0.0,-0.0042108938864631185,1.0294317891933253,-0.010327166355343587,0.0,0.0,-0.0,0.9961622037108642,-0.008493837465701315,0.0,0.0,-0.0,1.0,0.0,1.0,0.0,-0.0042108938864631185,1.0257528933418634,-0.005351840951633435
2017-08-23,1,0.5066037855213077,1,1,0.004620213054587374,0.52,1.0,0.0,0.004620213054587374,1.0341879833845635,-0.00575466700956806,0.0,0.0,0.0,0.9961622037108642,-0.008493837465701315,0.0,0.0,0.0,1.0,0.0,1.0,0.0,0.004620213054587374,1.0304920902504622,-0.0007563545424769114
2017-08-24,1,0.4921011067803624,0,0,-0.0012155423160857826,0.52,1.0,0.0,-0.0012155423160857826,1.032930884127972,-0.006963214284388841,0.0,0.0,-0.0,0.9961622037108642,-0.008493837465701315,0.0,0.0,-0.0,1.0,0.0,1.0,0.0,-0.0012155423160857826,1.0292394835083711,-0.001970977477610214
2017-08-25,1,0.4991874785623772,0,1,0.01268090306259384,0.52,1.0,0.0,0.01268090306259384,1.0460293805399583,0.0,0.0,0.0,0.0,0.9961622037108642,-0.008493837465701315,0.0,0.0,0.0,1.0,0.0,1.0,0.0,0.01268090306259384,1.042291169626935,0.0
2017-08-28,1,0.476523017935855,0,1,0.001004992546837169,0.52,1.0,0.0,0.001004992546837169,1.0470806322711737,0.0,-1.0,1.0,-0.001104992546837169,0.9950614519003228,-0.009589444385444734,0.0,0.0,0.0,1.0,0.0,0.0,1.0,-0.0001,1.0421869405099724,-9.999999999987796e-05
2017-08-29,1,0.4786684283388306,0,1,0.0005506166238591348,0.52,1.0,0.0,0.0005506166238591348,1.047657172273823,0.0,-1.0,0.0,-0.0005506166238591348,0.994513554523145,-0.010134780901811746,0.0,0.0,0.0,1.0,0.0,0.0,0.0,0.0,1.0421869405099724,-9.999999999987796e-05
2017-08-30,1,0.4780177488397812,0,0,-0.006434367134864782,0.52,1.0,0.0,-0.006434367134864782,1.040916161395939,-0.006434367134864782,-1.0,0.0,0.006434367134864782,1.0009126198535463,-0.003765624668100709,0.0,0.0,-0.0,1.0,0.0,0.0,0.0,-0.0,1.0421869405099724,-9.999999999987796e-05
2017-08-31,1,0.49511527296272384,0,1,0.001429196298342594,0.52,1.0,0.0,0.001429196298342594,1.042403834920691,-0.005014366810213611,0.0,1.0,-0.0001,1.000812528591561,-0.003865248105633823,0.0,0.0,0.0,1.0,0.0,1.0,1.0,0.001329196298342594,1.0435722115334793,0.0
2017-09-01,1,0.4911116472500122,0,0,-0.0023170401538554763,0.52,1.0,0.0,-0.0023170401538554763,1.0399885433786469,-0.007319788474823508,0.0,0.0,-0.0,1.000812528591561,-0.003865248105633823,0.0,0.0,-0.0,1.0,0.0,1.0,0.0,-0.0023170401538554763,1.0411542128159086,-0.0023170401538553653
2017-09-04,1,0.49774521684451534,0,1,0.0008919502269502111,0.52,1.0,0.0,0.0008919502269502111,1.040916161395939,-0.006434367134864782,0.0,0.0,0.0,1.000812528591561,-0.003865248105633823,0.0,0.0,0.0,1.0,0.0,1.0,0.0,0.0008919502269502111,1.04208287055232,-0.001427156611396252
2017-09-05,1,0.493332069175889,0,1,0.002575640457150419,0.52,1.0,0.0,0.002575640457150419,1.0435971871737322,-0.0038752992940229714,0.0,0.0,0.0,1.000812528591561,-0.003865248105633823,0.0,0.0,0.0,1.0,0.0,1.0,0.0,0.002575640457150419,1.044766901353418,0.0
2017-09-06,1,0.4975728537174397,0,1,0.00031011834583960507,0.52,1.0,0.0,0.00031011834583960507,1.0439208258071413,-0.0035663827495900913,0.0,0.0,0.0,1.000812528591561,-0.003865248105633823,0.0,0.0,0.0,1.0,0.0,1.0,0.0,0.00031011834583960507,1.0450909027366537,0.0
2017-09-07,1,0.48794089055362044,0,1,0.00849252953431212,0.52,1.0,0.0,0.00849252953431212,1.052786354251792,0.0,0.0,0.0,0.0,1.000812528591561,-0.003865248105633823,0.0,0.0,0.0,1.0,0.0,1.0,0.0,0.00849252953431212,1.0539663680941858,0.0
2017-09-08,1,0.4672708069217925,0,0,-0.0009493881946254225,0.52,1.0,0.0,-0.0009493881946254225,1.0517868513156026,-0.0009493881946254223,-1.0,1.0,0.0008493881946254224,1.0016626069383798,-0.0030191430071186964,0.0,0.0,-0.0,1.0,0.0,0.0,1.0,-0.0001,1.0538609714573763,-9.999999999998899e-05
2017-09-11,1,0.4900385786799976,0,0,-0.00484360432249209,0.52,1.0,0.0,-0.00484360432249209,1.04669241197623,-0.005788394056354229,0.0,1.0,-0.0001,1.001562440677686,-0.0031188410928180144,0.0,0.0,-0.0,1.0,0.0,1.0,1.0,-0.00494360432249209,1.0486510998035738,-0.005043109962059922
2017-09-12,1,0.5019006776055633,1,1,0.0012693001604815457,0.52,1.0,0.0,0.0012693001604815457,1.0480209788227262,-0.004526441105377366,0.0,0.0,0.0,1.001562440677686,-0.0031188410928180144,0.0,0.0,0.0,1.0,0.0,1.0,0.0,0.0012693001604815457,1.0499821528128437,-0.003780211021862545
2017-09-13,1,0.49871754201284835,0,0,-0.007015506368619584,0.52,1.0,0.0,-0.007015506368619584,1.0406685809713483,-0.011510192197595193,0.0,0.0,-0.0,1.001562440677686,-0.0031188410928180144,0.0,0.0,-0.0,1.0,0.0,1.0,0.0,-0.007015506368619584,1.0426159963328483,-0.010769197295983468
2017-09-14,1,0.5009151397210283,1,1,0.002610841196752256,0.52,1.0,0.0,0.002610841196752256,1.043385601374714,-0.008929402284814869,0.0,0.0,0.0,1.001562440677686,-0.0031188410928180144,0.0,0.0,0.0,1.0,0.0,1.0,0.0,0.002610841196752256,1.045338101128467,-0.008186472763187513
2017-09-15,1,0.49831464047645674,0,1,0.0013012212761127628,0.52,1.0,0.0,0.0013012212761127628,1.0447432769184126,-0.007639800136937991,0.0,0.0,0.0,1.001562440677686,-0.0031188410928180144,0.0,0.0,0.0,1.0,0.0,1.0,0.0,0.0013012212761127628,1.0466983173063866,-0.006895903899610589
2017-09-18,1,0.4973692417588395,0,1,0.0018536756644800256,0.52,1.0,0.0,0.0018536756644800256,1.0466798921064655,-0.0058002861840531494,0.0,0.0,0.0,1.001562440677686,-0.0031188410928180144,0.0,0.0,0.0,1.0,0.0,1.0,0.0,0.0018536756644800256,1.0486385565052296,-0.005055011004373888
2017-09-19,1,0.49589332143575127,0,1,0.0027822467300226967,0.52,1.0,0.0,0.0027822467300226967,1.0495920138136592,-0.0030341772812992884,0.0,0.0,0.0,1.001562440677686,-0.0031188410928180144,0.0,0.0,0.0,1.0,0.0,1.0,0.0,0.0027822467300226967,1.051556127700042,-0.0022868285621884255
2017-09-20,1,0.4953543390796565,0,0,-0.010043745126784074,0.52,1.0,0.0,-0.010043745126784074,1.0390501791398068,-0.013047447904800502,0.0,0.0,-0.0,1.001562440677686,-0.0031188410928180144,0.0,0.0,-0.0,1.0,0.0,1.0,0.0,-0.010043745126784074,1.0409945659669149,-0.012307605365745156
2017-09-21,1,0.5071562819303199,1,1,0.0061877381690282895,0.52,1.0,0.0,0.0061877381690282895,1.0454795495928058,-0.0069404439271812945,0.0,0.0,0.0,1.001562440677686,-0.0031188410928180144,0.0,0.0,0.0,1.0,0.0,1.0,0.0,0.0061877381690282895,1.0474359677764993,-0.006196023436207843
2017-09-22,1,0.495092005094968,0,0,-0.0015385191117365249,0.52,1.0,0.0,-0.0015385191117365249,1.0438710593248275,-0.008468285033291889,0.0,0.0,-0.0,1.001562440677686,-0.0031188410928180144,0.0,0.0,-0.0,1.0,0.0,1.0,0.0,-0.0015385191117365249,1.045824467521755,-0.007725009847470932
2017-09-25,1,0.50699565434255,1,0,-0.00599894575432236,0.52,1.0,0.0,-0.00599894575432236,1.0376089334654308,-0.014416430005067427,0.0,0.0,-0.0,1.001562440677686,-0.0031188410928180144,0.0,0.0,-0.0,1.0,0.0,1.0,0.0,-0.00599894575432236,1.0395506232725489,-0.013677613686766787
2017-09-26,1,0.5082693975639412,1,0,-0.005869543380414122,0.52,1.0,0.0,-0.005869543380414122,1.0315186428185503,-0.020201355524176012,0.0,0.0,-0.0,1.001562440677686,-0.0031188410928180144,0.0,0.0,-0.0,1.0,0.0,1.0,0.0,-0.005869543380414122,1.033448935793114,-0.01946687572030592
2017-09-27,1,0.5210613010470757,1,0,-0.003090161156273696,0.52,1.0,0.0,-0.003090161156273696,1.0283310839765403,-0.0232290912363049,1.0,1.0,-0.0031901611562736958,0.9983672950838534,-0.006299052643384706,1.0,1.0,-0.0031901611562736958,0.9968098388437263,-0.0031901611562736854,1.0,0.0,-0.003090161156273696,1.0302554120347338,-0.02249688109339465
2017-09-28,1,0.5105055603917436,1,1,0.0027333756006684418,0.52,1.0,0.0,0.0027333756006684418,1.0311418990708907,-0.020559209466847417,0.0,1.0,-0.0001,0.9982674583543449,-0.006398422738120413,0.0,1.0,-0.0001,0.996710157859842,-0.003289842140158039,1.0,0.0,0.0027333756006684418,1.0330714870404463,-0.01982499791859793
2017-09-29,1,0.4967818121344677,0,1,0.002172564253142495,0.52,1.0,0.0,0.002172564253142495,1.0333821211007297,-0.018431311417265395,0.0,0.0,0.0,0.9982674583543449,-0.006398422738120413,0.0,0.0,0.0,0.996710157859842,-0.003289842140158039,1.0,0.0,0.002172564253142495,1.035315901224131,-0.01769550474725201
2017-10-02,2,0.5028059981312026,1,0,-0.006230663267346004,0.52,1.0,0.0,-0.006230663267346004,1.0269434650776552,-0.024547135389594854,0.0,0.0,-0.0,0.9982674583543449,-0.006398422738120413,0.0,0.0,-0.0,0.996710157859842,-0.003289842140158039,1.0,0.0,-0.006230663267346004,1.0288651964682747,-0.02381591328317223
2017-10-03,2,0.5181207005708032,1,1,0.0011748437546192925,0.52,1.0,0.0,0.0011748437546192925,1.0281499631939488,-0.02340113068368177,0.0,0.0,0.0,0.9982674583543449,-0.006398422738120413,0.0,0.0,0.0,0.996710157859842,-0.003289842140158039,1.0,0.0,0.0011748437546192925,1.0300739523186906,-0.022669049505534167
2017-10-04,2,0.5064425847412739,1,1,0.0008229680123190698,0.52,1.0,0.0,0.0008229680123190698,1.0289960977255244,-0.022597421053367595,0.0,0.0,0.0,0.9982674583543449,-0.006398422738120413,0.0,0.0,0.0,0.996710157859842,-0.003289842140158039,1.0,0.0,0.0008229680123190698,1.030921670231772,-0.021864737395827727
2017-10-05,2,0.5058848381164132,1,0,-0.0038182300255964474,0.52,1.0,0.0,-0.0038182300255964474,1.025067153928967,-0.026329368927397123,0.0,0.0,-0.0,0.9982674583543449,-0.006398422738120413,0.0,0.0,-0.0,0.996710157859842,-0.003289842140158039,1.0,0.0,-0.0038182300255964474,1.026985374156455,-0.025599482824597786
2017-10-06,2,0.5483584959281209,1,1,0.002571595986453845,0.52,1.0,0.0,0.002571595986453845,1.0277032125078565,-0.023825481440402863,1.0,1.0,0.0024715959864538453,1.000734772197821,-0.003942641067625763,1.0,1.0,0.0024715959864538453,0.9991736226856661,-0.0008263773143338815,1.0,0.0,0.002571595986453845,1.0296263656227824,-0.02309371836543106
2017-10-09,2,0.5037147033497409,1,0,-7.045475703104653e-05,0.52,1.0,0.0,-7.045475703104653e-05,1.0276308059277193,-0.023894257578927824,0.0,1.0,-0.0001,1.0006346987206012,-0.004042246803519056,0.0,1.0,-0.0001,0.9990737053233976,-0.0009262946766024349,1.0,0.0,-7.045475703104653e-05,1.0295538235473598,-0.02316254606014556
2017-10-10,2,0.5029595450743068,1,1,0.006238223505342644,0.52,1.0,0.0,0.006238223505342644,1.0340413965760717,-0.01780509179285672,0.0,0.0,0.0,1.0006346987206012,-0.004042246803519056,0.0,0.0,0.0,0.9990737053233976,-0.0009262946766024349,1.0,0.0,0.006238223505342644,1.0359764104094282,-0.01706881569407903
2017-10-11,2,0.4929333235165512,0,1,0.004283504773412884,0.52,1.0,0.0,0.004283504773412884,1.0384707178342119,-0.013597855215129684,0.0,0.0,0.0,1.0006346987206012,-0.004042246803519056,0.0,0.0,0.0,0.9990737053233976,-0.0009262946766024349,1.0,0.0,0.004283504773412884,1.0404140203085601,-0.01285842527416825
2017-10-12,2,0.4847485838449257,0,0,-0.0028396050152021952,0.52,1.0,0.0,-0.0028396050152021952,1.0355218711757093,-0.01639884769246691,0.0,0.0,-0.0,1.0006346987206012,-0.004042246803519056,0.0,0.0,-0.0,0.9990737053233976,-0.0009262946766024349,1.0,0.0,-0.0028396050152021952,1.0374596554386053,-0.015661517440474282
2017-10-13,2,0.4956929221404417,0,0,-0.0015004181765808644,0.52,1.0,0.0,-0.0015004181765808644,1.0339681553379503,-0.017874660739894965,0.0,0.0,-0.0,1.0006346987206012,-0.004042246803519056,0.0,0.0,-0.0,0.9990737053233976,-0.0009262946766024349,1.0,0.0,-0.0015004181765808644,1.0359030321141158,-0.017138436791614753
2017-10-16,2,0.504330583186251,1,0,-0.0016513054394394766,0.52,1.0,0.0,-0.0016513054394394766,1.0322607580988334,-0.019496449654826553,0.0,0.0,-0.0,1.0006346987206012,-0.004042246803519056,0.0,0.0,-0.0,0.9990737053233976,-0.0009262946766024349,1.0,0.0,-0.0016513054394394766,1.034192439802454,-0.018761441437156634
2017-10-17,2,0.5076216283194138,1,0,-0.001918743283792046,0.52,1.0,0.0,-0.001918743283792046,1.0302801147021092,-0.021377784256785604,0.0,0.0,-0.0,1.0006346987206012,-0.004042246803519056,0.0,0.0,-0.0,0.9990737053233976,-0.0009262946766024349,1.0,0.0,-0.001918743283792046,1.0322080900044346,-0.0206441863311968
2017-10-18,2,0.5070222443959007,1,1,0.0019815712255766282,0.52,1.0,0.0,0.0019815712255766282,1.0323216881316868,-0.01943857463335874,0.0,0.0,0.0,1.0006346987206012,-0.004042246803519056,0.0,0.0,0.0,0.9990737053233976,-0.0009262946766024349,1.0,0.0,0.0019815712255766282,1.0342534838543949,-0.018703523031229463
2017-10-19,2,0.4995545423654676,0,1,0.004478521531023016,0.52,1.0,0.0,0.004478521531023016,1.0369449630389265,-0.015047109177363738,0.0,0.0,0.0,1.0006346987206012,-0.004042246803519056,0.0,0.0,0.0,0.9990737053233976,-0.0009262946766024349,1.0,0.0,0.004478521531023016,1.0388854103503724,-0.01430876563080774
2017-10-20,2,0.48455164740589596,0,0,-0.007968911565727876,0.52,1.0,0.0,-0.007968911565727876,1.0286816403299424,-0.02289611166073724,0.0,0.0,-0.0,1.0006346987206012,-0.004042246803519056,0.0,0.0,-0.0,0.9990737053233976,-0.0009262946766024349,1.0,0.0,-0.007968911565727876,1.0306066243883654,-0.022163651908609028
2017-10-23,2,0.5107437889285863,1,1,0.00047040109147666875,0.52,1.0,0.0,0.00047040109147666875,1.0291655332963356,-0.02243648092517636,0.0,0.0,0.0,1.0006346987206012,-0.004042246803519056,0.0,0.0,0.0,0.9990737053233976,-0.0009262946766024349,1.0,0.0,0.00047040109147666875,1.0310914228693608,-0.02170367662318118
2017-10-24,2,0.5053428058657234,1,0,-1.1759566737046258e-05,0.52,1.0,0.0,-1.1759566737046258e-05,1.0291534307555634,-0.02244797664861853,0.0,0.0,-0.0,1.0006346987206012,-0.004042246803519056,0.0,0.0,-0.0,0.9990737053233976,-0.0009262946766024349,1.0,0.0,-1.1759566737046258e-05,1.0310792976809615,-0.021715180964084646
2017-10-25,2,0.5066607044264471,1,1,0.005248376628478324,0.52,1.0,0.0,0.005248376628478324,1.0345548155686592,-0.017317415456139407,0.0,0.0,0.0,1.0006346987206012,-0.004042246803519056,0.0,0.0,0.0,0.9990737053233976,-0.0009262946766024349,1.0,0.0,0.005248376628478324,1.0364907901690181,-0.016580773783861358
2017-10-26,2,0.48821879540231683,0,0,-0.015524057973586802,0.52,1.0,0.0,-0.015524057973586802,1.018494326634918,-0.03257263686823242,0.0,0.0,-0.0,1.0006346987206012,-0.004042246803519056,0.0,0.0,-0.0,0.9990737053233976,-0.0009262946766024349,1.0,0.0,-0.015524057973586802,1.0204002470533455,-0.031847430863980564
2017-10-27,2,0.515523553586978,1,0,-0.0028083304001996767,0.52,1.0,0.0,-0.0028083304001996767,1.0156340580549983,-0.03528949254210034,0.0,0.0,-0.0,1.0006346987206012,-0.004042246803519056,0.0,0.0,-0.0,0.9990737053233976,-0.0009262946766024349,1.0,0.0,-0.0028083304001996767,1.0175346260191744,-0.03456632315591657
2017-10-30,2,0.5183441726116353,1,1,0.0041483929561452184,0.52,1.0,0.0,0.0041483929561452184,1.0198473072274548,-0.03128749426824273,0.0,0.0,0.0,1.0006346987206012,-0.004042246803519056,0.0,0.0,0.0,0.9990737053233976,-0.0009262946766024349,1.0,0.0,0.0041483929561452184,1.0217557594943862,-0.03056132489127117
2017-10-31,2,0.4881948624198697,0,0,-8.163686205087117e-05,0.52,1.0,0.0,-8.163686205087117e-05,1.0197640500935217,-0.03136657691744016,0.0,0.0,-0.0,1.0006346987206012,-0.004042246803519056,0.0,0.0,-0.0,0.9990737053233976,-0.0009262946766024349,1.0,0.0,-8.163686205087117e-05,1.0216723465603987,-0.030640466822657753
2017-11-01,2,0.5002801402016782,1,0,-0.0019768373834866404,0.52,1.0,0.0,-0.0019768373834866404,1.017748142396961,-0.033281407679084496,0.0,0.0,-0.0,1.0006346987206012,-0.004042246803519056,0.0,0.0,-0.0,0.9990737053233976,-0.0009262946766024349,1.0,0.0,-0.0019768373834866404,1.0196526664720436,-0.03255673298588202
2017-11-02,2,0.5094932912437613,1,1,0.0028454487786415683,0.52,1.0,0.0,0.0028454487786415683,1.0206440926057092,-0.030530659441274755,0.0,0.0,0.0,1.0006346987206012,-0.004042246803519056,0.0,0.0,0.0,0.9990737053233976,-0.0009262946766024349,1.0,0.0,0.0028454487786415683,1.022554035906495,-0.02980392272335164
2017-11-03,2,0.5141641529924046,1,0,-0.004018754460072271,0.52,1.0,0.0,-0.004018754460072271,1.0165423746064035,-0.03442671867754854,0.0,0.0,-0.0,1.0006346987206012,-0.004042246803519056,0.0,0.0,-0.0,0.9990737053233976,-0.0009262946766024349,1.0,0.0,-0.004018754460072271,1.018444642314031,-0.03370290253605179
2017-11-06,2,0.5169510034106096,1,0,-0.0001973660104939157,0.52,1.0,0.0,-0.0001973660104939157,1.0163417436934294,-0.034617290023922664,0.0,0.0,-0.0,1.0006346987206012,-0.004042246803519056,0.0,0.0,-0.0,0.9990737053233976,-0.0009262946766024349,1.0,0.0,-0.0001973660104939157,1.0182436359580687,-0.03389361673912994
2017-11-07,2,0.5035950927614514,1,0,-0.0009977009455318653,0.52,1.0,0.0,-0.0009977009455318653,1.015327738574763,-0.03558045326646586,0.0,0.0,-0.0,1.0006346987206012,-0.004042246803519056,0.0,0.0,-0.0,0.9990737053233976,-0.0009262946766024349,1.0,0.0,-0.0009977009455318653,1.0172277333196915,-0.03485750199119364
2017-11-08,2,0.5113268843328033,1,0,-0.0003595474860088599,0.52,1.0,0.0,-0.0003595474860088599,1.0149626800388833,-0.03592720788995174,0.0,0.0,-0.0,1.0006346987206012,-0.004042246803519056,0.0,0.0,-0.0,0.9990737053233976,-0.0009262946766024349,1.0,0.0,-0.0003595474860088599,1.016861991645478,-0.035204516549993015
2017-11-09,2,0.5025054781815178,1,1,0.0043093372674718475,0.52,1.0,0.0,0.0043093372674718475,1.019336496541068,-0.031772693078356284,0.0,0.0,0.0,1.0006346987206012,-0.004042246803519056,0.0,0.0,0.0,0.9990737053233976,-0.0009262946766024349,1.0,0.0,0.0043093372674718475,1.0212439929219514,-0.031046887417673363
2017-11-10,2,0.4964601042637316,0,1,0.0012244501079825554,0.52,1.0,0.0,0.0012244501079825554,1.0205846232243283,-0.030587147047844376,0.0,0.0,0.0,1.0006346987206012,-0.004042246803519056,0.0,0.0,0.0,0.9990737053233976,-0.0009262946766024349,1.0,0.0,0.0012244501079825554,1.0224944552393613,-0.029860452674341897
2017-11-13,2,0.49953191638636346,0,1,0.00032661821949009345,0.52,1.0,0.0,0.00032661821949009345,1.0209179647568047,-0.030270519147862496,0.0,0.0,0.0,1.0006346987206012,-0.004042246803519056,0.0,0.0,0.0,0.9990737053233976,-0.0009262946766024349,1.0,0.0,0.00032661821949009345,1.02282842055777,-0.02954358742273755
2017-11-14,2,0.49970631935770915,0,1,0.01096731430075737,0.52,1.0,0.0,0.01096731430075737,1.032114692951582,-0.019635191144646846,0.0,0.0,0.0,1.0006346987206012,-0.004042246803519056,0.0,0.0,0.0,0.9990737053233976,-0.0009262946766024349,1.0,0.0,0.01096731430075737,1.0340461013217743,-0.018900286930817245
2017-11-15,2,0.4666711673420504,0,0,-0.0013072429264127106,0.52,1.0,0.0,-0.0013072429264127106,1.0307654683199745,-0.02091676610632698,-1.0,1.0,0.0012072429264127105,1.0018427078825547,-0.0028398838509667845,0.0,0.0,-0.0,0.9990737053233976,-0.0009262946766024349,0.0,1.0,-0.0001,1.033942696711642,-0.018998396902124237
2017-11-17,2,0.48848183144096685,0,0,-0.003871495774544154,0.52,1.0,0.0,-0.003871495774544154,1.0267748641648278,-0.02470728270927325,0.0,1.0,-0.0001,1.0017425236117665,-0.002939599862581521,0.0,0.0,-0.0,0.9990737053233976,-0.0009262946766024349,1.0,1.0,-0.003971495774544154,1.029836397660531,-0.022894440623648538
2017-11-20,2,0.4979505691898082,0,1,0.000798362427277821,0.52,1.0,0.0,0.000798362427277821,1.0275946026376503,-0.023928645648190527,0.0,0.0,0.0,1.0017425236117665,-0.002939599862581521,0.0,0.0,0.0,0.9990737053233976,-0.0009262946766024349,1.0,0.0,0.000798362427277821,1.0306585803466661,-0.02211435625755831
2017-11-21,2,0.4894960084952924,0,0,-0.0003403304129084849,0.52,1.0,0.0,-0.0003403304129084849,1.027244880942232,-0.024260832415245348,0.0,0.0,-0.0,1.0017425236117665,-0.002939599862581521,0.0,0.0,-0.0,0.9990737053233976,-0.0009262946766024349,1.0,0.0,-0.0003403304129084849,1.0303078158864492,-0.022447160482470307
2017-11-22,2,0.49164370736431373,0,1,0.00660437339400155,0.52,1.0,0.0,0.00660437339400155,1.0340291897030514,-0.017816686617363242,0.0,0.0,0.0,1.0017425236117665,-0.002939599862581521,0.0,0.0,0.0,0.9990737053233976,-0.0009262946766024349,1.0,0.0,0.00660437339400155,1.0371123534133215,-0.0159910365179301
2017-11-23,2,0.47930550636578345,0,1,0.0033191651314923294,0.52,1.0,0.0,0.0033191651314923294,1.037461303334459,-0.014556658010849932,-1.0,1.0,-0.0034191651314923292,0.9983174005043001,-0.0063487140167232115,0.0,0.0,0.0,0.9990737053233976,-0.0009262946766024349,0.0,1.0,-0.0001,1.0370086421779803,-0.01608943741427815
2017-11-24,2,0.47951180715895236,0,1,0.006118271224082594,0.52,1.0,0.0,0.006118271224082594,1.0438087729727494,-0.008527448368593982,-1.0,0.0,-0.006118271224082594,0.9922094238802937,-0.012428142086527316,0.0,0.0,0.0,0.9990737053233976,-0.0009262946766024349,0.0,0.0,0.0,1.0370086421779803,-0.01608943741427815
2017-11-27,2,0.4602891338994285,0,0,-0.0018095565656847115,0.52,1.0,0.0,-0.0018095565656847115,1.0419199419542973,-0.010321574034094838,-1.0,0.0,0.0018095565656847115,0.9940048829578106,-0.010641074946954432,0.0,0.0,-0.0,0.9990737053233976,-0.0009262946766024349,0.0,0.0,-0.0,1.0370086421779803,-0.01608943741427815
2017-11-28,2,0.48166293933374904,0,0,-0.00477481878889796,0.52,1.0,0.0,-0.00477481878889796,1.0369449630389265,-0.015047109177363738,0.0,1.0,-0.0001,0.9939054824695148,-0.010740010839459746,0.0,0.0,-0.0,0.9990737053233976,-0.0009262946766024349,1.0,1.0,-0.00487481878889796,1.0319534129648416,-0.02088582311136622
2017-11-29,2,0.49185404400322386,0,1,0.00033192898229006396,0.52,1.0,0.0,0.00033192898229006396,1.0372891551251988,-0.014720174766709282,0.0,0.0,0.0,0.9939054824695148,-0.010740010839459746,0.0,0.0,0.0,0.9990737053233976,-0.0009262946766024349,1.0,0.0,0.00033192898229006396,1.0322959482109777,-0.02056082673908577
2017-11-30,2,0.508837135760777,1,1,0.0039025677688939715,0.52,1.0,0.0,0.0039025677688939715,1.0413372463490136,-0.010875053477412466,0.0,0.0,0.0,0.9939054824695148,-0.010740010839459746,0.0,0.0,0.0,0.9990737053233976,-0.0009262946766024349,1.0,0.0,0.0039025677688939715,1.0363245531064258,-0.01673849898992552
2017-12-01,2,0.4882280443239098,0,0,-0.0032258381247838312,0.52,1.0,0.0,-0.0032258381247838312,1.0379780609589835,-0.014065810440079818,0.0,0.0,-0.0,0.9939054824695148,-0.010740010839459746,0.0,0.0,-0.0,0.9990737053233976,-0.0009262946766024349,1.0,0.0,-0.0032258381247838312,1.0329815378533656,-0.019910341426515932
2017-12-04,2,0.5018967084585371,1,1,0.0006646044362246251,0.52,1.0,0.0,0.0006646044362246251,1.0386679057830006,-0.013410554203872826,0.0,0.0,0.0,0.9939054824695148,-0.010740010839459746,0.0,0.0,0.0,0.9990737053233976,-0.0009262946766024349,1.0,0.0,0.0006646044362246251,1.033668061965961,-0.019258969491530054
2017-12-05,2,0.49604864007144056,0,0,-0.0029345920957166705,0.52,1.0,0.0,-0.0029345920957166705,1.0356198391566152,-0.016305791793223667,0.0,0.0,-0.0,0.9939054824695148,-0.010740010839459746,0.0,0.0,-0.0,0.9990737053233976,-0.0009262946766024349,1.0,0.0,-0.0029345920957166705,1.030634667841721,-0.02213704436760522
2017-12-06,2,0.5075930515333095,1,0,-0.0024198653821433385,0.52,1.0,0.0,-0.0024198653821433385,1.0331137785587792,-0.018686199354278177,0.0,0.0,-0.0,0.9939054824695148,-0.010740010839459746,0.0,0.0,-0.0,0.9990737053233976,-0.0009262946766024349,1.0,0.0,-0.0024198653821433385,1.0281406706873741,-0.02450334108242036
2017-12-07,2,0.5089582750169482,1,0,-0.002719408871930007,0.52,1.0,0.0,-0.002719408871930007,1.0303043197836532,-0.0213547928099016,0.0,0.0,-0.0,0.9939054824695148,-0.010740010839459746,0.0,0.0,-0.0,0.9990737053233976,-0.0009262946766024349,1.0,0.0,-0.002719408871930007,1.025344735825915,-0.027156115351218868
2017-12-08,2,0.508435399586297,1,0,-0.00018824889440482995,0.52,1.0,0.0,-0.00018824889440482995,1.0301103661345534,-0.02153902168816968,0.0,0.0,-0.0,0.9939054824695148,-0.010740010839459746,0.0,0.0,-0.0,0.9990737053233976,-0.0009262946766024349,1.0,0.0,-0.00018824889440482995,1.025151715813012,-0.027339252136932446
2017-12-11,2,0.5027269321767345,1,1,0.0006477021765123325,0.52,1.0,0.0,0.0006477021765123325,1.0307775708607467,-0.0209052703828847,0.0,0.0,0.0,0.9939054824695148,-0.010740010839459746,0.0,0.0,0.0,0.9990737053233976,-0.0009262946766024349,1.0,0.0,0.0006477021765123325,1.0258157088105992,-0.02670925765353349
2017-12-12,2,0.5044974195046715,1,0,-0.0029708211535502964,0.52,1.0,0.0,-0.0029708211535502964,1.0277153150486285,-0.023813985716960806,0.0,0.0,-0.0,0.9939054824695148,-0.010740010839459746,0.0,0.0,-0.0,0.9990737053233976,-0.0009262946766024349,1.0,0.0,-0.0029708211535502964,1.0227681938032205,-0.0296007303794511
2017-12-13,2,0.5078246737626951,1,1,0.007941802213491833,0.52,1.0,0.0,0.007941802213491833,1.0358772268125211,-0.016061309467948037,0.0,0.0,0.0,0.9939054824695148,-0.010740010839459746,0.0,0.0,0.0,0.9990737053233976,-0.0009262946766024349,1.0,0.0,0.007941802213491833,1.0308908165086559,-0.021894011312007744
2017-12-14,2,0.4941753732354764,0,0,-0.005145619656430234,0.52,1.0,0.0,-0.005145619656430234,1.0305469965925862,-0.0211242837346719,0.0,0.0,-0.0,0.9939054824695148,-0.010740010839459746,0.0,0.0,-0.0,0.9990737053233976,-0.0009262946766024349,1.0,0.0,-0.005145619656430234,1.0255862444595956,-0.026926972713472774
2017-12-15,2,0.5149584252616127,1,0,-0.0026658432506035945,0.52,1.0,0.0,-0.0026658432506035945,1.0277997198372901,-0.023733812956057587,0.0,0.0,-0.0,0.9939054824695148,-0.010740010839459746,0.0,0.0,-0.0,0.9990737053233976,-0.0009262946766024349,1.0,0.0,-0.0026658432506035945,1.0228521922918912,-0.02952103287560892
2017-12-18,2,0.5110983367925508,1,1,0.003464546211443098,0.52,1.0,0.0,0.003464546211443098,1.0313605794627747,-0.02035149363637445,0.0,0.0,0.0,0.9939054824695148,-0.010740010839459746,0.0,0.0,0.0,0.9990737053233976,-0.0009262946766024349,1.0,0.0,0.003464546211443098,1.0263959109795624,-0.02615876364677283
2017-12-19,2,0.49966374823491155,0,1,0.004843127424547956,0.52,1.0,0.0,0.004843127424547956,1.0363555901697685,-0.015606931088787301,0.0,0.0,0.0,0.9939054824695148,-0.010740010839459746,0.0,0.0,0.0,0.9990737053233976,-0.0009262946766024349,1.0,0.0,0.004843127424547956,1.0313668771644715,-0.021442326447834725
2017-12-20,2,0.47881330683128803,0,1,0.003112081233645814,0.52,1.0,0.0,0.003112081233645814,1.0395808129533197,-0.012543419892497853,-1.0,1.0,-0.003212081233645814,0.9907129773212568,-0.013917594285838941,0.0,0.0,0.0,0.9990737053233976,-0.0009262946766024349,0.0,1.0,-0.0001,1.031263740476755,-0.02154018221518994
2017-12-21,2,0.49268044129300015,0,0,-0.0017548935748273877,0.52,1.0,0.0,-0.0017548935748273877,1.0377564592641542,-0.014276301100349498,0.0,1.0,-0.0001,0.9906139060235247,-0.014016202526410337,0.0,0.0,-0.0,0.9990737053233976,-0.0009262946766024349,1.0,1.0,-0.0018548935748273878,1.0293508559905924,-0.02335512104442561
2017-12-22,2,0.4960620444869215,0,0,-0.00010666906881517947,0.52,1.0,0.0,-0.00010666906881517947,1.0376457627489875,-0.01438144732942015,0.0,0.0,-0.0,0.9906139060235247,-0.014016202526410337,0.0,0.0,-0.0,0.9990737053233976,-0.0009262946766024349,1.0,0.0,-0.00010666906881517947,1.0292410560932999,-0.023459298844226817
2017-12-25,2,0.48558597552276866,0,1,0.0013891584109138044,0.52,1.0,0.0,0.0013891584109138044,1.0390872170878593,-0.01301226702702507,0.0,0.0,0.0,0.9906139060235247,-0.014016202526410337,0.0,0.0,0.0,0.9990737053233976,-0.0009262946766024349,1.0,0.0,0.0013891584109138044,1.0306708349632296,-0.022102729115616615
2017-12-26,3,0.4789869624421663,0,0,-0.0012333064843425,0.54,1.0,0.0,-0.0012333064843425,1.0378057040852275,-0.0142295253980671,0.0,0.0,-0.0,0.9906139060235247,-0.014016202526410337,0.0,0.0,-0.0,0.9990737053233976,-0.0009262946766024349,1.0,0.0,-0.0012333064843425,1.029399701939247,-0.023308776160819056
2017-12-27,3,0.498919146371394,0,1,0.003617829999689404,0.54,1.0,0.0,0.003617829999689404,1.0415603086953158,-0.010663175402244263,0.0,0.0,0.0,0.9906139060235247,-0.014016202526410337,0.0,0.0,0.0,0.9990737053233976,-0.0009262946766024349,1.0,0.0,0.003617829999689404,1.033123895062594,-0.01977527335078033
2017-12-28,3,0.4823879476524132,0,1,0.003439208823703188,0.54,1.0,0.0,0.003439208823703188,1.0451424520993997,-0.007260639465473173,0.0,0.0,0.0,0.9906139060235247,-0.014016202526410337,0.0,0.0,0.0,0.9990737053233976,-0.0009262946766024349,1.0,0.0,0.003439208823703188,1.036677023878472,-0.016404075821676356
2017-12-29,3,0.4724278347292688,0,1,0.005294264684684079,0.54,1.0,0.0,0.005294264684684079,1.0506757128740136,-0.002004814527899468,0.0,0.0,0.0,0.9906139060235247,-0.014016202526410337,0.0,0.0,0.0,0.9990737053233976,-0.0009262946766024349,1.0,0.0,0.005294264684684079,1.0421654664354152,-0.011196658656299707
2018-01-01,3,0.44581345225275243,0,1,0.0005525059930118202,0.54,1.0,0.0,0.0005525059930118202,1.0512562175020885,-0.0014534162069290701,-1.0,1.0,-0.0006525059930118203,0.9899675245130836,-0.014659562863274411,0.0,0.0,0.0,0.9990737053233976,-0.0009262946766024349,0.0,1.0,-0.0001,1.0420612498887716,-0.011295538990434228
2018-01-02,3,0.4597124992185342,0,1,0.004318758861985739,0.54,1.0,0.0,0.004318758861985739,1.0557963396076433,0.0,-1.0,0.0,-0.004318758861985739,0.9856920934935146,-0.01891501060823153,0.0,0.0,0.0,0.9990737053233976,-0.0009262946766024349,0.0,0.0,0.0,1.0420612498887716,-0.011295538990434228
2018-01-03,3,0.4589357870429909,0,0,-0.004395843731925475,0.54,1.0,0.0,-0.004395843731925475,1.0511552238859891,-0.004395843731925475,-1.0,0.0,0.004395843731925475,0.9900250419043065,-0.014602314307127662,0.0,0.0,-0.0,0.9990737053233976,-0.0009262946766024349,0.0,0.0,-0.0,1.0420612498887716,-0.011295538990434228
2018-01-04,3,0.4731071225428882,0,1,0.0048636858782689085,0.54,1.0,0.0,0.0048636858782689085,1.056267712704272,0.0,0.0,1.0,-0.0001,0.9899260394001161,-0.014700854075696879,0.0,0.0,0.0,0.9990737053233976,-0.0009262946766024349,1.0,1.0,0.004763685878268908,1.047025302349158,-0.006585661511741336
2018-01-05,3,0.4640476500336064,0,0,-0.0026000394900196344,0.54,1.0,0.0,-0.0026000394900196344,1.0535213749392083,-0.0026000394900196344,0.0,0.0,-0.0,0.9899260394001161,-0.014700854075696879,0.0,0.0,-0.0,0.9990737053233976,-0.0009262946766024349,1.0,0.0,-0.0026000394900196344,1.0443029952160006,-0.009168578021762519
2018-01-08,3,0.48444450894859303,0,0,-0.005566287314981101,0.54,1.0,0.0,-0.005566287314981101,1.0476571722738228,-0.008151854238168887,0.0,0.0,-0.0,0.9899260394001161,-0.014700854075696879,0.0,0.0,-0.0,0.9990737053233976,-0.0009262946766024349,1.0,0.0,-0.005566287314981101,1.0384901047007329,-0.014683830397204778
2018-01-09,3,0.5037466645341901,1,0,-0.0034356260046385363,0.54,1.0,0.0,-0.0034356260046385363,1.0440578140488128,-0.011559473520400765,0.0,0.0,-0.0,0.9899260394001161,-0.014700854075696879,0.0,0.0,-0.0,0.9990737053233976,-0.0009262946766024349,1.0,0.0,-0.0034356260046385363,1.0349222410914634,-0.01806900825228286
2018-01-10,3,0.5117860639328835,1,1,0.002247715809897244,0.54,1.0,0.0,0.002247715809897244,1.046404559303897,-0.00933774012188937,0.0,0.0,0.0,0.9899260394001161,-0.014700854075696879,0.0,0.0,0.0,0.9990737053233976,-0.0009262946766024349,1.0,0.0,0.002247715809897244,1.037248452174779,-0.015861906437903417
2018-01-11,3,0.4955572635576578,0,1,0.007189162495073287,0.54,1.0,0.0,0.007189162495073287,1.0539273317163182,-0.0022157081578891846,0.0,0.0,0.0,0.9899260394001161,-0.014700854075696879,0.0,0.0,0.0,0.9990737053233976,-0.0009262946766024349,1.0,0.0,0.007189162495073287,1.0447053998452267,-0.00878677776569381
2018-01-12,3,0.4770571328985745,0,1,0.012472721027119826,0.54,1.0,0.0,0.012472721027119826,1.0670726733076727,0.0,0.0,0.0,0.0,0.9899260394001161,-0.014700854075696879,0.0,0.0,0.0,0.9990737053233976,-0.0009262946766024349,1.0,0.0,0.012472721027119826,1.0577357188530219,0.0
2018-01-15,3,0.4524711116779445,0,1,0.006244646858903912,0.54,1.0,0.0,0.006244646858903912,1.0737361653252657,0.0,-1.0,1.0,-0.006344646858903912,0.983645308263689,-0.020952229206966155,0.0,0.0,0.0,0.9990737053233976,-0.0009262946766024349,0.0,1.0,-0.0001,1.0576299452811366,-9.999999999998899e-05
2018-01-16,3,0.45451021579958584,0,1,0.00023310480835259106,0.54,1.0,0.0,0.00023310480835259106,1.0739864583883052,0.0,-1.0,0.0,-0.00023310480835259106,0.9834160158126193,-0.021180449949944946,0.0,0.0,0.0,0.9990737053233976,-0.0009262946766024349,0.0,0.0,0.0,1.0576299452811366,-9.999999999998899e-05
2018-01-17,3,0.46463475407847454,0,0,-0.007115374172313781,0.54,1.0,0.0,-0.007115374172313781,1.0663446428808743,-0.007115374172313782,0.0,1.0,-0.0001,0.983317674211038,-0.021278331904949987,0.0,0.0,-0.0,0.9990737053233976,-0.0009262946766024349,1.0,1.0,-0.007215374172313781,1.0499987494900895,-0.00731465263489639
2018-01-18,3,0.48300654780956975,0,1,0.004319485371886866,0.54,1.0,0.0,0.004319485371886866,1.070950702967188,-0.002826623555079788,0.0,0.0,0.0,0.983317674211038,-0.021278331904949987,0.0,0.0,0.0,0.9990737053233976,-0.0009262946766024349,1.0,0.0,0.004319485371886866,1.0545342037290115,-0.0030267627980663514
2018-01-19,3,0.4618273824546194,0,1,0.0015442078323903985,0.54,1.0,0.0,0.0015442078323903985,1.072604473430814,-0.001286780616922445,0.0,0.0,0.0,0.983317674211038,-0.021278331904949987,0.0,0.0,0.0,0.9990737053233976,-0.0009262946766024349,1.0,0.0,0.0015442078323903985,1.0561626237059334,-0.0014872289164955532
2018-01-22,3,0.4852971976095094,0,1,6.128010640571446e-05,0.54,1.0,0.0,6.128010640571446e-05,1.0726702027470771,-0.0012255793645697954,0.0,0.0,0.0,0.983317674211038,-0.021278331904949987,0.0,0.0,0.0,0.9990737053233976,-0.0009262946766024349,1.0,0.0,6.128010640571446e-05,1.0562273454638957,-0.0014260399476362373
2018-01-23,3,0.4817099214583031,0,1,0.004407034097177132,0.54,1.0,0.0,0.004407034097177132,1.0773974969056095,0.0,0.0,0.0,0.0,0.983317674211038,-0.021278331904949987,0.0,0.0,0.0,0.9990737053233976,-0.0009262946766024349,1.0,0.0,0.004407034097177132,1.060882175389726,0.0
2018-01-24,3,0.472614859323687,0,1,0.0065673109670838494,0.54,1.0,0.0,0.0065673109670838494,1.0844731013029463,0.0,0.0,0.0,0.0,0.983317674211038,-0.021278331904949987,0.0,0.0,0.0,0.9990737053233976,-0.0009262946766024349,1.0,0.0,0.0065673109670838494,1.0678493185349467,0.0
2018-01-25,3,0.4535191345724383,0,1,9.918784301454764e-05,0.54,1.0,0.0,9.918784301454764e-05,1.0845806678506718,0.0,-1.0,1.0,-0.00019918784301454763,0.9831218092845139,-0.021473281362929364,0.0,0.0,0.0,0.9990737053233976,-0.0009262946766024349,0.0,1.0,-0.0001,1.0677425336030932,-9.999999999998899e-05
2018-01-26,3,0.45845486707029987,0,1,0.002883280666060584,0.54,1.0,0.0,0.002883280666060584,1.0877078183210687,0.0,-1.0,0.0,-0.002883280666060584,0.9802871931794214,-0.024294648531999252,0.0,0.0,0.0,0.9990737053233976,-0.0009262946766024349,0.0,0.0,0.0,1.0677425336030932,-9.999999999998899e-05
2018-01-29,3,0.44202164086133694,0,0,-0.0037762496543305435,0.54,1.0,0.0,-0.0037762496543305435,1.0836003620481212,-0.0037762496543305435,-1.0,0.0,0.0037762496543305435,0.9839890023538098,-0.020610141535789772,0.0,0.0,-0.0,0.9990737053233976,-0.0009262946766024349,0.0,0.0,-0.0,1.0677425336030932,-9.999999999998899e-05
2018-01-30,3,0.4723625194770937,0,1,0.002295770848100842,0.54,1.0,0.0,0.002295770848100842,1.0860880601703027,-0.0014891482101012654,0.0,1.0,-0.0001,0.9838906034535745,-0.020708080521636196,0.0,0.0,0.0,0.9990737053233976,-0.0009262946766024349,1.0,1.0,0.0021957708481008423,1.0700870515316563,0.0
2018-01-31,3,0.4601447307468507,0,1,0.000732764144278919,0.54,1.0,0.0,0.000732764144278919,1.086883906558325,-0.0007574752602362844,0.0,0.0,0.0,0.9838906034535745,-0.020708080521636196,0.0,0.0,0.0,0.9990737053233976,-0.0009262946766024349,1.0,0.0,0.000732764144278919,1.070871172954276,0.0
2018-02-01,3,0.471266613851008,0,1,0.007355873169887061,0.54,1.0,0.0,0.007355873169887061,1.0948788867253594,0.0,0.0,0.0,0.0,0.9838906034535745,-0.020708080521636196,0.0,0.0,0.0,0.9990737053233976,-0.0009262946766024349,1.0,0.0,0.007355873169887061,1.0787483654838157,0.0
2018-02-02,3,0.4402873507397984,0,0,-0.005041091441751022,0.54,1.0,0.0,-0.005041091441751022,1.0893595021397342,-0.005041091441751133,-1.0,1.0,0.004941091441751022,0.9887520968939181,-0.015869309599325754,0.0,0.0,-0.0,0.9990737053233976,-0.0009262946766024349,0.0,1.0,-0.0001,1.0786404906472673,-9.999999999998899e-05
2018-02-05,3,0.4972658029854967,0,0,-0.006357090824531176,0.54,1.0,0.0,-0.006357090824531176,1.0824343448440659,-0.011366135590132331,0.0,1.0,-0.0001,0.9886532216842286,-0.01596772266836588,0.0,0.0,-0.0,0.9990737053233976,-0.0009262946766024349,1.0,1.0,-0.006457090824531176,1.071675611032141,-0.006556445115448728
2018-02-06,3,0.5043407143683535,1,1,0.0010896513674667485,0.54,1.0,0.0,0.0010896513674667485,1.083613820908118,-0.010288869347854224,0.0,0.0,0.0,0.9886532216842286,-0.01596772266836588,0.0,0.0,0.0,0.9990737053233976,-0.0009262946766024349,1.0,0.0,0.0010896513674667485,1.072843363827183,-0.005473937987367727
2018-02-07,3,0.5035506396128248,1,0,-0.009139738824166632,0.54,1.0,0.0,-0.009139738824166632,1.0737098735987607,-0.019334570593385392,0.0,0.0,-0.0,0.9886532216842286,-0.01596772266836588,0.0,0.0,-0.0,0.9990737053233976,-0.0009262946766024349,1.0,0.0,-0.009139738824166632,1.0630378556825621,-0.01456364644799013
2018-02-08,3,0.5155937218299139,1,0,-0.0006008013016098879,0.54,1.0,0.0,-0.0006008013016098879,1.0730647873091512,-0.019923755659816633,0.0,0.0,-0.0,0.9886532216842286,-0.01596772266836588,0.0,0.0,-0.0,0.9990737053233976,-0.0009262946766024349,1.0,0.0,-0.0006008013016098879,1.0623991811552074,-0.015155697891858
2018-02-09,3,0.5226686375446541,1,0,-0.0006494849380261901,0.54,1.0,0.0,-0.0006494849380261901,1.0723678478922676,-0.020560300418632993,0.0,0.0,-0.0,0.9886532216842286,-0.01596772266836588,0.0,0.0,-0.0,0.9990737053233976,-0.0009262946766024349,1.0,0.0,-0.0006494849380261901,1.0617091688888758,-0.015795339432378097
2018-02-12,3,0.5149554212172179,1,1,0.004158724034000194,0.54,1.0,0.0,0.004158724034000194,1.0768275298345862,-0.016487081000130077,0.0,0.0,0.0,0.9886532216842286,-0.01596772266836588,0.0,0.0,0.0,0.9990737053233976,-0.0009262946766024349,1.0,0.0,0.004158724034000194,1.0661245243266524,-0.011702303856100493
2018-02-13,3,0.500935207530249,1,1,0.0040643773971436046,0.54,1.0,0.0,0.0040643773971436046,1.0812041633074678,-0.012489713322348273,0.0,0.0,0.0,0.9886532216842286,-0.01596772266836588,0.0,0.0,0.0,0.9990737053233976,-0.0009262946766024349,1.0,0.0,0.0040643773971436046,1.0704576567458661,-0.007685489038244064
2018-02-14,3,0.5045241238595287,1,1,0.009188381801677359,0.54,1.0,0.0,0.009188381801677359,1.0911386799654998,-0.003416091775270247,0.0,0.0,0.0,0.9886532216842286,-0.01596772266836588,0.0,0.0,0.0,0.9990737053233976,-0.0009262946766024349,1.0,0.0,0.009188381801677359,1.080293430398576,0.0
2018-02-15,3,0.4641593939857112,0,1,0.0029133778536047923,0.54,1.0,0.0,0.0029133778536047923,1.094317579230923,-0.0005126662877893429,0.0,0.0,0.0,0.9886532216842286,-0.01596772266836588,0.0,0.0,0.0,0.9990737053233976,-0.0009262946766024349,1.0,0.0,0.0029133778536047923,1.083440733354094,0.0
2018-02-16,3,0.46982008358029154,0,0,-0.0073354603053779055,0.54,1.0,0.0,-0.0073354603053779055,1.0862902560669974,-0.007844365949963183,0.0,0.0,-0.0,0.9886532216842286,-0.01596772266836588,0.0,0.0,-0.0,0.9990737053233976,-0.0009262946766024349,1.0,0.0,-0.0073354603053779055,1.0754931968613457,-0.0073354603053777945
2018-02-19,3,0.49047560805286083,0,0,-0.0010662864839592334,0.54,1.0,0.0,-0.0010662864839592334,1.0851319594492965,-0.008902288092534683,0.0,0.0,-0.0,0.9886532216842286,-0.01596772266836588,0.0,0.0,-0.0,0.9990737053233976,-0.0009262946766024349,1.0,0.0,-0.0010662864839592334,1.0743464130019424,-0.008393925087159748
2018-02-20,3,0.49231897960435417,0,0,-0.0051067549655630096,0.54,1.0,0.0,-0.0051067549655630096,1.0795904564270877,-0.013963581254176294,0.0,0.0,-0.0,0.9886532216842286,-0.01596772266836588,0.0,0.0,-0.0,0.9990737053233976,-0.0009262946766024349,1.0,0.0,-0.0051067549655630096,1.06885998912261,-0.013457814334103202
2018-02-21,3,0.5092756881835956,1,0,-0.004335586347391951,0.54,1.0,0.0,-0.004335586347391951,1.0749097987834277,-0.018238627289322018,0.0,0.0,-0.0,0.9886532216842286,-0.01596772266836588,0.0,0.0,-0.0,0.9990737053233976,-0.0009262946766024349,1.0,0.0,-0.004335586347391951,1.0642258543464966,-0.01773505316540247
2018-02-22,3,0.5156847384649152,1,1,0.0036487320821019242,0.54,1.0,0.0,0.0036487320821019242,1.0788318566516146,-0.014656443071744074,0.0,0.0,0.0,0.9886532216842286,-0.01596772266836588,0.0,0.0,0.0,0.9990737053233976,-0.0009262946766024349,1.0,0.0,0.0036487320821019242,1.068108929363853,-0.014151031540762915
2018-02-23,3,0.4998290305147912,0,0,-0.0032069517189410313,0.54,1.0,0.0,-0.0032069517189410313,1.0753720949744774,-0.017816392285382565,0.0,0.0,-0.0,0.9886532216842286,-0.01596772266836588,0.0,0.0,-0.0,0.9990737053233976,-0.0009262946766024349,1.0,0.0,-0.0032069517189410313,1.0646835555968133,-0.01731260158477954
2018-02-26,3,0.5100142616559628,1,1,0.0023152774549177746,0.54,1.0,0.0,0.0023152774549177746,1.0778618797416195,-0.01554236472185111,0.0,0.0,0.0,0.9886532216842286,-0.01596772266836588,0.0,0.0,0.0,0.9990737053233976,-0.0009262946766024349,1.0,0.0,0.0023152774549177746,1.0671485934297082,-0.015037407605997033
2018-02-27,3,0.5040556640775905,1,0,-0.006922334724479118,0.54,1.0,0.0,-0.006922334724479118,1.0704005590232917,-0.022357109995315705,0.0,0.0,-0.0,0.9886532216842286,-0.01596772266836588,0.0,0.0,-0.0,0.9990737053233976,-0.0009262946766024349,1.0,0.0,-0.006922334724479118,1.0597614336652308,-0.02185564836163889
2018-02-28,3,0.5166263499775405,1,0,-0.003194101254276882,0.54,1.0,0.0,-0.003194101254276882,1.0669815912551368,-0.02547980037651454,0.0,0.0,-0.0,0.9886532216842286,-0.01596772266836588,0.0,0.0,-0.0,0.9990737053233976,-0.0009262946766024349,1.0,0.0,-0.003194101254276882,1.0563764483407263,-0.02497994046207097
2018-03-01,3,0.5172999308940658,1,1,0.006528162810397476,0.54,1.0,0.0,0.006528162810397476,1.0739470207985473,-0.019117973851351278,0.0,0.0,0.0,0.9886532216842286,-0.01596772266836588,0.0,0.0,0.0,0.9990737053233976,-0.0009262946766024349,1.0,0.0,0.006528162810397476,1.063272645784564,-0.01861485077000391
2018-03-02,3,0.4936308366638446,0,1,0.003632962028863096,0.54,1.0,0.0,0.003632962028863096,1.0778486295461192,-0.015554466695558933,0.0,0.0,0.0,0.9886532216842286,-0.01596772266836588,0.0,0.0,0.0,0.9990737053233976,-0.0009262946766024349,1.0,0.0,0.003632962028863096,1.0671354749330282,-0.015049515787161183
2018-03-05,3,0.49445252999910133,0,1,0.0017148512838880414,0.54,1.0,0.0,0.0017148512838880414,1.0796969796523332,-0.013866289008854005,0.0,0.0,0.0,0.9886532216842286,-0.01596772266836588,0.0,0.0,0.0,0.9990737053233976,-0.0009262946766024349,1.0,0.0,0.0017148512838880414,1.0689654535722997,-0.013360472184742567
2018-03-06,3,0.5027186401812338,1,1,0.006493896155060463,0.54,1.0,0.0,0.006493896155060463,1.086708419717128,-0.007462439094673035,0.0,0.0,0.0,0.9886532216842286,-0.01596772266836588,0.0,0.0,0.0,0.9990737053233976,-0.0009262946766024349,1.0,0.0,0.006493896155060463,1.0759072042211453,-0.006953337548632366
2018-03-07,3,0.46741669105036543,0,0,-0.00016138874583759844,0.54,1.0,0.0,-0.00016138874583759844,1.0865330372081787,-0.007622623486824187,0.0,0.0,-0.0,0.9886532216842286,-0.01596772266836588,0.0,0.0,-0.0,0.9990737053233976,-0.0009262946766024349,1.0,0.0,-0.00016138874583759844,1.0757335649068185,-0.007113604104043492
2018-03-08,3,0.47631336079664066,0,0,-0.008700747242001095,0.54,1.0,0.0,-0.008700747242001095,1.0770793878813465,-0.016257048208545566,0.0,0.0,-0.0,0.9886532216842286,-0.01596772266836588,0.0,0.0,-0.0,0.9990737053233976,-0.0009262946766024349,1.0,0.0,-0.008700747242001095,1.0663738790588275,-0.015752457674755638
2018-03-09,3,0.46623106429513106,0,1,0.00017222754338819257,0.54,1.0,0.0,0.00017222754338819257,1.0772648906183553,-0.016087620576633155,0.0,0.0,0.0,0.9886532216842286,-0.01596772266836588,0.0,0.0,0.0,0.9990737053233976,-0.0009262946766024349,1.0,0.0,0.00017222754338819257,1.066557538012351,-0.015582943138455096
2018-03-12,3,0.49557088862007903,0,1,0.0025049078334542507,0.54,1.0,0.0,0.0025049078334542507,1.0799633398815704,-0.013623010749982956,0.0,0.0,0.0,0.9886532216842286,-0.01596772266836588,0.0,0.0,0.0,0.9990737053233976,-0.0009262946766024349,1.0,0.0,0.0025049078334542507,1.069229166344148,-0.01311706914133659
2018-03-13,3,0.49196177033877975,0,1,0.0042754488032974445,0.54,1.0,0.0,0.0042754488032974445,1.0845806678506722,-0.009405806431693864,0.0,0.0,0.0,0.9886532216842286,-0.01596772266836588,0.0,0.0,0.0,0.9990737053233976,-0.0009262946766024349,1.0,0.0,0.0042754488032974445,1.0738006009038448,-0.008897701695602334
2018-03-14,3,0.49228817875873987,0,0,-0.0013490517486015596,0.54,1.0,0.0,-0.0013490517486015596,1.0831175124042087,-0.010742169260681833,0.0,0.0,-0.0,0.9886532216842286,-0.01596772266836588,0.0,0.0,-0.0,0.9990737053233976,-0.0009262946766024349,1.0,0.0,-0.0013490517486015596,1.0723519883255461,-0.01023474998417273
2018-03-15,3,0.4994783347937327,0,0,-0.005366700104590616,0.54,1.0,0.0,-0.005366700104590616,1.0773047455371052,-0.016051219364377478,0.0,0.0,-0.0,0.9886532216842286,-0.01596772266836588,0.0,0.0,-0.0,0.9990737053233976,-0.0009262946766024349,1.0,0.0,-0.005366700104590616,1.0665969967976414,-0.015546523254952871
2018-03-16,3,0.5083152467023027,1,0,-0.002308799625633573,0.54,1.0,0.0,-0.002308799625633573,1.074817464743916,-0.018322959940751615,0.0,0.0,-0.0,0.9886532216842286,-0.01596772266836588,0.0,0.0,-0.0,0.9990737053233976,-0.0009262946766024349,1.0,0.0,-0.002308799625633573,1.0641344380507332,-0.017819429073515525
2018-03-19,3,0.5079981828067881,1,1,0.004564607286908551,0.54,1.0,0.0,0.004564607286908551,1.0797235843755826,-0.013841989770306373,0.0,0.0,0.0,0.9886532216842286,-0.01596772266836588,0.0,0.0,0.0,0.9990737053233976,-0.0009262946766024349,1.0,0.0,0.004564607286908551,1.06899179386091,-0.013336160482404491
2018-03-20,4,0.4881399191198879,0,0,-0.006885565378181414,0.54,1.0,0.0,-0.006885565378181414,1.0722890770450002,-0.020632245222960144,0.0,0.0,-0.0,0.9886532216842286,-0.01596772266836588,0.0,0.0,-0.0,0.9990737053233976,-0.0009262946766024349,1.0,0.0,-0.006885565378181414,1.0616311809755412,-0.020129898855690276
2018-03-21,4,0.5111385009567992,1,1,0.007816095488087926,0.54,1.0,0.0,0.007816095488087926,1.0806701908620175,-0.01297741333366853,0.0,0.0,0.0,0.9886532216842286,-0.01596772266836588,0.0,0.0,0.0,0.9990737053233976,-0.0009262946766024349,1.0,0.0,0.007816095488087926,1.0699289916591777,-0.012471140579223938
2018-03-22,4,0.48908762703335135,0,0,-0.0018364604103372484,0.54,1.0,0.0,-0.0018364604103372484,1.0786855828398678,-0.014790041238189944,0.0,0.0,-0.0,0.9886532216842286,-0.01596772266836588,0.0,0.0,-0.0,0.9990737053233976,-0.0009262946766024349,1.0,0.0,-0.0018364604103372484,1.0679641094241235,-0.014284698233615778
2018-03-23,4,0.5061787514934563,1,1,0.002384382084558601,0.54,1.0,0.0,0.002384382084558601,1.0812575814184628,-0.012440924262989594,0.0,0.0,0.0,0.9886532216842286,-0.01596772266836588,0.0,0.0,0.0,0.9990737053233976,-0.0009262946766024349,1.0,0.0,0.002384382084558601,1.070510543913586,-0.011934376327608631
2018-03-26,4,0.49766097294689304,0,1,0.008346521319475997,0.54,1.0,0.0,0.008346521319475997,1.0902823208736172,-0.004198241383108536,0.0,0.0,0.0,0.9886532216842286,-0.01596772266836588,0.0,0.0,0.0,0.9990737053233976,-0.0009262946766024349,1.0,0.0,0.008346521319475997,1.0794455829910845,-0.0036874655345857654
2018-03-27,4,0.4786369347462254,0,0,-0.003982928774167616,0.54,1.0,0.0,-0.003982928774167616,1.0859398040458434,-0.008164448860870421,0.0,0.0,-0.0,0.9886532216842286,-0.01596772266836588,0.0,0.0,-0.0,0.9990737053233976,-0.0009262946766024349,1.0,0.0,-0.003982928774167616,1.0751462281184412,-0.00765570739617194
2018-03-28,4,0.49485431770026567,0,0,-0.007866280532685009,0.54,1.0,0.0,-0.007866280532685009,1.07739749690561,-0.01596650554842094,0.0,0.0,-0.0,0.9886532216842286,-0.01596772266836588,0.0,0.0,-0.0,0.9990737053233976,-0.0009262946766024349,1.0,0.0,-0.007866280532685009,1.0666888262744034,-0.01546176598680249
2018-03-29,4,0.5098428711746652,1,0,-0.0006028120966424799,0.54,1.0,0.0,-0.0006028120966424799,1.076748028661583,-0.016559692842377793,0.0,0.0,-0.0,0.9886532216842286,-0.01596772266836588,0.0,0.0,-0.0,0.9990737053233976,-0.0009262946766024349,1.0,0.0,-0.0006028120966424799,1.0660458133465718,-0.016055257543872714
2018-03-30,4,0.5080920668361953,1,1,0.0009235128642599567,0.54,1.0,0.0,0.0009235128642599567,1.0777424193176184,-0.015651473067485933,0.0,0.0,0.0,0.9886532216842286,-0.01596772266836588,0.0,0.0,0.0,0.9990737053233976,-0.0009262946766024349,1.0,0.0,0.0009235128642599567,1.0670303203690878,-0.01514657191649349
2018-04-02,4,0.5043685711463443,1,0,-0.0017455142626162656,0.54,1.0,0.0,-0.0017455142626162656,1.075861204553273,-0.017369667460631955,0.0,0.0,-0.0,0.9886532216842286,-0.01596772266836588,0.0,0.0,-0.0,0.9990737053233976,-0.0009262946766024349,1.0,0.0,-0.0017455142626162656,1.0651678037262395,-0.016865647621799873
2018-04-03,4,0.5054182972553232,1,0,-0.0011542031731180957,0.54,1.0,0.0,-0.0011542031731180957,1.0746194421371429,-0.018503822508451062,0.0,0.0,-0.0,0.9886532216842286,-0.01596772266836588,0.0,0.0,-0.0,0.9990737053233976,-0.0009262946766024349,1.0,0.0,-0.0011542031731180957,1.0639383836672756,-0.018000384410916115
2018-04-04,4,0.5069421737197323,1,1,0.000675729861065566,0.54,1.0,0.0,0.000675729861065566,1.0753455945834767,-0.01784059623279821,0.0,0.0,0.0,0.9886532216842286,-0.01596772266836588,0.0,0.0,0.0,0.9990737053233976,-0.0009262946766024349,1.0,0.0,0.000675729861065566,1.0646573186034534,-0.01733681794710762
2018-04-05,4,0.5050466682637986,1,0,-0.0028668079178540977,0.54,1.0,0.0,-0.0028668079178540977,1.0722627853184952,-0.02065625858811293,0.0,0.0,-0.0,0.9886532216842286,-0.01596772266836588,0.0,0.0,-0.0,0.9990737053233976,-0.0009262946766024349,1.0,0.0,-0.0028668079178540977,1.0616051505726796,-0.02015392453800069
2018-04-06,4,0.5409197511607612,1,1,0.0016198671529901178,0.54,1.0,0.0,0.0016198671529901178,1.0739997085838062,-0.019069851829913387,1.0,1.0,0.0015198671529901178,0.9901558432415644,-0.014472124332567504,1.0,1.0,0.0015198671529901178,1.0005921646315348,0.0,1.0,0.0,0.0016198671529901178,1.0633248098855375,-0.01856670406537342
2018-04-09,4,0.4988790143896009,0,1,0.004152599457122541,0.54,1.0,0.0,0.004152599457122541,1.0784595991906212,-0.014996441829147167,0.0,1.0,-0.0001,0.9900568276572402,-0.014570677120134157,0.0,1.0,-0.0001,1.0004921054150717,-9.999999999987796e-05,1.0,0.0,0.004152599457122541,1.067740371913813,-0.014491204693473425
2018-04-10,4,0.49044187062349137,0,1,0.003300930918435751,0.54,1.0,0.0,0.003300930918435751,1.0820195198258733,-0.011745013129211723,0.0,0.0,0.0,0.9900568276572402,-0.014570677120134157,0.0,0.0,0.0,1.0004921054150717,-9.999999999987796e-05,1.0,0.0,0.003300930918435751,1.0712649091203255,-0.011238108240655631
2018-04-11,4,0.4766193370181187,0,1,0.0006928037696238841,0.54,1.0,0.0,0.0006928037696238841,1.0827691470280152,-0.011060346348958139,0.0,0.0,0.0,0.9900568276572402,-0.014570677120134157,0.0,0.0,0.0,1.0004921054150717,-9.999999999987796e-05,1.0,0.0,0.0006928037696238841,1.0720070854876298,-0.01055309027478435
2018-04-12,4,0.4877880066643901,0,0,-0.003390605609685071,0.54,1.0,0.0,-0.003390605609685071,1.079097903884108,-0.014413450686267426,0.0,0.0,-0.0,0.9900568276572402,-0.014570677120134157,0.0,0.0,-0.0,1.0004921054150717,-9.999999999987796e-05,1.0,0.0,-0.003390605609685071,1.0683723322499532,-0.013907914517384268
2018-04-13,4,0.4980009590704537,0,1,0.00023436369242313404,0.54,1.0,0.0,0.00023436369242313404,1.0793508052533483,-0.014182464983367837,0.0,0.0,0.0,0.9900568276572402,-0.014570677120134157,0.0,0.0,0.0,1.0004921054150717,-9.999999999987796e-05,1.0,0.0,0.00023436369242313404,1.068622719934622,-0.013676810335161216
2018-04-16,4,0.4985474357973444,0,1,0.004260379303768546,0.54,1.0,0.0,0.004260379303768546,1.0839492490855556,-0.009982508359890785,0.0,0.0,0.0,0.9900568276572402,-0.014570677120134157,0.0,0.0,0.0,1.0004921054150717,-9.999999999987796e-05,1.0,0.0,0.004260379303768546,1.0731754580541684,-0.009474699431086253
2018-04-17,4,0.48572536079507805,0,0,-0.0009651184794344791,0.54,1.0,0.0,-0.0009651184794344791,1.0829031096344939,-0.010937992536036112,0.0,0.0,-0.0,0.9900568276572402,-0.014570677120134157,0.0,0.0,-0.0,1.0004921054150717,-9.999999999987796e-05,1.0,0.0,-0.0009651184794344791,1.0721397165879247,-0.01043067370301265
2018-04-18,4,0.5010619430366231,1,1,0.0004827845540928966,0.54,1.0,0.0,0.0004827845540928966,1.0834259185294046,-0.010460488675792301,0.0,0.0,0.0,0.9900568276572402,-0.014570677120134157,0.0,0.0,0.0,1.0004921054150717,-9.999999999987796e-05,1.0,0.0,0.0004827845540928966,1.0726573290829229,-0.009952924917072448
2018-04-19,4,0.498347005822555,0,0,-0.0027160017803659064,0.54,1.0,0.0,-0.0027160017803659064,1.0804833318057843,-0.013148079750291197,0.0,0.0,-0.0,0.9900568276572402,-0.014570677120134157,0.0,0.0,-0.0,1.0004921054150717,-9.999999999987796e-05,1.0,0.0,-0.0027160017803659064,1.069743989867411,-0.012641894535643794
2018-04-20,4,0.5030624379551297,1,0,-0.005842116657322816,0.54,1.0,0.0,-0.005842116657322816,1.074171022135082,-0.018913383791893112,0.0,0.0,-0.0,0.9900568276572402,-0.014570677120134157,0.0,0.0,-0.0,1.0004921054150717,-9.999999999987796e-05,1.0,0.0,-0.005842116657322816,1.0634944206851358,-0.01841015577031968
2018-04-23,4,0.5127896356214976,1,0,-0.00524987383052844,0.54,1.0,0.0,-0.00524987383052844,1.068531759796463,-0.024063964743805788,0.0,0.0,-0.0,0.9900568276572402,-0.014570677120134157,0.0,0.0,-0.0,1.0004921054150717,-9.999999999987796e-05,1.0,0.0,-0.00524987383052844,1.057911209157068,-0.023563378605853558
2018-04-24,4,0.5124095145086361,1,1,0.002656414387365302,0.54,1.0,0.0,0.002656414387365302,1.0713702229365432,-0.02147147421860296,0.0,0.0,0.0,0.9900568276572402,-0.014570677120134157,0.0,0.0,0.0,1.0004921054150717,-9.999999999987796e-05,1.0,0.0,0.002656414387365302,1.0607214597136279,-0.02096955831643177
2018-04-25,4,0.5023060836127897,1,0,-0.00569636407493701,0.54,1.0,0.0,-0.00569636407493701,1.0652673080876502,-0.02704552895916512,0.0,0.0,-0.0,0.9900568276572402,-0.014570677120134157,0.0,0.0,-0.0,1.0004921054150717,-9.999999999987796e-05,1.0,0.0,-0.00569636407493701,1.0546792040970003,-0.02654647215270778
2018-04-26,4,0.5230816157129943,1,0,-0.005098069250610403,0.54,1.0,0.0,-0.005098069250610403,1.0598365015806082,-0.032005718230222246,0.0,0.0,-0.0,0.9900568276572402,-0.014570677120134157,0.0,0.0,-0.0,1.0004921054150717,-9.999999999987796e-05,1.0,0.0,-0.005098069250610403,1.0493023764773353,-0.03150920564992421
2018-04-27,4,0.5195291325069636,1,1,0.0010909323947758676,0.54,1.0,0.0,0.0010909323947758676,1.0609927115533484,-0.03094970191028168,0.0,0.0,0.0,0.9900568276572402,-0.014570677120134157,0.0,0.0,0.0,1.0004921054150717,-9.999999999987796e-05,1.0,0.0,0.0010909323947758676,1.0504470944317497,-0.03045264766832545
2018-04-30,4,0.5121153974598678,1,0,-0.0034309910205799765,0.54,1.0,0.0,-0.0034309910205799765,1.057352455087108,-0.034274504781517834,0.0,0.0,-0.0,0.9900568276572402,-0.014570677120134157,0.0,0.0,-0.0,1.0004921054150717,-9.999999999987796e-05,1.0,0.0,-0.0034309910205799765,1.04684301988316,-0.033779155928202576
2018-05-01,4,0.5129583998761962,1,0,-0.007422782869638823,0.54,1.0,0.0,-0.007422782869638823,1.049503957396317,-0.04144287544419911,0.0,0.0,-0.0,0.9900568276572402,-0.014570677120134157,0.0,0.0,-0.0,1.0004921054150717,-9.999999999987796e-05,1.0,0.0,-0.007422782869638823,1.0390725314479703,-0.040951203457866625
2018-05-02,4,0.5198448498044971,1,0,-0.003382061959303573,0.54,1.0,0.0,-0.003382061959303573,1.0459544699858683,-0.044684775030978674,0.0,0.0,-0.0,0.9900568276572402,-0.014570677120134157,0.0,0.0,-0.0,1.0004921054150717,-9.999999999987796e-05,1.0,0.0,-0.003382061959303573,1.0355583237664028,-0.044194765909767786
2018-05-03,4,0.5160429339547705,1,1,0.003201024774800665,0.54,1.0,0.0,0.003201024774800665,1.0493025961576066,-0.04162678732810854,0.0,0.0,0.0,0.9900568276572402,-0.014570677120134157,0.0,0.0,0.0,1.0004921054150717,-9.999999999987796e-05,1.0,0.0,0.003201024774800665,1.03887317161653,-0.041135209675560835
2018-05-04,4,0.49859861002078243,0,0,-0.0028572229693840656,0.54,1.0,0.0,-0.0028572229693840656,1.0463045046780308,-0.044365073284597045,0.0,0.0,-0.0,0.9900568276572402,-0.014570677120134157,0.0,0.0,-0.0,1.0004921054150717,-9.999999999987796e-05,1.0,0.0,-0.0028572229693840656,1.0359048793283103,-0.043874900179009524
2018-05-07,4,0.5086865524413708,1,0,-0.0017781177837504767,0.54,1.0,0.0,-0.0017781177837504767,1.0444440520310445,-0.046064304742562845,0.0,0.0,-0.0,0.9900568276572402,-0.014570677120134157,0.0,0.0,-0.0,1.0004921054150717,-9.999999999987796e-05,1.0,0.0,-0.0017781177837504767,1.0340629184401027,-0.04557500322249153
2018-05-08,4,0.5071315230522596,1,0,-0.005518567539894659,0.54,1.0,0.0,-0.005518567539894659,1.0386802169882698,-0.05132866330555741,0.0,0.0,-0.0,0.9900568276572402,-0.014570677120134157,0.0,0.0,-0.0,1.0004921054150717,-9.999999999987796e-05,1.0,0.0,-0.005518567539894659,1.0283563723841904,-0.0508420620289719
2018-05-09,4,0.504342347225693,1,0,-0.0017415490223751109,0.54,1.0,0.0,-0.0017415490223751109,1.0368713044718136,-0.052980820944532825,0.0,0.0,-0.0,0.9900568276572402,-0.014570677120134157,0.0,0.0,-0.0,1.0004921054150717,-9.999999999987796e-05,1.0,0.0,-0.0017415490223751109,1.0265654393492116,-0.05249506710792484
2018-05-10,4,0.49849266545202764,0,1,0.005934897250166937,0.54,1.0,0.0,0.005934897250166937,1.0430250291255003,-0.04736035942290129,0.0,0.0,0.0,0.9900568276572402,-0.014570677120134157,0.0,0.0,0.0,1.0004921054150717,-9.999999999987796e-05,1.0,0.0,0.005934897250166937,1.0326579997523218,-0.04687172268718398
2018-05-11,4,0.4906126647132871,0,1,0.0029044280524377353,0.54,1.0,0.0,0.0029044280524377353,1.046054420279487,-0.044593486126945026,0.0,0.0,0.0,0.9900568276572402,-0.014570677120134157,0.0,0.0,0.0,1.0004921054150717,-9.999999999987796e-05,1.0,0.0,0.0029044280524377353,1.0356572806153765,-0.04410343018098506
2018-05-14,4,0.49923060589815477,0,0,-0.0017539073934901286,0.54,1.0,0.0,-0.0017539073934901286,1.0442197376977658,-0.04626918067541563,0.0,0.0,-0.0,0.9900568276572402,-0.014570677120134157,0.0,0.0,-0.0,1.0004921054150717,-9.999999999987796e-05,1.0,0.0,-0.0017539073934901286,1.0338408336537834,-0.04577998424220242
2018-05-15,4,0.4989957929772958,0,0,-0.009243950202825537,0.54,1.0,0.0,-0.009243950202825537,1.03456702244168,-0.05508542087615209,0.0,0.0,-0.0,0.9900568276572402,-0.014570677120134157,0.0,0.0,-0.0,1.0004921054150717,-9.999999999987796e-05,1.0,0.0,-0.009243950202825537,1.0242840604698402,-0.05460074655040692
2018-05-16,4,0.5063720300443384,1,0,-0.00033087668404485626,0.54,1.0,0.0,-0.00033087668404485626,1.0342247083358724,-0.05539807107879824,0.0,0.0,-0.0,0.9900568276572402,-0.014570677120134157,0.0,0.0,-0.0,1.0004921054150717,-9.999999999987796e-05,1.0,0.0,-0.00033087668404485626,1.023945148756392,-0.05491355712048673
2018-05-17,4,0.5027836762700821,1,0,-0.001840045194092532,0.54,1.0,0.0,-0.001840045194092532,1.0323216881316872,-0.05713618131844023,0.0,0.0,-0.0,0.9900568276572402,-0.014570677120134157,0.0,0.0,-0.0,1.0004921054150717,-9.999999999987796e-05,1.0,0.0,-0.001840045194092532,1.0220610434064084,-0.05665255888770926
2018-05-18,4,0.5049068326350623,1,0,-0.0024239582154234047,0.54,1.0,0.0,-0.0024239582154234047,1.0298193834947806,-0.05942164381775894,0.0,0.0,-0.0,0.9900568276572402,-0.014570677120134157,0.0,0.0,-0.0,1.0004921054150717,-9.999999999987796e-05,1.0,0.0,-0.0024239582154234047,1.0195836101435791,-0.05893919366759204
2018-05-21,4,0.5058839808844255,1,1,0.0021934890121912964,0.54,1.0,0.0,0.0021934890121912964,1.0320782809970181,-0.057358495528368136,0.0,0.0,0.0,0.9900568276572402,-0.014570677120134157,0.0,0.0,0.0,1.0004921054150717,-9.999999999987796e-05,1.0,0.0,0.0021934890121912964,1.0218200555894394,-0.056874987129098
2018-05-22,4,0.4997175003473868,0,0,-0.00033015821412107904,0.54,1.0,0.0,-0.00033015821412107904,1.0317375318749311,-0.057669716364040835,0.0,0.0,-0.0,0.9900568276572402,-0.014570677120134157,0.0,0.0,-0.0,1.0004921054150717,-9.999999999987796e-05,1.0,0.0,-0.00033015821412107904,1.021482693304733,-0.05718636759904039
2018-05-23,4,0.5025189307227609,1,0,-0.006651355991797336,0.54,1.0,0.0,-0.006651355991797336,1.0248750782603326,-0.06393749054235487,0.0,0.0,-0.0,0.9900568276572402,-0.014570677120134157,0.0,0.0,-0.0,1.0004921054150717,-9.999999999987796e-05,1.0,0.0,-0.006651355991797336,1.0146884482721032,-0.06345735670205876
2018-05-24,4,0.5033431515356783,1,1,0.001066761842848152,0.54,1.0,0.0,0.001066761842848152,1.0259683758875067,-0.06293893477474488,0.0,0.0,0.0,0.9900568276572402,-0.014570677120134157,0.0,0.0,0.0,1.0004921054150717,-9.999999999987796e-05,1.0,0.0,0.001066761842848152,1.0157708791910987,-0.062458288745988355
2018-05-25,4,0.49722570601181443,0,0,-0.002875428438939065,0.54,1.0,0.0,-0.002875428438939065,1.0230182772420275,-0.06563338681071618,0.0,0.0,-0.0,0.9900568276572402,-0.014570677120134157,0.0,0.0,-0.0,1.0004921054150717,-9.999999999987796e-05,1.0,0.0,-0.002875428438939065,1.0128501027176264,-0.06515412284521982
2018-05-28,4,0.5042230690603869,1,0,-0.005301880425141681,0.54,1.0,0.0,-0.005301880425141681,1.0175943566633558,-0.07058728686709037,0.0,0.0,-0.0,0.9900568276572402,-0.014570677120134157,0.0,0.0,-0.0,1.0004921054150717,-9.999999999987796e-05,1.0,0.0,-0.005301880425141681,1.0074800925844252,-0.07011056390183101
2018-05-29,4,0.5045999366876395,1,0,-0.007535216942765156,0.54,1.0,0.0,-0.007535216942765156,1.009926562426164,-0.07759061328991079,0.0,0.0,-0.0,0.9900568276572402,-0.014570677120134157,0.0,0.0,-0.0,1.0004921054150717,-9.999999999987796e-05,1.0,0.0,-0.007535216942765156,0.9998885115212844,-0.07711748253561623
2018-05-30,4,0.5140436309056283,1,1,0.011083886334456892,0.54,1.0,0.0,0.011083886334456892,1.0211204736502444,-0.06736673249378,0.0,0.0,0.0,0.9900568276572402,-0.014570677120134157,0.0,0.0,0.0,1.0004921054150717,-9.999999999987796e-05,1.0,0.0,0.011083886334456892,1.0109711621301156,-0.06688835761198364
2018-05-31,4,0.4929784366863341,0,1,0.0022216775197889667,0.54,1.0,0.0,0.0022216775197889667,1.0233890740515494,-0.0652947221291541,0.0,0.0,0.0,0.9900568276572402,-0.014570677120134157,0.0,0.0,0.0,1.0004921054150717,-9.999999999987796e-05,1.0,0.0,0.0022216775197889667,1.013217214034175,-0.06481528445263673
2018-06-01,4,0.47854263481030096,0,0,-0.00210032824127937,0.54,1.0,0.0,-0.00210032824127937,1.0212396210775023,-0.06725791002153902,0.0,0.0,-0.0,0.9900568276572402,-0.014570677120134157,0.0,0.0,-0.0,1.0004921054150717,-9.999999999987796e-05,1.0,0.0,-0.00210032824127937,1.0110891253049887,-0.06677947932151374
2018-06-04,4,0.49587291976916587,0,1,0.002737951201332356,0.54,1.0,0.0,0.002737951201332356,1.0240357253248797,-0.06470410769574919,0.0,0.0,0.0,0.9900568276572402,-0.014570677120134157,0.0,0.0,0.0,1.0004921054150717,-9.999999999987796e-05,1.0,0.0,0.002737951201332356,1.0138574379902716,-0.06422436707581403
2018-06-05,4,0.48326770014497733,0,1,0.0021927346739083475,0.54,1.0,0.0,0.0021927346739083475,1.0262811639671205,-0.06265325196232951,0.0,0.0,0.0,0.9900568276572402,-0.014570677120134157,0.0,0.0,0.0,1.0004921054150717,-9.999999999987796e-05,1.0,0.0,0.0021927346739083475,1.0160805583489527,-0.06217245939850269
2018-06-06,4,0.4837397656439694,0,1,0.005055982908024781,0.54,1.0,0.0,0.005055982908024781,1.031470023990966,-0.057914042825358614,0.0,0.0,0.0,0.9900568276572402,-0.014570677120134157,0.0,0.0,0.0,1.0004921054150717,-9.999999999987796e-05,1.0,0.0,0.005055982908024781,1.0212178442851414,-0.05743081938254646
2018-06-07,4,0.4692799502977053,0,1,0.0008256799721879649,0.54,1.0,0.0,0.0008256799721879649,1.0323216881316877,-0.057136181318439894,0.0,0.0,0.0,0.9900568276572402,-0.014570677120134157,0.0,0.0,0.0,1.0004921054150717,-9.999999999987796e-05,1.0,0.0,0.0008256799721879649,1.0220610434064086,-0.05665255888770904
2018-06-08,4,0.47735861076892705,0,0,-0.0009544638670138106,0.54,1.0,0.0,-0.0009544638670138106,1.0313363743812314,-0.05803611076488602,0.0,0.0,-0.0,0.9900568276572402,-0.014570677120134157,0.0,0.0,-0.0,1.0004921054150717,-9.999999999987796e-05,1.0,0.0,-0.0009544638670138106,1.0210855230705946,-0.05755294993429072
2018-06-11,4,0.48105239317071097,0,0,-0.0008360043524021643,0.54,1.0,0.0,-0.0008360043524021643,1.030474172683458,-0.05882359667609216,0.0,0.0,-0.0,0.9900568276572402,-0.014570677120134157,0.0,0.0,-0.0,1.0004921054150717,-9.999999999987796e-05,1.0,0.0,-0.0008360043524021643,1.0202318911291328,-0.05834083977005422
2018-06-12,5,0.48213963979612035,0,0,-0.0021968538153654964,0.52,1.0,0.0,-0.0021968538153654964,1.0282103715655628,-0.06089122364866617,0.0,0.0,-0.0,0.9900568276572402,-0.014570677120134157,0.0,0.0,-0.0,1.0004921054150717,-9.999999999987796e-05,1.0,0.0,-0.0021968538153654964,1.0179905908065483,-0.06040952728897919
2018-06-13,5,0.49349489679845826,0,1,0.0050654713259681294,0.52,1.0,0.0,0.0050654713259681294,1.0334187417197913,-0.05613419507009343,0.0,0.0,0.0,0.9900568276572402,-0.014570677120134157,0.0,0.0,0.0,1.0004921054150717,-9.999999999987796e-05,1.0,0.0,0.0050654713259681294,1.0231471929543843,-0.05565005869130868
2018-06-14,5,0.47930150593093684,0,0,-0.020426599495713016,0.52,1.0,0.0,-0.020426599495713016,1.0123095109713174,-0.07541416384509547,-1.0,1.0,0.020326599495713017,1.010181316271025,0.0,0.0,0.0,-0.0,1.0004921054150717,-9.999999999987796e-05,0.0,1.0,-0.0001,1.023044878235089,-0.055744493685439434
2018-06-15,5,0.5178351661887827,1,1,0.002539486751588216,0.52,1.0,0.0,0.002539486751588216,1.0148802575629359,-0.07306619036347395,0.0,1.0,-0.0001,1.010080298139398,-9.999999999987796e-05,0.0,0.0,0.0,1.0004921054150717,-9.999999999987796e-05,1.0,1.0,0.002439486751588216,1.0255405826618236,-0.053440994887670845
2018-06-18,5,0.5065819768851041,1,1,0.0030007027580272187,0.52,1.0,0.0,0.0030007027580272187,1.0179256115508724,-0.07028473752438891,0.0,0.0,0.0,1.010080298139398,-9.999999999987796e-05,0.0,0.0,0.0,1.0004921054150717,-9.999999999987796e-05,1.0,0.0,0.0030007027580272187,1.0286179251166858,-0.05060065267039471
2018-06-19,5,0.4977282956551138,0,0,-0.003627091755643352,0.52,1.0,0.0,-0.003627091755643352,1.014233501957358,-0.07365690008800996,0.0,0.0,-0.0,1.010080298139398,-9.999999999987796e-05,0.0,0.0,-0.0,1.0004921054150717,-9.999999999987796e-05,1.0,0.0,-0.003627091755643352,1.024887033520788,-0.05404421121590719
2018-06-20,5,0.5020322078556625,1,0,-0.0008221216561060675,0.52,1.0,0.0,-0.0008221216561060675,1.0133996786310506,-0.07441846681143194,0.0,0.0,-0.0,1.010080298139398,-9.999999999987796e-05,0.0,0.0,-0.0,1.0004921054150717,-9.999999999987796e-05,1.0,0.0,-0.0008221216561060675,1.0240444516954683,-0.05482190195558545
2018-06-21,5,0.5094954104610432,1,1,0.0023095382498676824,0.52,1.0,0.0,0.0023095382498676824,1.0157401639512527,-0.07228080085716182,0.0,0.0,0.0,1.010080298139398,-9.999999999987796e-05,0.0,0.0,0.0,1.0004921054150717,-9.999999999987796e-05,1.0,0.0,0.0023095382498676824,1.026409521526224,-0.05263897698521458
2018-06-22,5,0.49033652777795617,0,1,0.004792807450570757,0.52,1.0,0.0,0.004792807450570757,1.0206084109768823,-0.06783442136747242,0.0,0.0,0.0,1.010080298139398,-9.999999999987796e-05,0.0,0.0,0.0,1.0004921054150717,-9.999999999987796e-05,1.0,0.0,0.004792807450570757,1.0313289047283316,-0.048098458015728984
2018-06-25,5,0.4913028283265071,0,1,0.0035458973772095614,0.52,1.0,0.0,0.0035458973772095614,1.0242273836645233,-0.06452905788707419,0.0,0.0,0.0,1.010080298139398,-9.999999999987796e-05,0.0,0.0,0.0,1.0004921054150717,-9.999999999987796e-05,1.0,0.0,0.0035458973772095614,1.0349858911866483,-0.04472311283464514
2018-06-26,5,0.48962531679515725,0,0,-0.004485290687215593,0.52,1.0,0.0,-0.004485290687215593,1.0196334261189817,-0.06872491699189409,0.0,0.0,-0.0,1.010080298139398,-9.999999999987796e-05,0.0,0.0,-0.0,1.0004921054150717,-9.999999999987796e-05,1.0,0.0,-0.004485290687215593,1.0303436786075093,-0.049007807360360145
2018-06-27,5,0.5007985714071276,1,0,-0.007435424282503989,0.52,1.0,0.0,-0.007435424282503989,1.0120520189831639,-0.07564934235778342,0.0,0.0,-0.0,1.010080298139398,-9.999999999987796e-05,0.0,0.0,-0.0,1.0004921054150717,-9.999999999987796e-05,1.0,0.0,-0.007435424282503989,1.0226826362002666,-0.05607883780198464
2018-06-28,5,0.5021966942945769,1,0,-5.783338212916877e-05,0.52,1.0,0.0,-5.783338212916877e-05,1.0119934885920154,-0.07570280068258817,0.0,0.0,-0.0,1.010080298139398,-9.999999999987796e-05,0.0,0.0,-0.0,1.0004921054150717,-9.999999999987796e-05,1.0,0.0,-5.783338212916877e-05,1.0226234910045704,-0.056133427955257775
2018-06-29,5,0.5053634578486126,1,1,0.009996784442930728,0.52,1.0,0.0,0.009996784442930728,1.0221101693551193,-0.06646280081980738,0.0,0.0,0.0,1.010080298139398,-9.999999999987796e-05,0.0,0.0,0.0,1.0004921054150717,-9.999999999987796e-05,1.0,0.0,0.009996784442930728,1.0328464376104205,-0.046697797291638476
2018-07-02,5,0.49649131238455546,0,0,-0.0031200349914282106,0.52,1.0,0.0,-0.0031200349914282106,1.0189211498616368,-0.06937546954704943,0.0,0.0,-0.0,1.010080298139398,-9.999999999987796e-05,0.0,0.0,-0.0,1.0004921054150717,-9.999999999987796e-05,1.0,0.0,-0.0031200349914282106,1.029623920584304,-0.04967213352149402
2018-07-03,5,0.5015279685544346,1,1,0.0014690584867949055,0.52,1.0,0.0,0.0014690584867949055,1.020418004624216,-0.06800832768256793,0.0,0.0,0.0,1.010080298139398,-9.999999999987796e-05,0.0,0.0,0.0,1.0004921054150717,-9.999999999987796e-05,1.0,0.0,0.0014690584867949055,1.0311364983430455,-0.04827604630400606
2018-07-04,5,0.4946702355879765,0,1,0.00026818763032343535,0.52,1.0,0.0,0.00026818763032343535,1.0206916681108156,-0.0677583790444879,0.0,0.0,0.0,1.010080298139398,-9.999999999987796e-05,0.0,0.0,0.0,1.0004921054150717,-9.999999999987796e-05,1.0,0.0,0.00026818763032343535,1.0314130363970762,-0.04802080571214229
2018-07-05,5,0.4920809838876531,0,1,0.002877209846501527,0.52,1.0,0.0,0.002877209846501527,1.0236284122285462,-0.06507612427335607,0.0,0.0,0.0,1.010080298139398,-9.999999999987796e-05,0.0,0.0,0.0,1.0004921054150717,-9.999999999987796e-05,1.0,0.0,0.002877209846501527,1.0343806281412078,-0.04528176180067278
2018-07-06,5,0.46591369875897004,0,1,0.004818454594461397,0.52,1.0,0.0,0.004818454594461397,1.0285607192544701,-0.06057123602888925,-1.0,1.0,-0.004918454594461397,1.0051122640562393,-0.005017962749001792,0.0,0.0,0.0,1.0004921054150717,-9.999999999987796e-05,0.0,1.0,-0.0001,1.0342771900783936,-0.04537723362449275
2018-07-09,5,0.48089957461639543,0,1,0.00039975606866438085,0.52,1.0,0.0,0.00039975606866438085,1.028971892643982,-0.06019569367941391,0.0,1.0,-0.0001,1.0050117528298337,-0.0051174609527269155,0.0,0.0,0.0,1.0004921054150717,-9.999999999987796e-05,1.0,1.0,0.00029975606866438086,1.0345872209428006,-0.045091079656986555
2018-07-10,5,0.4787412292256036,0,0,-0.0025447016071965534,0.52,1.0,0.0,-0.0025447016071965534,1.0263534662150107,-0.06258721520815813,-1.0,1.0,0.0024447016071965535,1.007468706677228,-0.0026852700105463034,0.0,0.0,-0.0,1.0004921054150717,-9.999999999987796e-05,0.0,1.0,-0.0001,1.0344837622207064,-0.045186570549020866
2018-07-11,5,0.49582784370051003,0,0,-0.0042855011041584845,0.52,1.0,0.0,-0.0042855011041584845,1.0219550273022893,-0.06660449873243601,0.0,1.0,-0.0001,1.0073679598065604,-0.002785001483545324,0.0,0.0,-0.0,1.0004921054150717,-9.999999999987796e-05,1.0,1.0,-0.004385501104158485,1.0299470325392535,-0.0493739058981435
2018-07-12,5,0.49008151225746066,0,0,-0.0009332123761051081,0.52,1.0,0.0,-0.0009332123761051081,1.021001326222988,-0.06747555496601965,0.0,0.0,-0.0,1.0073679598065604,-0.002785001483545324,0.0,0.0,-0.0,1.0004921054150717,-9.999999999987796e-05,1.0,0.0,-0.0009332123761051081,1.0289858732217552,-0.05026104193420777
2018-07-13,5,0.4939380178630397,0,1,0.001132836238333823,0.52,1.0,0.0,0.001132836238333823,1.0221579535247203,-0.06641915748155303,0.0,0.0,0.0,1.0073679598065604,-0.002785001483545324,0.0,0.0,0.0,1.0004921054150717,-9.999999999987796e-05,1.0,0.0,0.001132836238333823,1.0301515457076744,-0.04918514322555334
2018-07-16,5,0.4929045031907955,0,1,0.002599533353754291,0.52,1.0,0.0,0.002599533353754291,1.024815087217713,-0.06399228294300019,0.0,0.0,0.0,1.0073679598065604,-0.002785001483545324,0.0,0.0,0.0,1.0004921054150717,-9.999999999987796e-05,1.0,0.0,0.002599533353754291,1.032829459010163,-0.046713468292123084
2018-07-17,5,0.49026968287707107,0,0,-0.004801065622979439,0.52,1.0,0.0,-0.004801065622979439,1.0198948827325613,-0.06848611741620614,0.0,0.0,-0.0,1.0073679598065604,-0.002785001483545324,0.0,0.0,-0.0,1.0004921054150717,-9.999999999987796e-05,1.0,0.0,-0.004801065622979439,1.0278707770001088,-0.051290259488355194
2018-07-18,5,0.5009201363098177,1,0,-0.0006522460547092601,0.52,1.0,0.0,-0.0006522460547092601,1.019229660319081,-0.06909369367102824,0.0,0.0,-0.0,1.0073679598065604,-0.002785001483545324,0.0,0.0,-0.0,1.0004921054150717,-9.999999999987796e-05,1.0,0.0,-0.0006522460547092601,1.0272003523410596,-0.051909051673668105
2018-07-19,5,0.4963233132661049,0,1,0.0008158396966100324,0.52,1.0,0.0,0.0008158396966100324,1.0200611883359316,-0.0683342233525005,0.0,0.0,0.0,1.0073679598065604,-0.002785001483545324,0.0,0.0,0.0,1.0004921054150717,-9.999999999987796e-05,1.0,0.0,0.0008158396966100324,1.0280383831648712,-0.0511355614420268
2018-07-20,5,0.49389038900295806,0,1,0.007444375325635245,0.52,1.0,0.0,0.007444375325635245,1.0276549066770178,-0.061398553633087105,0.0,0.0,0.0,1.0073679598065604,-0.002785001483545324,0.0,0.0,0.0,1.0004921054150717,-9.999999999987796e-05,1.0,0.0,0.007444375325635245,1.0356914867383098,-0.04407185842825301
2018-07-23,5,0.4859369521322015,0,0,-0.004069511859595587,0.52,1.0,0.0,-0.004069511859595587,1.023472852846724,-0.06521820335051076,0.0,0.0,-0.0,1.0073679598065604,-0.002785001483545324,0.0,0.0,-0.0,1.0004921054150717,-9.999999999987796e-05,1.0,0.0,-0.004069511859595587,1.031476727950146,-0.04796201933730049
2018-07-24,5,0.4997278164086834,0,0,-0.0007362066255334199,0.52,1.0,0.0,-0.0007362066255334199,1.0227193653514046,-0.06590639590263225,0.0,0.0,-0.0,1.0073679598065604,-0.002785001483545324,0.0,0.0,-0.0,1.0004921054150717,-9.999999999987796e-05,1.0,0.0,-0.0007362066255334199,1.0307173479489455,-0.048662916006423806
2018-07-25,5,0.4982563722600554,0,1,0.004448548149435849,0.52,1.0,0.0,0.004448548149435849,1.0272689816915308,-0.06175103552872507,0.0,0.0,0.0,1.0073679598065604,-0.002785001483545324,0.0,0.0,0.0,1.0004921054150717,-9.999999999987796e-05,1.0,0.0,0.004448548149435849,1.0353025436997552,-0.044430847181934574
2018-07-26,5,0.48740398050474987,0,0,-0.008056971819692449,0.52,1.0,0.0,-0.008056971819692449,1.018992304454798,-0.06931048099532577,0.0,0.0,-0.0,1.0073679598065604,-0.002785001483545324,0.0,0.0,-0.0,1.0004921054150717,-9.999999999987796e-05,1.0,0.0,-0.008056971819692449,1.0269611402803103,-0.05212984091795725
2018-07-27,5,0.5015234755093243,1,1,0.001504279651034057,0.52,1.0,0.0,0.001504279651034057,1.0205251538429496,-0.06791046369045628,0.0,0.0,0.0,1.0073679598065604,-0.002785001483545324,0.0,0.0,0.0,1.0004921054150717,-9.999999999987796e-05,1.0,0.0,0.001504279651034057,1.0285059770260367,-0.05070397912582758
2018-07-30,5,0.4938872262976861,0,1,0.004027299309011356,0.52,1.0,0.0,0.004027299309011356,1.02463511408985,-0.06415666014494026,0.0,0.0,0.0,1.0073679598065604,-0.002785001483545324,0.0,0.0,0.0,1.0004921054150717,-9.999999999987796e-05,1.0,0.0,0.004027299309011356,1.0326480784366276,-0.04688087991691392
2018-07-31,5,0.5059343748092675,1,0,-0.0015196184947060545,0.52,1.0,0.0,-0.0015196184947060545,1.0230780596201539,-0.06557878499233138,0.0,0.0,-0.0,1.0073679598065604,-0.002785001483545324,0.0,0.0,-0.0,1.0004921054150717,-9.999999999987796e-05,1.0,0.0,-0.0015196184947060545,1.0310788473181127,-0.04832925735945004
2018-08-01,5,0.49765579298946344,0,0,-0.0020298875316873133,0.52,1.0,0.0,-0.0020298875316873133,1.021001326222988,-0.06747555496601965,0.0,0.0,-0.0,1.0073679598065604,-0.002785001483545324,0.0,0.0,-0.0,1.0004921054150717,-9.999999999987796e-05,1.0,0.0,-0.0020298875316873133,1.0289858732217552,-0.05026104193420777
2018-08-02,5,0.4951825234420271,0,0,-0.0068473952277203765,0.52,1.0,0.0,-0.0068473952277203765,1.0140101266143124,-0.07386091840067799,0.0,0.0,-0.0,1.0073679598065604,-0.002785001483545324,0.0,0.0,-0.0,1.0004921054150717,-9.999999999987796e-05,1.0,0.0,-0.0068473952277203765,1.0219400002640648,-0.05676427994324762
2018-08-03,5,0.5056319043045983,1,0,-0.0020464967350711794,0.52,1.0,0.0,-0.0020464967350711794,1.0119349582008672,-0.0757562590073928,0.0,0.0,-0.0,1.0073679598065604,-0.002785001483545324,0.0,0.0,-0.0,1.0004921054150717,-9.999999999987796e-05,1.0,0.0,-0.0020464967350711794,1.0198486033900858,-0.0586946087647463
2018-08-06,5,0.5018139603372884,1,0,-0.00036982591684764365,0.52,1.0,0.0,-0.00036982591684764365,1.0115607184271604,-0.07609806829629595,0.0,0.0,-0.0,1.0073679598065604,-0.002785001483545324,0.0,0.0,-0.0,1.0004921054150717,-9.999999999987796e-05,1.0,0.0,-0.00036982591684764365,1.0194714369452913,-0.05904272789409337
2018-08-07,5,0.5014512360532586,1,1,0.003886929403126516,0.52,1.0,0.0,0.003886929403126516,1.0154925835266628,-0.07250692671235137,0.0,0.0,0.0,1.0073679598065604,-0.002785001483545324,0.0,0.0,0.0,1.0004921054150717,-9.999999999987796e-05,1.0,0.0,0.003886929403126516,1.0234340504492017,-0.05538529340605913
2018-08-08,5,0.4954191309892396,0,1,0.0006734641857293333,0.52,1.0,0.0,0.0006734641857293333,1.0161764814125418,-0.0718822933449802,0.0,0.0,0.0,1.0073679598065604,-0.002785001483545324,0.0,0.0,0.0,1.0004921054150717,-9.999999999987796e-05,1.0,0.0,0.0006734641857293333,1.024123296628635,-0.05474912923185493
2018-08-09,5,0.4967047817189765,0,0,-0.00747899446108402,0.52,1.0,0.0,-0.00747899446108402,1.0085765031365737,-0.07882368053228694,0.0,0.0,-0.0,1.0073679598065604,-0.002785001483545324,0.0,0.0,-0.0,1.0004921054150717,-9.999999999987796e-05,1.0,0.0,-0.00747899446108402,1.0164638841656823,-0.06181865525866481
2018-08-10,5,0.5019650901080875,1,0,-0.011212409102833498,0.52,1.0,0.0,-0.011212409102833498,0.9972679307719011,-0.08915228628200145,0.0,0.0,-0.0,1.0073679598065604,-0.002785001483545324,0.0,0.0,-0.0,1.0004921054150717,-9.999999999987796e-05,1.0,0.0,-0.011212409102833498,1.0050668752581615,-0.07233792830855112
2018-08-13,5,0.5016710306684591,1,1,0.0006842021899073902,0.52,1.0,0.0,0.0006842021899073902,0.9979502636740597,-0.08852908228160339,0.0,0.0,0.0,1.0073679598065604,-0.002785001483545324,0.0,0.0,0.0,1.0004921054150717,-9.999999999987796e-05,1.0,0.0,0.0006842021899073902,1.0057545442152165,-0.07170321988760586
2018-08-14,5,0.49576502125224503,0,0,-0.00498080630055997,0.52,1.0,0.0,-0.00498080630055997,0.9929796667131064,-0.09306894237135244,0.0,0.0,-0.0,1.0073679598065604,-0.002785001483545324,0.0,0.0,-0.0,1.0004921054150717,-9.999999999987796e-05,1.0,0.0,-0.00498080630055997,1.0007450756445726,-0.07632688633877915
2018-08-15,5,0.5118046635091063,1,0,-0.0001248230097979919,0.52,1.0,0.0,-0.0001248230097979919,0.9928557200024392,-0.09318214823564486,0.0,0.0,-0.0,1.0073679598065604,-0.002785001483545324,0.0,0.0,-0.0,1.0004921054150717,-9.999999999987796e-05,1.0,0.0,-0.0001248230097979919,1.0006201596321902,-0.07644218199689579
2018-08-16,5,0.5102648050117663,1,1,0.002388010955532316,0.52,1.0,0.0,0.002388010955532316,0.9952266703390679,-0.09101665727095931,0.0,0.0,0.0,1.0073679598065604,-0.002785001483545324,0.0,0.0,0.0,1.0004921054150717,-9.999999999987796e-05,1.0,0.0,0.002388010955532316,1.0030096515357183,-0.07423671580943692
2018-08-17,5,0.4939688255740616,0,1,0.005833203078767114,0.52,1.0,0.0,0.005833203078767114,1.001032029616561,-0.08571437283760419,0.0,0.0,0.0,1.0073679598065604,-0.002785001483545324,0.0,0.0,0.0,1.0004921054150717,-9.999999999987796e-05,1.0,0.0,0.005833203078767114,1.0088604105230896,-0.06883655056988691
2018-08-20,5,0.4887640211776009,0,1,0.004688443233400008,0.52,1.0,0.0,0.004688443233400008,1.0057253114622333,-0.08142779657553978,0.0,0.0,0.0,1.0073679598065604,-0.002785001483545324,0.0,0.0,0.0,1.0004921054150717,-9.999999999987796e-05,1.0,0.0,0.004688443233400008,1.0135903952882517,-0.06447084359621691
2018-08-21,5,0.48583793699237526,0,1,0.0074323314978568256,0.52,1.0,0.0,0.0074323314978568256,1.013200195372806,-0.0746006634549724,0.0,0.0,0.0,1.0073679598065604,-0.002785001483545324,0.0,0.0,0.0,1.0004921054150717,-9.999999999987796e-05,1.0,0.0,0.0074323314978568256,1.0211237351090776,-0.057517680779913816
2018-08-22,5,0.4782954232091962,0,1,0.0006950676455279581,0.52,1.0,0.0,0.0006950676455279581,1.0139044380470523,-0.07395744831694684,-1.0,1.0,-0.0007950676455279581,1.0065670341345767,-0.0035778548645009067,0.0,0.0,0.0,1.0004921054150717,-9.999999999987796e-05,0.0,1.0,-0.0001,1.0210216227355666,-0.05761192901183587
2018-08-23,5,0.4816197247744902,0,0,-0.0035783983078884196,0.52,1.0,0.0,-0.0035783983078884196,1.0102762841215842,-0.07727119741692212,0.0,1.0,-0.0001,1.0064663774311633,-0.0036774970790144357,0.0,0.0,-0.0,1.0004921054150717,-9.999999999987796e-05,1.0,1.0,-0.0036783983078884194,1.0172658985261787,-0.06107840769753292
2018-08-24,5,0.48740178208615914,0,1,0.009144337754020793,0.52,1.0,0.0,0.009144337754020793,1.0195145916884691,-0.06883345359073922,0.0,0.0,0.0,1.0064663774311633,-0.0036774970790144357,0.0,0.0,0.0,1.0004921054150717,-9.999999999987796e-05,1.0,0.0,0.009144337754020793,1.0265681214879494,-0.05249259153297625
2018-08-27,5,0.4774553463418052,0,1,0.0029793875380470514,0.52,1.0,0.0,0.0029793875380470514,1.022552120757803,-0.0660591475865211,-1.0,1.0,-0.003079387538047051,1.0033670774110384,-0.006745560178385235,0.0,0.0,0.0,1.0004921054150717,-9.999999999987796e-05,0.0,1.0,-0.0001,1.0264654646758007,-0.05258734227382289
2018-08-28,5,0.4732152130783051,0,1,0.0006546323554694756,0.52,1.0,0.0,0.0006546323554694756,1.023221516461205,-0.06544775968643635,-1.0,0.0,-0.0006546323554694756,1.0027102408577522,-0.007395776671906162,0.0,0.0,0.0,1.0004921054150717,-9.999999999987796e-05,0.0,0.0,0.0,1.0264654646758007,-0.05258734227382289
2018-08-29,5,0.47486138529378985,0,1,0.0015808572704292256,0.52,1.0,0.0,0.0015808572704292256,1.0248390836347623,-0.06397036598274086,-1.0,0.0,-0.0015808572704292256,1.0011250990833584,-0.0089649422750131,0.0,0.0,0.0,1.0004921054150717,-9.999999999987796e-05,0.0,0.0,0.0,1.0264654646758007,-0.05258734227382289
2018-08-30,5,0.47821372059369005,0,0,-0.003849395505841957,0.52,1.0,0.0,-0.003849395505841957,1.0208940726720075,-0.06757351424926172,-1.0,0.0,0.003849395505841957,1.0049788255405556,-0.005150056377674628,0.0,0.0,-0.0,1.0004921054150717,-9.999999999987796e-05,0.0,0.0,-0.0,1.0264654646758007,-0.05258734227382289
2018-08-31,5,0.49569166246141577,0,0,-0.005452411025046566,0.52,1.0,0.0,-0.005452411025046566,1.0153277385747659,-0.07265748670021455,0.0,1.0,-0.0001,1.0048783276580016,-0.0052495413720368145,0.0,0.0,-0.0,1.0004921054150717,-9.999999999987796e-05,1.0,1.0,-0.0055524110250465665,1.0207661065129052,-0.05784776675985037
2018-09-03,5,0.49787002849242135,0,1,0.0012428484833599818,0.52,1.0,0.0,0.0012428484833599818,1.016589637114767,-0.07150494046400457,0.0,0.0,0.0,1.0048783276580016,-0.0052495413720368145,0.0,0.0,0.0,1.0004921054150717,-9.999999999987796e-05,1.0,0.0,0.0012428484833599818,1.02203476412025,-0.056676814285673616
2018-09-04,6,0.4794388124053585,0,0,-0.002491129718552476,0.52,1.0,0.0,-0.002491129718552476,1.014057180458178,-0.07381794210034376,-1.0,1.0,0.0023911297185524763,1.0072811220907938,-0.0028709639878679027,0.0,0.0,-0.0,1.0004921054150717,-9.999999999987796e-05,0.0,1.0,-0.0001,1.021932560643838,-0.05677114660424498
2018-09-05,6,0.4916534803013352,0,1,0.004200319378601769,0.52,1.0,0.0,0.004200319378601769,1.0183165444842668,-0.06992768165443453,0.0,1.0,-0.0001,1.0071803939785848,-0.002970676891469015,0.0,0.0,0.0,1.0004921054150717,-9.999999999987796e-05,1.0,1.0,0.004100319378601769,1.0261228105258702,-0.05290360705821007
2018-09-06,6,0.4923366044124545,0,0,-0.001301493679922938,0.52,1.0,0.0,-0.001301493679922938,1.0169912119374596,-0.07113816489863256,0.0,0.0,-0.0,1.0071803939785848,-0.002970676891469015,0.0,0.0,-0.0,1.0004921054150717,-9.999999999987796e-05,1.0,0.0,-0.001301493679922938,1.024787318173146,-0.05413624702790165
2018-09-07,6,0.4922963250153917,0,0,-0.005075289652726522,0.52,1.0,0.0,-0.005075289652726522,1.0118296869625996,-0.07585240775913504,0.0,0.0,-0.0,1.0071803939785848,-0.002970676891469015,0.0,0.0,-0.0,1.0004921054150717,-9.999999999987796e-05,1.0,0.0,-0.005075289652726522,1.0195862257009765,-0.058936779546249984
2018-09-10,6,0.5010931084020579,1,1,0.0030149052154178073,0.52,1.0,0.0,0.0030149052154178073,1.0148802575629376,-0.07306619036347228,0.0,0.0,0.0,1.0071803939785848,-0.002970676891469015,0.0,0.0,0.0,1.0004921054150717,-9.999999999987796e-05,1.0,0.0,0.0030149052154178073,1.0226601815304104,-0.05609956313486619
2018-09-11,6,0.4984206156059763,0,1,1.1616684766790897e-05,0.52,1.0,0.0,1.1616684766790897e-05,1.0148920471069658,-0.07305542246560603,0.0,0.0,0.0,1.0071803939785848,-0.002970676891469015,0.0,0.0,0.0,1.0004921054150717,-9.999999999987796e-05,1.0,0.0,1.1616684766790897e-05,1.0226720614513627,-0.05608859814103995
2018-09-12,6,0.5016320428523572,1,1,0.0028608580970590487,0.52,1.0,0.0,0.0028608580970590487,1.0177955092375726,-0.0704035655654418,0.0,0.0,0.0,1.0071803939785848,-0.002970676891469015,0.0,0.0,0.0,1.0004921054150717,-9.999999999987796e-05,1.0,0.0,0.0028608580970590487,1.0255977810990018,-0.05338820156412549
2018-09-13,6,0.48587543834488045,0,1,0.005378188128950967,0.52,1.0,0.0,0.005378188128950967,1.0232694049630537,-0.06540402105705068,0.0,0.0,0.0,1.0071803939785848,-0.002970676891469015,0.0,0.0,0.0,1.0004921054150717,-9.999999999987796e-05,1.0,0.0,0.005378188128950967,1.031113638910387,-0.04829714522705264
2018-09-14,6,0.4811448456358758,0,0,-0.005372562806159498,0.52,1.0,0.0,-0.005372562806159498,1.0177718258172683,-0.07042519665230573,0.0,0.0,-0.0,1.0071803939785848,-0.002970676891469015,0.0,0.0,-0.0,1.0004921054150717,-9.999999999987796e-05,1.0,0.0,-0.005372562806159498,1.0255739161250532,-0.05341022858712163
2018-09-17,6,0.4994662511778807,0,1,0.0034540896185308863,0.52,1.0,0.0,0.0034540896185308863,1.021287300914857,-0.06721436197441455,0.0,0.0,0.0,1.0071803939785848,-0.002970676891469015,0.0,0.0,0.0,1.0004921054150717,-9.999999999987796e-05,1.0,0.0,0.0034540896185308863,1.029116340341777,-0.05014062268467678
2018-09-18,6,0.48829234010645095,0,1,0.0009226873411831704,0.52,1.0,0.0,0.0009226873411831704,1.0222296297791225,-0.06635369247417078,0.0,0.0,0.0,1.0071803939785848,-0.002970676891469015,0.0,0.0,0.0,1.0004921054150717,-9.999999999987796e-05,1.0,0.0,0.0009226873411831704,1.030065892961615,-0.049264199461323765
2018-09-19,6,0.48484536662490973,0,0,-0.0004553048991460252,0.52,1.0,0.0,-0.0004553048991460252,1.0217642036206318,-0.0667787862120568,0.0,0.0,-0.0,1.0071803939785848,-0.002970676891469015,0.0,0.0,-0.0,1.0004921054150717,-9.999999999987796e-05,1.0,0.0,-0.0004553048991460252,1.0295968989141064,-0.049697074129102514
2018-09-20,6,0.4928218746013786,0,1,0.008678831564500333,0.52,1.0,0.0,0.008678831564500333,1.0306319230424912,-0.05867951648517267,0.0,0.0,0.0,1.0071803939785848,-0.002970676891469015,0.0,0.0,0.0,1.0004921054150717,-9.999999999987796e-05,1.0,0.0,0.008678831564500333,1.038532596979114,-0.041449555100217084
2018-09-21,6,0.47784077982455214,0,0,-0.002115127565657682,0.52,1.0,0.0,-0.002115127565657682,1.0284520050520172,-0.06067052938797313,-1.0,1.0,0.002015127565657682,1.009209990954081,-0.0009615356187040458,0.0,0.0,-0.0,1.0004921054150717,-9.999999999987796e-05,0.0,1.0,-0.0001,1.038428743719416,-0.04154541014470714
2018-09-24,6,0.4827705092105824,0,1,0.0001645452636427347,0.52,1.0,0.0,0.0001645452636427347,1.0286212319583323,-0.060515967172583895,0.0,1.0,-0.0001,1.0091090699549856,-0.0010614394651421444,0.0,0.0,0.0,1.0004921054150717,-9.999999999987796e-05,1.0,1.0,6.454526364273469e-05,1.0384957693764536,-0.04148354644051522
2018-09-25,6,0.48954819463302895,0,1,0.0008704655560571872,0.52,1.0,0.0,0.0008704655560571872,1.0295166113109813,-0.059698178681541814,0.0,0.0,0.0,1.0091090699549856,-0.0010614394651421444,0.0,0.0,0.0,1.0004921054150717,-9.999999999987796e-05,1.0,0.0,0.0008704655560571872,1.039399744173807,-0.04064919088277763
2018-09-26,6,0.4856020216243982,0,0,-0.0012453796102303016,0.52,1.0,0.0,-0.0012453796102303016,1.028234472314861,-0.0608692113972743,0.0,0.0,-0.0,1.0091090699549856,-0.0010614394651421444,0.0,0.0,-0.0,1.0004921054150717,-9.999999999987796e-05,1.0,0.0,-0.0012453796102303016,1.0381052969255344,-0.04184394681950998
2018-09-27,6,0.4842651316513617,0,0,-0.009461223483405279,0.52,1.0,0.0,-0.009461223483405279,1.0185061161789488,-0.06975453766839146,0.0,0.0,-0.0,1.0091090699549856,-0.0010614394651421444,0.0,0.0,-0.0,1.0004921054150717,-9.999999999987796e-05,1.0,0.0,-0.009461223483405279,1.0282835507120152,-0.05090927537062817
2018-09-28,6,0.5010221866725676,1,0,-0.002750421244683943,0.52,1.0,0.0,-0.002750421244683943,1.0157047953191698,-0.07231310455075901,0.0,0.0,-0.0,1.0091090699549856,-0.0010614394651421444,0.0,0.0,-0.0,1.0004921054150717,-9.999999999987796e-05,1.0,0.0,-0.002750421244683943,1.0254553377885778,-0.05351967466278129
2018-10-01,6,0.5084949799529046,1,0,-0.0023966412508881207,0.52,1.0,0.0,-0.0023966412508881207,1.013270515307983,-0.07453643723230097,0.0,0.0,-0.0,1.0091090699549856,-0.0010614394651421444,0.0,0.0,-0.0,1.0004921054150717,-9.999999999987796e-05,1.0,0.0,-0.0023966412508881207,1.0229976892250903,-0.055788048453638495
2018-10-02,6,0.5139917952242382,1,0,-0.0022294163309379833,0.52,1.0,0.0,-0.0022294163309379833,1.0110115134734976,-0.0765996808128232,0.0,0.0,-0.0,1.0091090699549856,-0.0010614394651421444,0.0,0.0,-0.0,1.0004921054150717,-9.999999999987796e-05,1.0,0.0,-0.0022294163309379833,1.02071700147022,-0.0578930899982828
2018-10-03,6,0.5119799827990502,1,0,-0.006530030472718718,0.52,1.0,0.0,-0.006530030472718718,1.0044095774822461,-0.0826295130356337,0.0,0.0,-0.0,1.0091090699549856,-0.0010614394651421444,0.0,0.0,-0.0,1.0004921054150717,-9.999999999987796e-05,1.0,0.0,-0.006530030472718718,1.0140516883465975,-0.06404507682915273
2018-10-04,6,0.5161739674808505,1,1,0.0036397522018474233,0.52,1.0,0.0,0.0036397522018474233,1.0080653794534438,-0.07929051178579538,0.0,0.0,0.0,1.0091090699549856,-0.0010614394651421444,0.0,0.0,0.0,1.0004921054150717,-9.999999999987796e-05,1.0,0.0,0.0036397522018474233,1.017742585212044,-0.060638432836711775
2018-10-05,6,0.5034321729874718,1,1,0.00039173804285597136,0.52,1.0,0.0,0.00039173804285597136,1.0084602770122617,-0.07892983485284344,0.0,0.0,0.0,1.0091090699549856,-0.0010614394651421444,0.0,0.0,0.0,1.0004921054150717,-9.999999999987796e-05,1.0,0.0,0.00039173804285597136,1.0181412737005062,-0.06027044917485713
2018-10-08,6,0.5029770252190112,1,0,-0.002471276723194915,0.52,1.0,0.0,-0.002471276723194915,1.0059680926034147,-0.08120605411240078,0.0,0.0,-0.0,1.0091090699549856,-0.0010614394651421444,0.0,0.0,-0.0,1.0004921054150717,-9.999999999987796e-05,1.0,0.0,-0.002471276723194915,1.0156251648698862,-0.06259278093990961
2018-10-09,6,0.5037621771497525,1,1,0.0011161622934408035,0.52,1.0,0.0,0.0011161622934408035,1.0070909162567832,-0.08018053095455946,0.0,0.0,0.0,1.0091090699549856,-0.0010614394651421444,0.0,0.0,0.0,1.0004921054150717,-9.999999999987796e-05,1.0,0.0,0.0011161622934408035,1.0167587673831835,-0.06154648234839566
2018-10-10,6,0.5030550727819012,1,1,0.0022952058428242768,0.52,1.0,0.0,0.0022952058428242768,1.009402397212031,-0.07806935593486286,0.0,0.0,0.0,1.0091090699549856,-0.0010614394651421444,0.0,0.0,0.0,1.0004921054150717,-9.999999999987796e-05,1.0,0.0,0.0022952058428242768,1.0190924380468243,-0.05939253835146263
2018-10-11,6,0.48709142877549505,0,1,0.004949103265734278,0.52,1.0,0.0,0.004949103265734278,1.014398033912513,-0.07350662597353963,0.0,0.0,0.0,1.0091090699549856,-0.0010614394651421444,0.0,0.0,0.0,1.0004921054150717,-9.999999999987796e-05,1.0,0.0,0.004949103265734278,1.024136031760047,-0.05473737489124375
2018-10-12,6,0.48745842571674153,0,0,-0.003373011342656995,0.52,1.0,0.0,-0.003373011342656995,1.010976457838157,-0.07663169863302743,0.0,0.0,-0.0,1.0091090699549856,-0.0010614394651421444,0.0,0.0,-0.0,1.0004921054150717,-9.999999999987796e-05,1.0,0.0,-0.003373011342656995,1.0206816093084967,-0.05792575644752518
2018-10-15,6,0.4938233575916589,0,1,0.0027799876800456143,0.52,1.0,0.0,0.0027799876800456143,1.0137869599357632,-0.07406474613108271,0.0,0.0,0.0,1.0091090699549856,-0.0010614394651421444,0.0,0.0,0.0,1.0004921054150717,-9.999999999987796e-05,1.0,0.0,0.0027799876800456143,1.0235190916076236,-0.05530680165676094
2018-10-16,6,0.48904578092452444,0,0,-0.0007060887366547863,0.52,1.0,0.0,-0.0007060887366547863,1.013071136381985,-0.07471853858471111,0.0,0.0,-0.0,1.0091090699549856,-0.0010614394651421444,0.0,0.0,-0.0,1.0004921054150717,-9.999999999987796e-05,1.0,0.0,-0.0007060887366547863,1.0227963963052882,-0.05597383888370555
2018-10-17,6,0.49398898412405534,0,0,-0.006428907457512013,0.52,1.0,0.0,-0.006428907457512013,1.0065581957983087,-0.08066708747230145,0.0,0.0,-0.0,1.0091090699549856,-0.0010614394651421444,0.0,0.0,-0.0,1.0004921054150717,-9.999999999987796e-05,1.0,0.0,-0.006428907457512013,1.0162209329255647,-0.06204289571099253
2018-10-18,6,0.5034270265781636,1,0,-0.003552688574170015,0.52,1.0,0.0,-0.003552688574170015,1.0029822079968589,-0.0839331910064971,0.0,0.0,-0.0,1.0091090699549856,-0.0010614394651421444,0.0,0.0,-0.0,1.0004921054150717,-9.999999999987796e-05,1.0,0.0,-0.003552688574170015,1.0126106164283277,-0.06537516519846165
2018-10-19,6,0.5020197019402832,1,1,0.004316082180734426,0.52,1.0,0.0,0.004316082180734426,1.0073111616323878,-0.079979371375838,0.0,0.0,0.0,1.0091090699549856,-0.0010614394651421444,0.0,0.0,0.0,1.0004921054150717,-9.999999999987796e-05,1.0,0.0,0.004316082180734426,1.0169811270659166,-0.06134124760330284
2018-10-22,6,0.5000034424126631,1,0,-0.0036122815085490867,0.52,1.0,0.0,-0.0036122815085490867,1.003672470149868,-0.0833027448801007,0.0,0.0,-0.0,1.0091090699549856,-0.0010614394651421444,0.0,0.0,-0.0,1.0004921054150717,-9.999999999987796e-05,1.0,0.0,-0.0036122815085490867,1.013307504946073,-0.06473194725742326
2018-10-23,6,0.5058759005081251,1,1,0.00045883747589914325,0.52,1.0,0.0,0.00045883747589914325,1.0041329926927012,-0.08288212982539778,0.0,0.0,0.0,1.0091090699549856,-0.0010614394651421444,0.0,0.0,0.0,1.0004921054150717,-9.999999999987796e-05,1.0,0.0,0.00045883747589914325,1.013772448403952,-0.06430281122481363
2018-10-24,6,0.5101012976807052,1,0,-0.006440624007078677,0.52,1.0,0.0,-0.006440624007078677,0.9976657496336648,-0.08878894119736513,0.0,0.0,-0.0,1.0091090699549856,-0.0010614394651421444,0.0,0.0,-0.0,1.0004921054150717,-9.999999999987796e-05,1.0,0.0,-0.006440624007078677,1.0072431212350466,-0.07032928500219526
2018-10-25,6,0.49912982096600517,0,0,-0.0018772501563677488,0.52,1.0,0.0,-0.0018772501563677488,0.9957928814491623,-0.09049951229998632,0.0,0.0,-0.0,1.0091090699549856,-0.0010614394651421444,0.0,0.0,-0.0,1.0004921054150717,-9.999999999987796e-05,1.0,0.0,-0.0018772501563677488,1.0053522739282077,-0.07207450949729544
2018-10-26,6,0.5046983324676255,1,1,0.0018350998067984126,0.52,1.0,0.0,0.0018350998067984126,0.997620260773521,-0.08883048813072503,0.0,0.0,0.0,1.0091090699549856,-0.0010614394651421444,0.0,0.0,0.0,1.0004921054150717,-9.999999999987796e-05,1.0,0.0,0.0018350998067984126,1.0071971956918577,-0.07037167360895058
2018-10-29,6,0.5012284041381909,1,0,-0.0019794069309048146,0.52,1.0,0.0,-0.0019794069309048146,0.9956455643149348,-0.09063406337774815,0.0,0.0,-0.0,1.0091090699549856,-0.0010614394651421444,0.0,0.0,-0.0,1.0004921054150717,-9.999999999987796e-05,1.0,0.0,-0.0019794069309048146,1.0052035425819175,-0.07221178636137437
2018-10-30,6,0.49839985701149836,0,0,-0.0026210758262471545,0.52,1.0,0.0,-0.0026210758262471545,0.9930359017947987,-0.09301758045144137,0.0,0.0,-0.0,1.0091090699549856,-0.0010614394651421444,0.0,0.0,-0.0,1.0004921054150717,-9.999999999987796e-05,1.0,0.0,-0.0026210758262471545,1.002568827875998,-0.07464358962001949
2018-10-31,6,0.5109970374013304,1,0,-0.0026140954810430768,0.52,1.0,0.0,-0.0026140954810430768,0.9904400111314035,-0.09538851909576873,0.0,0.0,-0.0,1.0091090699549856,-0.0010614394651421444,0.0,0.0,-0.0,1.0004921054150717,-9.999999999987796e-05,1.0,0.0,-0.0026140954810430768,0.9999480172336128,-0.07706255963074804
2018-11-01,6,0.4969669759559013,0,1,0.007651635381950683,0.52,1.0,0.0,0.007651635381950683,0.9980184969642761,-0.0884667618815631,0.0,0.0,0.0,1.0091090699549856,-0.0010614394651421444,0.0,0.0,0.0,1.0004921054150717,-9.999999999987796e-05,1.0,0.0,0.007651635381950683,1.0075992548623889,-0.07000057885669175
2018-11-02,6,0.4833488617674927,0,0,-0.0005014754689950385,0.52,1.0,0.0,-0.0005014754689950385,0.9975180151704452,-0.08892387343965313,0.0,0.0,-0.0,1.0091090699549856,-0.0010614394651421444,0.0,0.0,-0.0,1.0004921054150717,-9.999999999987796e-05,1.0,0.0,-0.0005014754689950385,1.0070939685534976,-0.07046695075257481
2018-11-05,6,0.503465056319005,1,1,0.0013466199838405577,0.52,1.0,0.0,0.0013466199838405577,0.9988612928639148,-0.08769700012082682,0.0,0.0,0.0,1.0091090699549856,-0.0010614394651421444,0.0,0.0,0.0,1.0004921054150717,-9.999999999987796e-05,1.0,0.0,0.0013466199838405577,1.0084501414171572,-0.0692152229728179
2018-11-06,6,0.502685292368108,1,1,0.002242044736443516,0.52,1.0,0.0,0.002242044736443516,1.0011007845680175,-0.08565157598190609,0.0,0.0,0.0,1.0091090699549856,-0.0010614394651421444,0.0,0.0,0.0,1.0004921054150717,-9.999999999987796e-05,1.0,0.0,0.002242044736443516,1.0107111317486872,-0.06712836186272231
2018-11-07,6,0.4896635582804471,0,0,-0.00038883559320357364,0.52,1.0,0.0,-0.00038883559320357364,1.0007115209505935,-0.08600710719375393,0.0,0.0,-0.0,1.0091090699549856,-0.0010614394651421444,0.0,0.0,-0.0,1.0004921054150717,-9.999999999987796e-05,1.0,0.0,-0.00038883559320357364,1.0103181312862162,-0.06749109555952026
2018-11-08,6,0.4844056636726428,0,0,-0.005741074675465474,0.52,1.0,0.0,-0.005741074675465474,0.9949663613802174,-0.09125440864419931,0.0,0.0,-0.0,1.0091090699549856,-0.0010614394651421444,0.0,0.0,-0.0,1.0004921054150717,-9.999999999987796e-05,1.0,0.0,-0.005741074675465474,1.0045178194485254,-0.07284469881544953
2018-11-09,6,0.4915094725550603,0,0,-0.0038164873174884044,0.52,1.0,0.0,-0.0038164873174884044,0.9911690848806822,-0.09472262466843229,0.0,0.0,-0.0,1.0091090699549856,-0.0010614394651421444,0.0,0.0,-0.0,1.0004921054150717,-9.999999999987796e-05,1.0,0.0,-0.0038164873174884044,1.000684089930409,-0.07638317526376237
2018-11-12,6,0.4967229587146032,0,0,-0.00808810665799875,0.52,1.0,0.0,-0.00808810665799875,0.9831524036060563,-0.10204460463518716,0.0,0.0,-0.0,1.0091090699549856,-0.0010614394651421444,0.0,0.0,-0.0,1.0004921054150717,-9.999999999987796e-05,1.0,0.0,-0.00808810665799875,0.9925904502800895,-0.08385348665335124
2018-11-13,6,0.5126421543670909,1,1,0.006922533588078261,0.52,1.0,0.0,0.006922533588078261,0.989958309142219,-0.09582847825017815,0.0,0.0,0.0,1.0091090699549856,-0.0010614394651421444,0.0,0.0,0.0,1.0004921054150717,-9.999999999987796e-05,1.0,0.0,0.006922533588078261,0.9994616910113592,-0.07751143164310825
2018-11-14,6,0.4979257219556047,0,1,5.6594723917280376e-05,0.52,1.0,0.0,5.6594723917280376e-05,0.9900143355594145,-0.09577730691253084,0.0,0.0,0.0,1.0091090699549856,-0.0010614394651421444,0.0,0.0,0.0,1.0004921054150717,-9.999999999987796e-05,1.0,0.0,5.6594723917280376e-05,0.9995182552698278,-0.07745922365726521
2018-11-15,6,0.5048609795999858,1,1,0.001155015031003126,0.52,1.0,0.0,0.001155015031003126,0.9911578169978942,-0.09473291611064072,0.0,0.0,0.0,1.0091090699549856,-0.0010614394651421444,0.0,0.0,0.0,1.0004921054150717,-9.999999999987796e-05,1.0,0.0,0.001155015031003126,1.0006727138784266,-0.07639367519387597
2018-11-16,6,0.5041425507074172,1,1,0.00786430419997286,0.52,1.0,0.0,0.00786430419997286,0.9989525835809466,-0.08761362038071252,0.0,0.0,0.0,1.0091090699549856,-0.0010614394651421444,0.0,0.0,0.0,1.0004921054150717,-9.999999999987796e-05,1.0,0.0,0.00786430419997286,1.008542308504979,-0.06913015409458168
2018-11-19,6,0.4880138805681414,0,1,0.0035968657063256693,0.52,1.0,0.0,0.0035968657063256693,1.0025456818710743,-0.08433188910094136,0.0,0.0,0.0,1.0091090699549856,-0.0010614394651421444,0.0,0.0,0.0,1.0004921054150717,-9.999999999987796e-05,1.0,0.0,0.0035968657063256693,1.012169899747819,-0.0657819402687918
2018-11-20,6,0.4809134856939729,0,0,-0.007210096528688648,0.52,1.0,0.0,-0.007210096528688648,0.9953172307303638,-0.09093394456876558,0.0,0.0,-0.0,1.0091090699549856,-0.0010614394651421444,0.0,0.0,-0.0,1.0004921054150717,-9.999999999987796e-05,1.0,0.0,-0.007210096528688648,1.004872057067204,-0.07251774265829813
2018-11-21,6,0.4996760798037898,0,1,0.0014007512253035868,0.52,1.0,0.0,0.0014007512253035868,0.9967114225608752,-0.08966056917773835,0.0,0.0,0.0,1.0091090699549856,-0.0010614394651421444,0.0,0.0,0.0,1.0004921054150717,-9.999999999987796e-05,1.0,0.0,0.0014007512253035868,1.0062796328324142,-0.07121857074987947
2018-11-22,6,0.4882500892455132,0,1,0.001299977264267449,0.52,1.0,0.0,0.001299977264267449,0.99800712474924,-0.08847714861490319,0.0,0.0,0.0,1.0091090699549856,-0.0010614394651421444,0.0,0.0,0.0,1.0004921054150717,-9.999999999987796e-05,1.0,0.0,0.001299977264267449,1.0075877734765917,-0.07001117600838058
2018-11-23,6,0.49004261535150084,0,0,-0.005770744798348049,0.52,1.0,0.0,-0.005770744798348049,0.992247880325379,-0.09373731436810917,0.0,0.0,-0.0,1.0091090699549856,-0.0010614394651421444,0.0,0.0,-0.0,1.0004921054150717,-9.999999999987796e-05,1.0,0.0,-0.005770744798348049,1.0017732415739224,-0.07537790417695212
2018-11-26,6,0.504393944660346,1,0,-0.00035140248707166144,0.52,1.0,0.0,-0.00035140248707166144,0.9918992019524411,-0.09405577732978043,0.0,0.0,-0.0,1.0091090699549856,-0.0010614394651421444,0.0,0.0,-0.0,1.0004921054150717,-9.999999999987796e-05,1.0,0.0,-0.00035140248707166144,1.0014212159653515,-0.0757028186810258
2018-11-27,7,0.4969540422657798,0,0,-0.0030505557939733974,0.52,1.0,0.0,-0.0030505557939733974,0.9888733580948875,-0.09681941072726374,0.0,0.0,-0.0,1.0091090699549856,-0.0010614394651421444,0.0,0.0,-0.0,1.0004921054150717,-9.999999999987796e-05,1.0,0.0,-0.0030505557939733974,0.9983663246727805,-0.07852243880285159
2018-11-28,7,0.5012436493037098,1,1,0.006173060938891029,0.52,1.0,0.0,0.006173060938891029,0.9949777335952531,-0.09124402191085967,0.0,0.0,0.0,1.0091090699549856,-0.0010614394651421444,0.0,0.0,0.0,1.0004921054150717,-9.999999999987796e-05,1.0,0.0,0.006173060938891029,1.0045293008343223,-0.07283410166376092
2018-11-29,7,0.4889212294546892,0,1,0.002130522668025048,0.52,1.0,0.0,0.002130522668025048,0.9970975562108579,-0.08930789669983752,0.0,0.0,0.0,1.0091090699549856,-0.0010614394651421444,0.0,0.0,0.0,1.0004921054150717,-9.999999999987796e-05,1.0,0.0,0.002130522668025048,1.0066694732804453,-0.07085875370033567
2018-11-30,7,0.49880500135303213,0,0,-0.004434890019770932,0.52,1.0,0.0,-0.004434890019770932,0.9926755382100804,-0.09334671601984756,0.0,0.0,-0.0,1.0091090699549856,-0.0010614394651421444,0.0,0.0,-0.0,1.0004921054150717,-9.999999999987796e-05,1.0,0.0,-0.004434890019770932,1.0022050048801858,-0.07497939294050748
2018-12-03,7,0.5036837006049671,1,1,0.0011127155525094692,0.52,1.0,0.0,0.0011127155525094692,0.9937801037200424,-0.09233786881002914,0.0,0.0,0.0,1.0091090699549856,-0.0010614394651421444,0.0,0.0,0.0,1.0004921054150717,-9.999999999987796e-05,1.0,0.0,0.0011127155525094692,1.0033201739759188,-0.07395010812464076
2018-12-04,7,0.49927306663111054,0,0,-0.001054786760268711,0.52,1.0,0.0,-0.001054786760268711,0.99273187762402,-0.09329525880880563,0.0,0.0,-0.0,1.0091090699549856,-0.0010614394651421444,0.0,0.0,-0.0,1.0004921054150717,-9.999999999987796e-05,1.0,0.0,-0.001054786760268711,1.0022618851400984,-0.07492689328993918
2018-12-05,7,0.4999177587952013,0,1,0.0005447130829194791,0.52,1.0,0.0,0.0005447130829194791,0.9932726316655931,-0.09280136487393364,0.0,0.0,0.0,1.0091090699549856,-0.0010614394651421444,0.0,0.0,0.0,1.0004921054150717,-9.999999999987796e-05,1.0,0.0,0.0005447130829194791,1.0028078303014458,-0.07442299386605722
2018-12-06,7,0.4937409584935149,0,1,0.0022635879349817145,0.52,1.0,0.0,0.0022635879349817145,0.9955209916107789,-0.09074784098883037,0.0,0.0,0.0,1.0091090699549856,-0.0010614394651421444,0.0,0.0,0.0,1.0004921054150717,-9.999999999987796e-05,1.0,0.0,0.0022635879349817145,1.0050777740072214,-0.07232786892207588
2018-12-07,7,0.4891906756836846,0,1,0.002303016380289069,0.52,1.0,0.0,0.002303016380289069,0.9978136927613801,-0.08865381837281439,0.0,0.0,0.0,1.0091090699549856,-0.0010614394651421444,0.0,0.0,0.0,1.0004921054150717,-9.999999999987796e-05,1.0,0.0,0.002303016380289069,1.0073924845842246,-0.07019142480866569
2018-12-10,7,0.48668147943511664,0,0,-0.0038953099126091124,0.52,1.0,0.0,-0.0038953099126091124,0.9939268991930296,-0.09220379418792535,0.0,0.0,-0.0,1.0091090699549856,-0.0010614394651421444,0.0,0.0,-0.0,1.0004921054150717,-9.999999999987796e-05,1.0,0.0,-0.0038953099126091124,1.0034683786531358,-0.07381331736843744
2018-12-11,7,0.49676571822673177,0,0,-0.002943981323783929,0.52,1.0,0.0,-0.002943981323783929,0.9910007969645989,-0.09487632926363787,0.0,0.0,-0.0,1.0091090699549856,-0.0010614394651421444,0.0,0.0,-0.0,1.0004921054150717,-9.999999999987796e-05,1.0,0.0,-0.002943981323783929,1.0005141864873732,-0.07653999366444209
2018-12-12,7,0.4945302294421232,0,1,0.004447013736577077,0.52,1.0,0.0,0.004447013736577077,0.9954077911216592,-0.09085123186657229,0.0,0.0,0.0,1.0091090699549856,-0.0010614394651421444,0.0,0.0,0.0,1.0004921054150717,-9.999999999987796e-05,1.0,0.0,0.004447013736577077,1.0049634868183228,-0.07243335433108833
2018-12-13,7,0.485657489092092,0,0,-0.0008636638486140269,0.52,1.0,0.0,-0.0008636638486140269,0.9945480933978387,-0.09163643079062112,0.0,0.0,-0.0,1.0091090699549856,-0.0010614394651421444,0.0,0.0,-0.0,1.0004921054150717,-9.999999999987796e-05,1.0,0.0,-0.0008636638486140269,1.0040955361855808,-0.07323446011013268
2018-12-14,7,0.49484649266185854,0,0,-0.005076417971386138,0.52,1.0,0.0,-0.005076417971386138,0.9894993515831061,-0.09624766393790807,0.0,0.0,-0.0,1.0091090699549856,-0.0010614394651421444,0.0,0.0,-0.0,1.0004921054150717,-9.999999999987796e-05,1.0,0.0,-0.005076417971386138,0.9989983275606997,-0.07793910935209092
2018-12-17,7,0.5040101603801369,1,1,0.0038816471916522928,0.52,1.0,0.0,0.0038816471916522928,0.9933402389623204,-0.0927396162206835,0.0,0.0,0.0,1.0091090699549856,-0.0010614394651421444,0.0,0.0,0.0,1.0004921054150717,-9.999999999987796e-05,1.0,0.0,0.0038816471916522928,1.002876086613341,-0.0743599942853751
2018-12-18,7,0.4968182117789507,0,1,0.002252405541810498,0.52,1.0,0.0,0.002252405541810498,0.9955776440214624,-0.09069609790439381,0.0,0.0,0.0,1.0091090699549856,-0.0010614394651421444,0.0,0.0,0.0,1.0004921054150717,-9.999999999987796e-05,1.0,0.0,0.002252405541810498,1.0051349702685781,-0.07227507760678198
2018-12-19,7,0.49242592968180077,0,1,0.0012414097661410663,0.52,1.0,0.0,0.0012414097661410663,0.9968135638317024,-0.08956727915994223,0.0,0.0,0.0,1.0091090699549856,-0.0010614394651421444,0.0,0.0,0.0,1.0004921054150717,-9.999999999987796e-05,1.0,0.0,0.0012414097661410663,1.0063827546369595,-0.07112339082783059
2018-12-20,7,0.48682916033809337,0,1,0.005911731388308584,0.52,1.0,0.0,0.005911731388308584,1.002706457865298,-0.08418504546720884,0.0,0.0,0.0,1.0091090699549856,-0.0010614394651421444,0.0,0.0,0.0,1.0004921054150717,-9.999999999987796e-05,1.0,0.0,0.005911731388308584,1.0123322191561992,-0.0656321218215219
2018-12-21,7,0.47591671523749823,0,0,-0.0073354660246048855,0.52,1.0,0.0,-0.0073354660246048855,0.9953511387109751,-0.0909029749510093,-1.0,1.0,0.007235466024604885,1.0164104443457656,0.0,0.0,0.0,-0.0,1.0004921054150717,-9.999999999987796e-05,0.0,1.0,-0.0001,1.0122309859342835,-0.06572555860933982
2018-12-24,7,0.5036063016323727,1,1,0.0027369429968284727,0.52,1.0,0.0,0.0027369429968284727,0.9980753580394554,-0.0884148282148639,0.0,1.0,-0.0001,1.016308803301331,-9.999999999998899e-05,0.0,0.0,0.0,1.0004921054150717,-9.999999999987796e-05,1.0,1.0,0.002636942996828473,1.0149001813438157,-0.06326193016399884
2018-12-25,7,0.4931689880015838,0,1,0.0010160650122716939,0.52,1.0,0.0,0.0010160650122716939,0.9990894674903698,-0.08748859841610734,0.0,0.0,0.0,1.016308803301331,-9.999999999998899e-05,0.0,0.0,0.0,1.0004921054150717,-9.999999999987796e-05,1.0,0.0,0.0010160650122716939,1.0159313859090273,-0.06231014338557561
2018-12-26,7,0.4892828644730403,0,0,-0.004749041800903631,0.52,1.0,0.0,-0.004749041800903631,0.9943447498464154,-0.09182215320603038,0.0,0.0,-0.0,1.016308803301331,-9.999999999998899e-05,0.0,0.0,-0.0,1.0004921054150717,-9.999999999987796e-05,1.0,0.0,-0.004749041800903631,1.0111066852904953,-0.06676327171092089
2018-12-27,7,0.5027553183518646,1,1,0.006138464056676618,0.52,1.0,0.0,0.006138464056676618,1.0004484993532927,-0.08624733613641566,0.0,0.0,0.0,1.016308803301331,-9.999999999998899e-05,0.0,0.0,0.0,1.0004921054150717,-9.999999999987796e-05,1.0,0.0,0.006138464056676618,1.0173133273356165,-0.061034631597947864
2018-12-28,7,0.4888242128854757,0,1,0.0007778653659904488,0.52,1.0,0.0,0.0007778653659904488,1.0012267135913968,-0.08553655958611461,0.0,0.0,0.0,1.016308803301331,-9.999999999998899e-05,0.0,0.0,0.0,1.0004921054150717,-9.999999999987796e-05,1.0,0.0,0.0007778653659904488,1.0181046601393113,-0.06030424295800352
2018-12-31,7,0.4916892489993196,0,1,0.004643244708864236,0.52,1.0,0.0,0.004643244708864236,1.0058756542316536,-0.08129048205496303,0.0,0.0,0.0,1.016308803301331,-9.999999999998899e-05,0.0,0.0,0.0,1.0004921054150717,-9.999999999987796e-05,1.0,0.0,0.004643244708864236,1.0228319692155732,-0.0559410056061761
2019-01-01,7,0.4805017886502669,0,0,-0.002727909868198375,0.52,1.0,0.0,-0.002727909868198375,1.0031317161082947,-0.08379663881497301,0.0,0.0,-0.0,1.016308803301331,-9.999999999998899e-05,0.0,0.0,-0.0,1.0004921054150717,-9.999999999987796e-05,1.0,0.0,-0.002727909868198375,1.0200417757932412,-0.05851631345314445
2019-01-02,7,0.49672131518758916,0,0,-0.012529146529702495,0.52,1.0,0.0,-0.012529146529702495,0.9905633318485819,-0.09527588497826622,0.0,0.0,-0.0,1.016308803301331,-9.999999999998899e-05,0.0,0.0,-0.0,1.0004921054150717,-9.999999999987796e-05,1.0,0.0,-0.012529146529702495,1.0072615229179098,-0.07031230051721438
2019-01-03,7,0.50705871101949,1,1,0.0064473312242818714,0.52,1.0,0.0,0.0064473312242818714,0.996949821747638,-0.08944282894212574,0.0,0.0,0.0,1.016308803301331,-9.999999999998899e-05,0.0,0.0,0.0,1.0004921054150717,-9.999999999987796e-05,1.0,0.0,0.0064473312242818714,1.0137556715856362,-0.06431829598350824
2019-01-04,7,0.48455940074018117,0,1,0.0017001675155818852,0.52,1.0,0.0,0.0017001675155818852,0.9986448034492386,-0.08789472921881292,0.0,0.0,0.0,1.016308803301331,-9.999999999998899e-05,0.0,0.0,0.0,1.0004921054150717,-9.999999999987796e-05,1.0,0.0,0.0017001675155818852,1.015479226047203,-0.06272748034541509
2019-01-07,7,0.49786855124767443,0,1,0.006072750351946209,0.52,1.0,0.0,0.006072750351946209,1.0047093240308542,-0.08235574161466441,0.0,0.0,0.0,1.016308803301331,-9.999999999998899e-05,0.0,0.0,0.0,1.0004921054150717,-9.999999999987796e-05,1.0,0.0,0.006072750351946209,1.0216459778745752,-0.05703565832181323
2019-01-08,7,0.4934827146052635,0,0,-0.002062014753628883,0.52,1.0,0.0,-0.002062014753628883,1.002637598581594,-0.08424793761403782,0.0,0.0,-0.0,1.016308803301331,-9.999999999998899e-05,0.0,0.0,-0.0,1.0004921054150717,-9.999999999987796e-05,1.0,0.0,-0.002062014753628883,1.0195393287952121,-0.058980064706499635
2019-01-09,7,0.5050346678514311,1,1,0.008631489238603907,0.52,1.0,0.0,0.008631489238603907,1.0112918542239708,-0.07634363354232399,0.0,0.0,0.0,1.016308803301331,-9.999999999998899e-05,0.0,0.0,0.0,1.0004921054150717,-9.999999999987796e-05,1.0,0.0,0.008631489238603907,1.0283394715400416,-0.05085766126170199
2019-01-10,7,0.47703813640222875,0,0,-0.003878884068224897,0.52,1.0,0.0,-0.003878884068224897,1.0073691703622958,-0.07992638950669129,-1.0,1.0,0.0037788840682248972,1.0201493164465232,0.0,0.0,0.0,-0.0,1.0004921054150717,-9.999999999987796e-05,0.0,1.0,-0.0001,1.0282366375928875,-0.05095257549557586
2019-01-11,7,0.49078341304411216,0,0,-0.004343374419858104,0.52,1.0,0.0,-0.004343374419858104,1.0029937888763905,-0.08392261369089449,0.0,1.0,-0.0001,1.0200473015148785,-9.999999999998899e-05,0.0,0.0,-0.0,1.0004921054150717,-9.999999999987796e-05,1.0,1.0,-0.004443374419858104,1.0236677972198465,-0.0551695485448509
2019-01-14,7,0.5012943888369518,1,1,0.0011128148567545184,0.52,1.0,0.0,0.0011128148567545184,1.0041099352658847,-0.08290318916547279,0.0,0.0,0.0,1.0200473015148785,-9.999999999998899e-05,0.0,0.0,0.0,1.0004921054150717,-9.999999999987796e-05,1.0,0.0,0.0011128148567545184,1.024806949952974,-0.054118127181357556
2019-01-15,7,0.4980912212524469,0,0,-0.004886350046035215,0.52,1.0,0.0,-0.004886350046035215,0.9992035026374738,-0.08738444520931277,0.0,0.0,-0.0,1.0200473015148785,-9.999999999998899e-05,0.0,0.0,-0.0,1.0004921054150717,-9.999999999987796e-05,1.0,0.0,-0.004886350046035215,1.0197993844658941,-0.05874003711414866
2019-01-16,7,0.5090498247696381,1,0,-0.0016414103181224824,0.52,1.0,0.0,-0.0016414103181224824,0.9975633996983405,-0.08888242179742534,0.0,0.0,-0.0,1.0200473015148785,-9.999999999998899e-05,0.0,0.0,-0.0,1.0004921054150717,-9.999999999987796e-05,1.0,0.0,-0.0016414103181224824,1.018125475233817,-0.06028503092926507
2019-01-17,7,0.5011089431000473,1,0,-0.00047838132660349425,0.52,1.0,0.0,-0.00047838132660349425,0.9970861839958217,-0.0893182834331776,0.0,0.0,-0.0,1.0200473015148785,-9.999999999998899e-05,0.0,0.0,-0.0,1.0004921054150717,-9.999999999987796e-05,1.0,0.0,-0.00047838132660349425,1.0176384230183257,-0.06073457302279828
2019-01-18,7,0.5013104006606707,1,0,-0.002375367747233459,0.52,1.0,0.0,-0.002375367747233459,0.994717737633146,-0.09148148741070572,0.0,0.0,-0.0,1.0200473015148785,-9.999999999998899e-05,0.0,0.0,-0.0,1.0004921054150717,-9.999999999987796e-05,1.0,0.0,-0.002375367747233459,1.0152211575299426,-0.06296567382413132
2019-01-21,7,0.5023979280023364,1,1,0.0003296575934785828,0.52,1.0,0.0,0.0003296575934785828,0.9950456538887246,-0.09118198738421479,0.0,0.0,0.0,1.0200473015148785,-9.999999999998899e-05,0.0,0.0,0.0,1.0004921054150717,-9.999999999987796e-05,1.0,0.0,0.0003296575934785828,1.0155558328935825,-0.06265677334315722
2019-01-22,7,0.49838464556645823,0,0,-0.0004659610425532534,0.52,1.0,0.0,-0.0004659610425532534,0.9945820013784505,-0.09160546117286439,0.0,0.0,-0.0,1.0200473015148785,-9.999999999998899e-05,0.0,0.0,-0.0,1.0004921054150717,-9.999999999987796e-05,1.0,0.0,-0.0004659610425532534,1.0150826234389163,-0.06309353877028057
2019-01-23,7,0.5088081971037643,1,1,0.002129587067182692,0.52,1.0,0.0,0.002129587067182692,0.9967000503458388,-0.08967095591107865,0.0,0.0,0.0,1.0200473015148785,-9.999999999998899e-05,0.0,0.0,0.0,1.0004921054150717,-9.999999999987796e-05,1.0,0.0,0.002129587067182692,1.0172443302659138,-0.06109831488728579
2019-01-24,7,0.49925953896910735,0,0,-0.006561824992528664,0.52,1.0,0.0,-0.006561824992528664,0.9901598790454248,-0.0956443757840062,0.0,0.0,-0.0,1.0200473015148785,-9.999999999998899e-05,0.0,0.0,-0.0,1.0004921054150717,-9.999999999987796e-05,1.0,0.0,-0.006561824992528664,1.0105693509960667,-0.06725922343018575
2019-01-25,7,0.5075157213813714,1,1,0.008799478296548367,0.52,1.0,0.0,0.008799478296548367,0.998872769411198,-0.08768651809635608,0.0,0.0,0.0,1.0200473015148785,-9.999999999998899e-05,0.0,0.0,0.0,1.0004921054150717,-9.999999999987796e-05,1.0,0.0,0.008799478296548367,1.0194618340673136,-0.059051591210454
2019-01-28,7,0.49620266386691647,0,1,0.0014859055187195214,0.52,1.0,0.0,0.0014859055187195214,1.0003569999717647,-0.08633090645879316,0.0,0.0,0.0,1.0200473015148785,-9.999999999998899e-05,0.0,0.0,0.0,1.0004921054150717,-9.999999999987796e-05,1.0,0.0,0.0014859055187195214,1.0209766580326782,-0.057653430777003245
2019-01-29,7,0.5024055158225419,1,1,0.00046880609116262123,0.52,1.0,0.0,0.00046880609116262123,1.0008259734266887,-0.08590257282243408,0.0,0.0,0.0,1.0200473015148785,-9.999999999998899e-05,0.0,0.0,0.0,1.0004921054150717,-9.999999999987796e-05,1.0,0.0,0.00046880609116262123,1.021455298108899,-0.05721165296536512
2019-01-30,7,0.4943286121445528,0,1,0.0045721316074203155,0.52,1.0,0.0,0.0045721316074203155,1.00540188149332,-0.08172319908337389,0.0,0.0,0.0,1.0200473015148785,-9.999999999998899e-05,0.0,0.0,0.0,1.0004921054150717,-9.999999999987796e-05,1.0,0.0,0.0045721316074203155,1.0261255261629496,-0.05290110056478048
2019-01-31,7,0.4798150703546933,0,0,-0.003320382626959439,0.52,1.0,0.0,-0.003320382626959439,1.0020635625528973,-0.08477222941987739,-1.0,1.0,0.003220382626959439,1.0233322441233539,0.0,0.0,0.0,-0.0,1.0004921054150717,-9.999999999987796e-05,0.0,1.0,-0.0001,1.0260229136103334,-0.05299581045472401
2019-02-01,7,0.4922418960270118,0,1,0.0005040323105429678,0.52,1.0,0.0,0.0005040323105429678,1.0025686349656417,-0.08431092505199878,0.0,1.0,-0.0001,1.0232299108989416,-9.999999999998899e-05,0.0,0.0,0.0,1.0004921054150717,-9.999999999987796e-05,1.0,1.0,0.00040403231054296783,1.0264374600187893,-0.05261319016392818
2019-02-04,7,0.49338340305497985,0,0,-0.0016581708047050945,0.52,1.0,0.0,-0.0016581708047050945,1.0009062049254287,-0.0858292939422649,0.0,0.0,-0.0,1.0232299108989416,-9.999999999998899e-05,0.0,0.0,-0.0,1.0004921054150717,-9.999999999987796e-05,1.0,0.0,-0.0016581708047050945,1.0247354513897304,-0.054184119312761125
2019-02-05,7,0.49259425182139166,0,0,-0.0023048017136692023,0.52,1.0,0.0,-0.0023048017136692023,0.9985993145890945,-0.08793627615217303,0.0,0.0,-0.0,1.0232299108989416,-9.999999999998899e-05,0.0,0.0,-0.0,1.0004921054150717,-9.999999999987796e-05,1.0,0.0,-0.0023048017136692023,1.0223736393653098,-0.056364037375384646
2019-02-06,7,0.5001711353987385,1,0,-0.003853170387131844,0.52,1.0,0.0,-0.003853170387131844,0.9947515412815096,-0.09145061308408065,0.0,0.0,-0.0,1.0232299108989416,-9.999999999998899e-05,0.0,0.0,-0.0,1.0004921054150717,-9.999999999987796e-05,1.0,0.0,-0.003853170387131844,1.0184342595335232,-0.060000027522802424
2019-02-07,7,0.5024108711358924,1,0,-0.002392479741115894,0.52,1.0,0.0,-0.002392479741115894,0.9923716183715497,-0.09362429908608028,0.0,0.0,-0.0,1.0232299108989416,-9.999999999998899e-05,0.0,0.0,-0.0,1.0004921054150717,-9.999999999987796e-05,1.0,0.0,-0.002392479741115894,1.0159976761999308,-0.06224895841360367
2019-02-08,7,0.5031942421992995,1,0,-0.0012795889839489762,0.52,1.0,0.0,-0.0012795889839489762,0.9911017905806979,-0.0947840874482887,0.0,0.0,-0.0,1.0232299108989416,-9.999999999998899e-05,0.0,0.0,-0.0,1.0004921054150717,-9.999999999987796e-05,1.0,0.0,-0.0012795889839489762,1.0146976167657475,-0.06344889431610434
2019-02-11,7,0.5007350521544773,1,0,-0.003992851395924202,0.52,1.0,0.0,-0.003992851395924202,0.9871444684126748,-0.09839848006833363,0.0,0.0,-0.0,1.0232299108989416,-9.999999999998899e-05,0.0,0.0,-0.0,1.0004921054150717,-9.999999999987796e-05,1.0,0.0,-0.003992851395924202,1.0106460799702035,-0.0671884037057886
2019-02-12,7,0.5098387156027026,1,1,0.004930589046378886,0.52,1.0,0.0,0.004930589046378886,0.9920116721158239,-0.09395305348995997,0.0,0.0,0.0,1.0232299108989416,-9.999999999998899e-05,0.0,0.0,0.0,1.0004921054150717,-9.999999999987796e-05,1.0,0.0,0.004930589046378886,1.0156291604618704,-0.06258909306676519
2019-02-13,7,0.4833787128594838,0,0,-0.006150587103886607,0.52,1.0,0.0,-0.006150587103886607,0.9859102179184033,-0.09952577415468045,0.0,0.0,-0.0,1.0232299108989416,-9.999999999998899e-05,0.0,0.0,-0.0,1.0004921054150717,-9.999999999987796e-05,1.0,0.0,-0.006150587103886607,1.0093824448452025,-0.06835472050199132
2019-02-14,7,0.5082757025829081,1,1,0.0026995517431898093,0.52,1.0,0.0,0.0026995517431898093,0.9885717335658135,-0.09709489738860233,0.0,0.0,0.0,1.0232299108989416,-9.999999999998899e-05,0.0,0.0,0.0,1.0004921054150717,-9.999999999987796e-05,1.0,0.0,0.0026995517431898093,1.0121073249837296,-0.06583969586368787
2019-02-15,7,0.49877577868417866,0,1,0.00023725025268528374,0.52,1.0,0.0,0.00023725025268528374,0.9888062724593996,-0.09688068292485685,0.0,0.0,0.0,1.0232299108989416,-9.999999999998899e-05,0.0,0.0,0.0,1.0004921054150717,-9.999999999987796e-05,1.0,0.0,0.00023725025268528374,1.0123474477023267,-0.06561806609548293
2019-02-18,7,0.5034940840542065,1,1,0.0012330288394324374,0.52,1.0,0.0,0.0012330288394324374,0.9900254991099536,-0.09576711076145472,0.0,0.0,0.0,1.0232299108989416,-9.999999999998899e-05,0.0,0.0,0.0,1.0004921054150717,-9.999999999987796e-05,1.0,0.0,0.0012330288394324374,1.0135957013008694,-0.06446594622393398
2019-02-19,8,0.5074605322800883,1,1,0.0027449212844001818,0.5,1.0,0.0,0.0027449212844001818,0.9927430411745595,-0.09328506265772918,1.0,1.0,0.002644921284400182,1.025936273469113,0.0,1.0,1.0,0.002644921284400182,1.0031383282795585,0.0,1.0,0.0,0.0027449212844001818,1.0163779417151466,-0.06189797888744297
2019-02-20,8,0.504583190098629,1,1,0.0002950014334945905,0.5,1.0,0.0,0.0002950014334945905,0.9930359017947977,-0.09301758045144226,1.0,0.0,0.0002950014334945905,1.0262389261404605,0.0,1.0,0.0,0.0002950014334945905,1.0034342555243942,0.0,1.0,0.0,0.0002950014334945905,1.016677774664925,-0.06162123744645054
2019-02-21,8,0.49802306607801883,0,0,-0.00029491443331408623,0.5,1.0,0.0,-0.00029491443331408623,0.9927430411745594,-0.09328506265772929,-1.0,2.0,9.491443331408622e-05,1.0263363310265798,0.0,0.0,1.0,-0.0001,1.0033339120988418,-9.999999999998899e-05,0.0,1.0,-0.0001,1.0165761068874584,-0.061715075322705926
2019-02-22,8,0.5036225536542094,1,0,-6.799641163912629e-05,0.5,1.0,0.0,-6.799641163912629e-05,0.9926755382100798,-0.09334671601984812,1.0,2.0,-0.00026799641163912627,1.02606127657273,-0.00026799641163899324,1.0,1.0,-0.00016799641163912628,1.0031653556019333,-0.0002679796119979816,1.0,1.0,-0.00016799641163912628,1.0164053257493433,-0.0618727038231468
2019-02-25,8,0.500589453394633,1,1,0.002228058656621235,0.5,1.0,0.0,0.002228058656621235,0.9948872775362049,-0.09132663932192209,1.0,0.0,0.002228058656621235,1.0283474012822216,0.0,1.0,0.0,0.002228058656621235,1.0054004668565046,0.0,1.0,0.0,0.002228058656621235,1.018669936434015,-0.05978250117988726
2019-02-26,8,0.485773137911743,0,1,0.0022558243915535847,0.5,1.0,0.0,0.0022558243915535847,0.9971315685237174,-0.08927683179094947,-1.0,2.0,-0.002455824391553585,1.025821960651162,-0.0024558243915534517,0.0,1.0,-0.0001,1.005299926809819,-9.999999999987796e-05,0.0,1.0,-0.0001,1.0185680694403716,-0.059876522929769305
2019-02-27,8,0.48462697457177006,0,0,-0.0011379817523223812,0.5,1.0,0.0,-0.0011379817523223812,0.9959968509940729,-0.09031321813778859,-1.0,0.0,0.0011379817523223812,1.0269893273235147,-0.0013206373225755907,0.0,0.0,-0.0,1.005299926809819,-9.999999999987796e-05,0.0,0.0,-0.0,1.0185680694403716,-0.059876522929769305
2019-02-28,8,0.48314986788813175,0,0,-0.0005914274446008339,0.5,1.0,0.0,-0.0005914274446008339,0.995407791121659,-0.09085123186657251,-1.0,0.0,0.0005914274446008339,1.027596716997006,-0.0007299909391317305,0.0,0.0,-0.0,1.005299926809819,-9.999999999987796e-05,0.0,0.0,-0.0,1.0185680694403716,-0.059876522929769305
2019-03-01,8,0.4964000495195267,0,1,0.00021612558930117487,0.5,1.0,0.0,0.00021612558930117487,0.9956229242171102,-0.09065474155329722,-1.0,0.0,-0.00021612558930117487,1.027374627050981,-0.0009459587587110629,0.0,0.0,0.0,1.005299926809819,-9.999999999987796e-05,0.0,0.0,0.0,1.0185680694403716,-0.059876522929769305
2019-03-04,8,0.4868277180719271,0,0,-0.003389881660655347,0.5,1.0,0.0,-0.003389881660655347,0.9922478803253786,-0.0937373143681095,-1.0,0.0,0.003389881660655347,1.0308573054578436,0.0,0.0,0.0,-0.0,1.005299926809819,-9.999999999987796e-05,0.0,0.0,-0.0,1.0185680694403716,-0.059876522929769305
2019-03-05,8,0.502961808156487,1,0,-0.0026684297776490284,0.5,1.0,0.0,-0.0026684297776490284,0.9896001365347092,-0.09615561270482187,1.0,2.0,-0.0028684297776490285,1.0279003636663613,-0.0028684297776490064,1.0,1.0,-0.0027684297776490283,1.0025168245569704,-0.002868152934671131,1.0,1.0,-0.0027684297776490283,1.0157482352663705,-0.06247918875835734
2019-03-06,8,0.5078840510741461,1,1,0.0006109592703660294,0.5,1.0,0.0,0.0006109592703660294,0.9902047419120806,-0.09560340059743555,1.0,0.0,0.0006109592703660294,1.028528368922556,-0.0022592230010469727,1.0,0.0,0.0006109592703660294,1.0031293215046315,-0.002258945988929284,1.0,0.0,0.0006109592703660294,1.0163688160670643,-0.06190640172756834
2019-03-07,8,0.5013799621427306,1,0,-0.010224132032449207,0.5,1.0,0.0,-0.010224132032449207,0.9800807578916142,-0.10485007083942544,1.0,0.0,-0.010224132032449207,1.018012559079572,-0.012460256439242756,1.0,0.0,-0.010224132032449207,0.9928731948759469,-0.012459982259333535,1.0,0.0,-0.010224132032449207,1.0059773270979306,-0.07149759453510096
2019-03-08,8,0.565716493812524,1,1,0.00304401510649055,0.5,1.0,0.0,0.00304401510649055,0.9830641385242169,-0.10212522093248677,1.0,0.0,0.00304401510649055,1.0211114046880074,-0.009454170541583928,1.0,0.0,0.00304401510649055,0.9958955158799788,-0.009453895527066991,1.0,0.0,0.00304401510649055,1.0090395372784038,-0.06867121918645291
2019-03-11,8,0.5007658863212305,1,1,0.0023869618457559305,0.5,1.0,0.0,0.0023869618457559305,0.9854106751148052,-0.09998202809258605,1.0,0.0,0.0023869618457559305,1.023548758651264,-0.007089775440194068,1.0,0.0,0.0023869618457559305,0.9982726804787437,-0.007089499769228014,1.0,0.0,0.0023869618457559305,1.0114480761547466,-0.06644817292079652
2019-03-12,8,0.49917961585814163,0,1,0.002505789085338827,0.5,1.0,0.0,0.002505789085338827,0.9878799064290842,-0.09772677288197162,-1.0,2.0,-0.0027057890853388273,1.0207792515917933,-0.009776381088529296,0.0,1.0,-0.0001,0.9981728532106958,-0.007188790819251056,0.0,1.0,-0.0001,1.0113469313471313,-0.06654152810350433
2019-03-13,8,0.5016252100788766,1,1,0.003863930829871798,0.5,1.0,0.0,0.003863930829871798,0.9916970060557464,-0.09424045154274241,1.0,2.0,0.0036639308298717977,1.024519316162194,-0.0061482702427323455,1.0,1.0,0.003763930829871798,1.0019299067864367,-0.003451918100773388,1.0,1.0,0.003763930829871798,1.015153571241725,-0.06302805498272812
2019-03-14,8,0.5060584647239039,1,0,-0.0020016449974340493,0.5,1.0,0.0,-0.0020016449974340493,0.9897119807046046,-0.09605346061178999,1.0,0.0,-0.0020016449974340493,1.0224685921982233,-0.008137608585792155,1.0,0.0,-0.0020016449974340493,0.999924398800738,-0.005446653583609518,1.0,0.0,-0.0020016449974340493,1.0131215941742218,-0.06490354018920785
2019-03-15,8,0.49860005856113615,0,1,0.0010074681462122204,0.5,1.0,0.0,0.0010074681462122204,0.9907090839990892,-0.0951427632674775,-1.0,2.0,-0.0012074681462122205,1.0212339939426416,-0.009335250828850561,0.0,1.0,-0.0001,0.999824406360858,-0.005546108918251025,0.0,1.0,-0.0001,1.0130202820148044,-0.06499704983518884
2019-03-18,8,0.49711620158941217,0,1,0.0014510758697108272,0.5,1.0,0.0,0.0014510758697108272,0.9921466780447836,-0.09382974676572164,-1.0,0.0,-0.0014510758697108272,1.019752105936703,-0.010772780541346005,0.0,0.0,0.0,0.999824406360858,-0.005546108918251025,0.0,0.0,0.0,1.0130202820148044,-0.06499704983518884
2019-03-19,8,0.4914008477208853,0,1,0.0016463550313727815,0.5,1.0,0.0,0.0016463550313727815,0.9937801037200424,-0.09233786881002914,-1.0,0.0,-0.0016463550313727815,1.018073231926341,-0.012401399751272746,0.0,0.0,0.0,0.999824406360858,-0.005546108918251025,0.0,0.0,0.0,1.0130202820148044,-0.06499704983518884
2019-03-20,8,0.4902489480126272,0,1,0.006434020762722038,0.5,1.0,0.0,0.006434020762722038,1.0001741055409572,-0.08649795181241637,-1.0,0.0,-0.006434020762722038,1.0115229276141555,-0.018755629650508143,0.0,0.0,0.0,0.999824406360858,-0.005546108918251025,0.0,0.0,0.0,1.0130202820148044,-0.06499704983518884
2019-03-21,8,0.46984953882298863,0,0,-0.004629667781540837,0.5,1.0,0.0,-0.004629667781540837,0.9955436317086028,-0.09072716281328197,-1.0,0.0,0.004629667781540837,1.0162059427224208,-0.014212794203282586,0.0,0.0,-0.0,0.999824406360858,-0.005546108918251025,0.0,0.0,-0.0,1.0130202820148044,-0.06499704983518884
2019-03-22,8,0.48899556412246814,0,0,-0.006958252476328197,0.5,1.0,0.0,-0.006958252476328197,0.9886163877679737,-0.09705411278429443,-1.0,0.0,0.006958252476328197,1.0232769602398286,-0.007353437937414831,0.0,0.0,-0.0,0.999824406360858,-0.005546108918251025,0.0,0.0,-0.0,1.0130202820148044,-0.06499704983518884
2019-03-25,8,0.5048576798498114,1,1,0.0017652605545475097,0.5,1.0,0.0,0.0017652605545475097,0.9903615532808797,-0.09546017802670159,1.0,2.0,0.0015652605545475097,1.0248786553020692,-0.00579968742921122,1.0,1.0,0.0016652605545475097,1.0014893745062445,-0.003890084080116374,1.0,1.0,0.0016652605545475097,1.0147072247314002,-0.063440026303894
2019-03-26,8,0.5039705882143687,1,0,-0.0036192180213564518,0.5,1.0,0.0,-0.0036192180213564518,0.986777218899587,-0.09873390485142186,1.0,0.0,-0.0036192180213564518,1.0211693960030963,-0.0093979151173057,1.0,0.0,-0.0036192180213564518,0.9978647661138346,-0.007495223039065468,1.0,0.0,-0.0036192180213564518,1.0110347780572517,-0.06682964103877598
2019-03-27,8,0.5123524963744788,1,0,-0.0020477843846290478,0.5,1.0,0.0,-0.0020477843846290478,0.9847565119196168,-0.1005795034874627,1.0,0.0,-0.0020477843846290478,1.0190782612599,-0.011426454598109426,1.0,0.0,-0.0020477843846290478,0.9958213542278151,-0.009527658822995777,1.0,0.0,-0.0020477843846290478,1.0089643968264292,-0.06874057272805545
2019-03-28,8,0.5082888446909575,1,0,-0.0019316303301136761,0.5,1.0,0.0,-0.0019316303301136761,0.9828543263734159,-0.10231685139805224,1.0,0.0,-0.0019316303301136761,1.017109778781691,-0.013336013241955769,1.0,0.0,-0.0019316303301136761,0.9938977954966138,-0.011440885238351961,1.0,0.0,-0.0019316303301136761,1.0070154505955144,-0.07053942168297822
2019-03-29,8,0.5059222240756267,1,0,-0.0005498689178314864,0.5,1.0,0.0,-0.0005498689178314864,0.9823138853285869,-0.1028104594595296,1.0,0.0,-0.0005498689178314864,1.0165505017283165,-0.013878549100617699,1.0,0.0,-0.0005498689178314864,0.993351281991369,-0.011984463168998483,1.0,0.0,-0.0005498689178314864,1.006461724099456,-0.07105050316534434
2019-04-01,8,0.5082217348490472,1,0,-0.0016136592061790633,0.5,1.0,0.0,-0.0016136592061790633,0.9807287654841689,-0.10425821762131038,1.0,0.0,-0.0016136592061790633,1.0149101356526566,-0.015469813058272108,1.0,0.0,-0.0016136592061790633,0.9917483515502139,-0.013578783535853733,1.0,0.0,-0.0016136592061790633,1.004837637872696,-0.07254951107298713
2019-04-02,8,0.5048821079174257,1,0,-0.00016808414079327869,0.5,1.0,0.0,-0.00016808414079327869,0.9805639205322713,-0.10440877760917411,1.0,0.0,-0.00016808414079327869,1.0147395453545232,-0.01563529696882915,1.0,0.0,-0.00016808414079327869,0.9915816543806605,-0.013744585298483325,1.0,0.0,-0.00016808414079327869,1.0046687406016974,-0.07270540079154664
2019-04-03,8,0.5063503215843309,1,1,0.003846475502299551,0.5,1.0,0.0,0.003846475502299551,0.9843356356310374,-0.10096390791217325,1.0,0.0,0.003846475502299551,1.018642716156944,-0.01184896225329135,1.0,0.0,0.003846475502299551,0.9953957489227654,-0.009950978006823541,1.0,0.0,0.003846475502299551,1.008533174300348,-0.06913858483227664
2019-04-04,8,0.5006298225356776,1,0,-0.0018746903030062432,0.5,1.0,0.0,-0.0018746903030062432,0.9824903111600164,-0.10264932215606293,1.0,0.0,-0.0018746903030062432,1.0167330765347367,-0.013701439421660577,1.0,0.0,-0.0018746903030062432,0.9935296901646062,-0.011807013307855052,1.0,0.0,-0.0018746903030062432,1.006642486938227,-0.07088366170073424
2019-04-05,8,0.5036677436308334,1,0,-0.0005610103836299896,0.5,1.0,0.0,-0.0005610103836299896,0.9819391238936398,-0.10315274520409079,1.0,0.0,-0.0005610103836299896,1.0161626787214206,-0.014254763155504335,1.0,0.0,-0.0005610103836299896,0.9929723096919792,-0.01236139983441964,1.0,0.0,-0.0005610103836299896,1.0060777500504516,-0.07140490561412038
2019-04-08,8,0.504179884327969,1,1,0.0032868820627189876,0.5,1.0,0.0,0.0032868820627189876,0.9851666419866478,-0.10020491404930332,1.0,0.0,0.0032868820627189876,1.0195026856029146,-0.01101473481810944,1.0,0.0,0.0032868820627189876,0.9962360925654825,-0.009115148235086412,1.0,0.0,0.0032868820627189876,1.0093846089607932,-0.06835272305485451
2019-04-09,8,0.49740804140286093,0,1,0.000935124790973685,0.5,1.0,0.0,0.000935124790973685,0.9860878957368099,-0.0993634933576345,-1.0,2.0,-0.001135124790973685,1.0183454228300224,-0.012137356510525166,0.0,1.0,-0.0001,0.996136468956226,-0.009214236720262892,0.0,1.0,-0.0001,1.009283670499897,-0.06844588778254912
2019-04-10,8,0.4971821268591289,0,1,0.000845798832344702,0.5,1.0,0.0,0.000845798832344702,0.9869219277276133,-0.09860173605194933,-1.0,0.0,-0.000845798832344702,1.0174841074604692,-0.012972889580905478,0.0,0.0,0.0,0.996136468956226,-0.009214236720262892,0.0,0.0,0.0,1.009283670499897,-0.06844588778254912
2019-04-11,8,0.49729988212436327,0,0,-0.0013963867106355776,0.5,1.0,0.0,-0.0013963867106355776,0.9855438030632997,-0.09986043660871635,-1.0,0.0,0.0013963867106355776,1.0189049087464102,-0.011594618040879023,0.0,0.0,-0.0,0.996136468956226,-0.009214236720262892,0.0,0.0,-0.0,1.009283670499897,-0.06844588778254912
2019-04-12,8,0.49930991038771205,0,1,0.003934172506313338,0.5,1.0,0.0,0.003934172506313338,0.9894211023970788,-0.09631913228657751,-1.0,0.0,-0.003934172506313338,1.0148963610678723,-0.015483175319674802,0.0,0.0,0.0,0.996136468956226,-0.009214236720262892,0.0,0.0,0.0,1.009283670499897,-0.06844588778254912
2019-04-15,8,0.48702003877154765,0,0,-1.1282911303256428e-05,0.5,1.0,0.0,-1.1282911303256428e-05,0.9894099388465389,-0.0963293284376543,-1.0,0.0,1.1282911303256428e-05,1.0149078120534962,-0.015472067103665332,0.0,0.0,-0.0,0.996136468956226,-0.009214236720262892,0.0,0.0,-0.0,1.009283670499897,-0.06844588778254912
2019-04-16,8,0.4896409849969585,0,0,-0.0017604703698442803,0.5,1.0,0.0,-0.0017604703698442803,0.9876681119655701,-0.09792021387903715,-1.0,0.0,0.0017604703698442803,1.01669452718474,-0.013738834849517101,0.0,0.0,-0.0,0.996136468956226,-0.009214236720262892,0.0,0.0,-0.0,1.009283670499897,-0.06844588778254912
2019-04-17,8,0.49161549725111575,0,1,0.0010732508493576098,0.5,1.0,0.0,0.0010732508493576098,0.9887281276056206,-0.09695205598239454,-1.0,0.0,-0.0010732508493576098,1.0156033589199018,-0.014797340482703314,0.0,0.0,0.0,0.996136468956226,-0.009214236720262892,0.0,0.0,0.0,1.009283670499897,-0.06844588778254912
2019-04-18,8,0.4942609125319064,0,0,-0.00541579444208895,0.5,1.0,0.0,-0.00541579444208895,0.983373379307397,-0.10184277801854491,-1.0,0.0,0.00541579444208895,1.0211036579465071,-0.009461685394958175,0.0,0.0,-0.0,0.996136468956226,-0.009214236720262892,0.0,0.0,-0.0,1.009283670499897,-0.06844588778254912
2019-04-19,8,0.5042389477920417,1,1,0.0007646358213686533,0.5,1.0,0.0,0.0007646358213686533,0.9841253018189958,-0.10115601483339687,1.0,2.0,0.0005646358213686533,1.0216802096491144,-0.008902391980093904,1.0,1.0,0.0006646358213686532,0.996798536936466,-0.008555725010685022,1.0,1.0,0.0006646358213686532,1.0099544765812338,-0.06782674355002605
2019-04-22,8,0.5016045938499437,1,1,0.0012835261166872503,0.5,1.0,0.0,0.0012835261166872503,0.9853884523459733,-0.10000232510360829,1.0,0.0,0.0012835261166872503,1.0229915628811015,-0.007630292316014198,1.0,0.0,0.0012835261166872503,0.9980779538916996,-0.007283180390496247,1.0,0.0,0.0012835261166872503,1.011250779528591,-0.0666302748300951
2019-04-23,8,0.5041844342217506,1,0,-0.0030754762768938626,0.5,1.0,0.0,-0.0030754762768938626,0.9823579135372581,-0.10277024660201173,1.0,0.0,-0.0030754762768938626,1.019845376597998,-0.010682301809904482,1.0,0.0,-0.0030754762768938626,0.9950083888220149,-0.01033625741887878,1.0,0.0,-0.0030754762768938626,1.0081407017461603,-0.06950083127742612
2019-04-24,8,0.5086841211021573,1,0,-0.006312881219592615,0.5,1.0,0.0,-0.006312881219592615,0.9761564047139706,-0.10843435146189762,1.0,0.0,-0.006312881219592615,1.0134072138731842,-0.01692774692701926,1.0,0.0,-0.006312881219592615,0.9887270190508833,-0.016583887073130854,1.0,0.0,-0.006312881219592615,1.0017764292434002,-0.07537496200450133
2019-04-25,8,0.5105568932700301,1,0,-0.0014923747591043535,0.5,1.0,0.0,-0.0014923747591043535,0.9746996135346374,-0.10976490153186036,1.0,0.0,-0.0014923747591043535,1.0118948305265056,-0.01839485914388117,1.0,0.0,-0.0014923747591043535,0.9872514678040073,-0.018051512457759378,1.0,0.0,-0.0014923747591043535,1.0002814033861316,-0.0767548490728418
2019-04-26,8,0.5034134168009545,1,1,0.0012043116734206103,0.5,1.0,0.0,0.0012043116734206103,0.9758734556572958,-0.10869278101068636,1.0,0.0,0.0012043116734206103,1.0131134672831827,-0.01721270061405844,1.0,0.0,0.0012043116734206103,0.9884404262712853,-0.016868940431514656,1.0,0.0,0.0012043116734206103,1.001486053956935,-0.0756429741601512
2019-04-29,8,0.500601953615858,1,1,0.003131870076250376,0.5,1.0,0.0,0.003131870076250376,0.9789297645312759,-0.10590132260278784,1.0,0.0,0.003131870076250376,1.0162864070352131,-0.014134738479792741,1.0,0.0,0.003131870076250376,0.9915360932644804,-0.013789901685019812,1.0,0.0,0.003131870076250376,1.004622578161105,-0.07274800805115156
2019-04-30,8,0.5006399379071217,1,1,0.0027590878682304254,0.5,1.0,0.0,0.0027590878682304254,0.9816307177684438,-0.10343442578898032,1.0,0.0,0.0027590878682304254,1.0190904305315114,-0.011414649597022652,1.0,0.0,0.0027590878682304254,0.994271828470319,-0.011068861367232619,1.0,0.0,0.0027590878682304254,1.0073944201286595,-0.07018963832937297
2019-05-01,8,0.5014327149600001,1,0,-0.0013553414770735017,0.5,1.0,0.0,-0.0013553414770735017,0.9803002729414828,-0.10464957829862476,1.0,0.0,-0.0013553414770735017,1.0177092150021234,-0.012754520326050955,1.0,0.0,-0.0013553414770735017,0.9929242506217075,-0.012409200757391159,1.0,0.0,-0.0013553414770735017,1.0060290566872867,-0.07144984887835804
2019-05-02,8,0.5004359553535896,1,0,-0.0024357310657456836,0.5,1.0,0.0,-0.0024357310657456836,0.9779125251129203,-0.1068304111354913,1.0,0.0,-0.0024357310657456836,1.015230349051247,-0.015159184810409787,1.0,0.0,-0.0024357310657456836,0.990505754178536,-0.014814706347350937,1.0,0.0,-0.0024357310657456836,1.0035786404608706,-0.07371154732754781
2019-05-03,8,0.49575884255986624,0,1,0.001096226728920291,0.5,1.0,0.0,0.001096226728920291,0.978984538961495,-0.10585129475871924,-1.0,2.0,-0.001296226728920291,1.0139143803367958,-0.01643576179879014,0.0,1.0,-0.0001,0.9904067036031182,-0.014913224876716091,0.0,1.0,-0.0001,1.0034782825968245,-0.0738041761728151
2019-05-06,8,0.5001892207921227,1,1,0.0014338184202291602,0.5,1.0,0.0,0.0014338184202291602,0.9803882250265775,-0.10456924787472022,1.0,2.0,0.00123381842022916,1.0151653665757907,-0.015222222124218754,1.0,1.0,0.0013338184202291601,0.9917277263079025,-0.0135992979905325,1.0,1.0,0.0013338184202291601,1.0048167404144521,-0.072568799122255
2019-05-07,8,0.4999166621777607,0,0,-0.0009624563281716014,0.5,1.0,0.0,-0.0009624563281716014,0.9794446441753357,-0.1054310608685427,-1.0,2.0,0.0007624563281716014,1.0159393858336772,-0.014471372075634537,0.0,1.0,-0.0001,0.9916285535352717,-0.013697938060733494,0.0,1.0,-0.0001,1.0047162587404106,-0.07266154224234289
2019-05-08,8,0.5049270618853466,1,1,0.0006494636731757543,0.5,1.0,0.0,0.0006494636731757543,0.9800807578916142,-0.10485007083942544,1.0,2.0,0.0004494636731757543,1.0163960136817578,-0.014028412758507858,1.0,1.0,0.0005494636731757542,0.9921734174027231,-0.013156000906919485,1.0,1.0,0.0005494636731757542,1.0052683138264376,-0.07215200344706618
2019-05-09,8,0.49834504148255787,0,1,0.0021209636993082537,0.5,1.0,0.0,0.0021209636993082537,0.9821594736014928,-0.10295149033423756,-1.0,2.0,-0.0023209636993082538,1.014036995429881,-0.016316817021044594,0.0,1.0,-0.0001,0.9920742000609829,-0.013254685306828828,0.0,1.0,-0.0001,1.0051677869950548,-0.07224478824672154
2019-05-10,8,0.48860803541948,0,1,0.00128099622605915,0.5,1.0,0.0,0.00128099622605915,0.9834176161805646,-0.10180237457876373,-1.0,0.0,-0.00128099622605915,1.0127380178656509,-0.017576911466078426,0.0,0.0,0.0,0.9920742000609829,-0.013254685306828828,0.0,0.0,0.0,1.0051677869950548,-0.07224478824672154
2019-05-13,8,0.4874965279784297,0,0,-0.00034819229635685284,0.5,1.0,0.0,-0.00034819229635685284,0.9830751977425088,-0.10211512007254142,-1.0,0.0,0.00034819229635685284,1.0130906454416995,-0.017234839314887784,0.0,0.0,-0.0,0.9920742000609829,-0.013254685306828828,0.0,0.0,-0.0,1.0051677869950548,-0.07224478824672154
2019-05-14,9,0.4898429985746055,0,0,-0.0024985821238935335,0.5,1.0,0.0,-0.0024985821238935335,0.9806189036269863,-0.10435855918284243,-1.0,0.0,0.0024985821238935335,1.015621935618284,-0.01477931985241443,0.0,0.0,-0.0,0.9920742000609829,-0.013254685306828828,0.0,0.0,-0.0,1.0051677869950548,-0.07224478824672154
2019-05-15,9,0.5061972329883802,1,1,0.00024651556053667534,0.5,1.0,0.0,0.00024651556053667534,0.9808606414456869,-0.1041377696310195,1.0,2.0,4.651556053667533e-05,1.0156691778419127,-0.014733491760224982,1.0,1.0,0.00014651556053667535,0.9922195543684988,-0.013110111763939614,1.0,1.0,0.00014651556053667535,1.0053150597168,-0.07210885767183062
2019-05-16,9,0.49910997960129405,0,0,-0.0030056424003528375,0.5,1.0,0.0,-0.0030056424003528375,0.9779125251129204,-0.10683041113549119,-1.0,2.0,0.0028056424003528374,1.0185187823519974,-0.011969186269059962,0.0,1.0,-0.0001,0.992120332413062,-0.013208800752763206,0.0,1.0,-0.0001,1.0052145282108282,-0.07220164678606344
2019-05-17,9,0.5098970260279883,1,0,-0.0007370057657791751,0.5,1.0,0.0,-0.0007370057657791751,0.9771917979434844,-0.10748868227230302,1.0,2.0,-0.0009370057657791751,1.0175644243803792,-0.012894976838293326,1.0,1.0,-0.0008370057657791751,0.9912899219744855,-0.01403475067615323,1.0,1.0,-0.0008370057657791751,1.0043731578548707,-0.07297821935718396
2019-05-20,9,0.5033692969354078,1,1,0.0002904073849743227,0.5,1.0,0.0,0.0002904073849743227,0.9774755816581435,-0.10722949039446172,1.0,0.0,0.0002904073849743227,1.0178599326039064,-0.012608314249822006,1.0,0.0,0.0002904073849743227,0.9915777998884775,-0.013748419086421548,1.0,0.0,0.0002904073849743227,1.0046648352371816,-0.0727090053860534
2019-05-21,9,0.5109916824740331,1,0,-0.001171325515886501,0.5,1.0,0.0,-0.001171325515886501,0.9763306395681913,-0.10827521527219364,1.0,0.0,-0.001171325515886501,1.016667687293249,-0.013764871325515293,1.0,0.0,-0.001171325515886501,0.9904163395104815,-0.01490364072822914,1.0,0.0,-0.001171325515886501,1.0034880456807544,-0.07379516498869643
2019-05-23,9,0.5129064531612382,1,1,0.0026060336834154985,0.5,1.0,0.0,0.0026060336834154985,0.9788749901010566,-0.10595135044685666,1.0,0.0,0.0026060336834154985,1.0193171575311752,-0.011194709360421995,1.0,0.0,0.0026060336834154985,0.9929973978518508,-0.012336446434557002,1.0,0.0,0.0026060336834154985,1.0061031693287033,-0.07138144399091473
2019-05-24,9,0.5069208846841962,1,1,0.0022418843339460097,0.5,1.0,0.0,0.0022418843339460097,0.9810695146062557,-0.1039469967856379,1.0,0.0,0.0022418843339460097,1.0216023486979668,-0.00897792227001415,1.0,0.0,0.0022418843339460097,0.9952235831617441,-0.010122218986609033,1.0,0.0,0.0022418843339460097,1.0083587362623547,-0.06929958859798635
2019-05-27,9,0.49767357434048554,0,0,-0.001410352939174686,0.5,1.0,0.0,-0.001410352939174686,0.979685860332796,-0.1052107477723776,-1.0,2.0,0.001210352939174686,1.0228388481033812,-0.00777843578544668,0.0,1.0,-0.0001,0.995124060803428,-0.010221206764710389,0.0,1.0,-0.0001,1.0082579003887284,-0.06939265863912658
2019-05-28,9,0.5065185185933291,1,0,-0.002066653901392268,0.5,1.0,0.0,-0.002066653901392268,0.9776611887274004,-0.10705996747141766,1.0,2.0,-0.002266653901392268,1.020520426437832,-0.010027458665019195,1.0,1.0,-0.002166653901392268,0.9929679713747189,-0.012365714848588949,1.0,1.0,-0.002166653901392268,1.0060733544752416,-0.07140896266595043
2019-05-29,9,0.5110692019652676,1,0,-0.002984744284602603,0.5,1.0,0.0,-0.002984744284602603,0.9747431200820684,-0.1097251651300003,1.0,0.0,-0.002984744284602603,1.0174744339277015,-0.012982273549682177,1.0,0.0,-0.002984744284602603,0.9900042158973648,-0.015313550636472217,1.0,0.0,-0.002984744284602603,1.0030704827805808,-0.0741805694573664
2019-05-30,9,0.5131747517780763,1,0,-0.0005565852978207664,0.5,1.0,0.0,-0.0005565852978207664,0.9742005923922789,-0.1102206790141087,1.0,0.0,-0.0005565852978207664,1.0169081226168688,-0.01353163310491301,1.0,0.0,-0.0005565852978207664,0.9894531941060157,-0.015861612637151246,1.0,0.0,-0.0005565852978207664,1.002512188497187,-0.07469586694084329
2019-05-31,9,0.5048199986275328,1,1,0.003855000325034164,0.5,1.0,0.0,0.003855000325034164,0.9779561359925996,-0.10679057944249937,1.0,0.0,0.003855000325034164,1.0208283037600867,-0.009728797229896502,1.0,0.0,0.003855000325034164,0.9932675364909005,-0.012067758833988917,1.0,0.0,0.003855000325034164,1.0063768733096945,-0.07112881920714464
2019-06-03,9,0.5039657457846795,1,1,0.006466649149158067,0.5,1.0,0.0,0.006466649149158067,0.98428023520733,-0.10101450750303131,1.0,0.0,0.006466649149158067,1.0274296422420333,-0.0033250607990675807,1.0,0.0,0.006466649149158067,0.9996906491606357,-0.005679147647226879,1.0,0.0,0.006466649149158067,1.012884759461215,-0.06512213517619314
2019-06-04,9,0.47971159845632705,0,1,0.000686552412982211,0.5,1.0,0.0,0.000686552412982211,0.9849559951778623,-0.10039730684392156,-1.0,2.0,-0.000886552412982211,1.0265187720135343,-0.004208665371374987,0.0,1.0,-0.0001,0.9995906800957196,-0.005778579732462208,0.0,1.0,-0.0001,1.0127834709852688,-0.06521562296267558
2019-06-05,9,0.47955375044272563,0,0,-0.002223382462776868,0.5,1.0,0.0,-0.002223382462776868,0.9827660612915768,-0.10239746769535163,-1.0,0.0,0.002223382462776868,1.0288011158489403,-0.0019946403813766445,0.0,0.0,-0.0,0.9995906800957196,-0.005778579732462208,0.0,0.0,-0.0,1.0127834709852688,-0.06521562296267558
2019-06-06,9,0.49109289930939454,0,1,0.004228744357100301,0.5,1.0,0.0,0.004228744357100301,0.9869219277276133,-0.09860173605194933,-1.0,0.0,-0.004228744357100301,1.0244505789357157,-0.00621494991421967,0.0,0.0,0.0,0.9995906800957196,-0.005778579732462208,0.0,0.0,0.0,1.0127834709852688,-0.06521562296267558
2019-06-07,9,0.5227321662185538,1,1,0.0038714871766898362,0.5,1.0,0.0,0.0038714871766898362,0.9907427833152048,-0.09511198423198397,1.0,2.0,0.003671487176689836,1.0282118360994306,-0.002566280846443725,1.0,1.0,0.0037714871766898364,1.0033606235276393,-0.0020288863951327674,1.0,1.0,0.0037714871766898364,1.0166031708588532,-0.061690095671709244
2019-06-10,9,0.4690499011526638,0,0,-0.000181128209707726,0.5,1.0,0.0,-0.000181128209707726,0.9905633318485821,-0.095275884978266,-1.0,2.0,-1.8871790292274008e-05,1.0281924319012836,-0.0025851042064221064,0.0,1.0,-0.0001,1.0032602874652865,-0.002128683506493312,0.0,1.0,-0.0001,1.0165015105417674,-0.06178392666214194
2019-06-11,9,0.47051508945824966,0,1,0.0010082874848489352,0.5,1.0,0.0,0.0010082874848489352,0.9915621044590354,-0.09436366297584853,-1.0,0.0,-0.0010082874848489352,1.0271557183401812,-0.0035907851630526677,0.0,0.0,0.0,1.0032602874652865,-0.002128683506493312,0.0,0.0,0.0,1.0165015105417674,-0.06178392666214194
2019-06-12,9,0.4729835797720155,0,0,-0.00299330095290462,0.5,1.0,0.0,-0.00299330095290462,0.988594060666894,-0.09707450508644788,-1.0,0.0,0.00299330095290462,1.0302303045306702,-0.0006082325107983344,0.0,0.0,-0.0,1.0032602874652865,-0.002128683506493312,0.0,0.0,-0.0,1.0165015105417674,-0.06178392666214194
2019-06-13,9,0.493995118533775,0,0,-0.0013423121942293115,0.5,1.0,0.0,-0.0013423121942293115,0.9872670588041182,-0.09828651298875091,-1.0,0.0,0.0013423121942293115,1.0316131952313063,0.0,0.0,0.0,-0.0,1.0032602874652865,-0.002128683506493312,0.0,0.0,-0.0,1.0165015105417674,-0.06178392666214194
2019-06-14,9,0.49566994041746115,0,0,-0.00561973605480537,0.5,1.0,0.0,-0.00561973605480537,0.9817188785180351,-0.10335390478281226,-1.0,0.0,0.00561973605480537,1.0374105890991607,0.0,0.0,0.0,-0.0,1.0032602874652865,-0.002128683506493312,0.0,0.0,-0.0,1.0165015105417674,-0.06178392666214194
2019-06-17,9,0.5106384711224978,1,1,0.0006733588790275302,0.5,1.0,0.0,0.0006733588790275302,0.9823799276415941,-0.10275014017325246,1.0,2.0,0.00047335887902753024,1.037901656612708,0.0,1.0,1.0,0.0005733588790275302,1.0038355156590804,-0.0015565451270549424,1.0,1.0,0.0005733588790275302,1.0170843307083814,-0.06124599214604731
2019-06-18,9,0.5077946350058482,1,0,-0.0023515592807045183,0.5,1.0,0.0,-0.0023515592807045183,0.9800698030055707,-0.10486007640823891,1.0,0.0,-0.0023515592807045183,1.0354609693396417,-0.0023515592807045183,1.0,0.0,-0.0023515592807045183,1.0014749369359315,-0.003904444099620097,1.0,0.0,-0.0023515592807045183,1.014692596611245,-0.06345352784551483
2019-06-19,9,0.5116668300802639,1,1,0.0035963319394261006,0.5,1.0,0.0,0.0035963319394261006,0.9835944593409867,-0.10164085611077034,1.0,0.0,0.0035963319394261006,1.039184830695707,0.0,1.0,0.0,0.0035963319394261006,1.005076573238169,-0.00032215383721501123,1.0,0.0,0.0035963319394261006,1.0183417680051372,-0.060085395854948875
2019-06-20,9,0.49742950746483383,0,1,0.005082990533778808,0.5,1.0,0.0,0.005082990533778808,0.9885940606668941,-0.09707450508644777,-1.0,2.0,-0.005282990533778808,1.033694827072295,-0.005282990533778897,0.0,1.0,-0.0001,1.0049760655808453,-0.00042212162183119517,0.0,1.0,-0.0001,1.0182399338283368,-0.06017938731536332
2019-06-21,9,0.4800025068938352,0,1,0.007889659172591434,0.5,1.0,0.0,0.007889659172591434,0.9963937308656041,-0.08995073067333648,-1.0,0.0,-0.007889659172591434,1.0255393271982238,-0.013130968711646651,0.0,0.0,0.0,1.0049760655808453,-0.00042212162183119517,0.0,0.0,0.0,1.0182399338283368,-0.06017938731536332
2019-06-24,9,0.462226177605544,0,1,0.00136792961068144,0.5,1.0,0.0,0.00136792961068144,0.9977567273539525,-0.08870584733064557,-1.0,0.0,-0.00136792961068144,1.024136461585631,-0.014480936081410545,0.0,0.0,0.0,1.0049760655808453,-0.00042212162183119517,0.0,0.0,0.0,1.0182399338283368,-0.06017938731536332
2019-06-25,9,0.47728346347137773,0,0,-0.002660493599308089,0.5,1.0,0.0,-0.002660493599308089,0.9951022019671607,-0.09113033959090922,-1.0,0.0,0.002660493599308089,1.0268611700864978,-0.011858968919858826,0.0,0.0,-0.0,1.0049760655808453,-0.00042212162183119517,0.0,0.0,-0.0,1.0182399338283368,-0.06017938731536332
2019-06-26,9,0.4865946046403134,0,1,0.00042085088626131484,0.5,1.0,0.0,0.00042085088626131484,0.9955209916107791,-0.09074784098883015,-1.0,0.0,-0.00042085088626131484,1.0264290146529995,-0.01227482894854015,0.0,0.0,0.0,1.0049760655808453,-0.00042212162183119517,0.0,0.0,0.0,1.0182399338283368,-0.06017938731536332
2019-06-27,9,0.4818055840312503,0,0,-0.0001591937147512601,0.5,1.0,0.0,-0.0001591937147512601,0.9953625109260117,-0.09089258821766877,-1.0,0.0,0.0001591937147512601,1.0265924157007706,-0.012117589309407095,0.0,0.0,-0.0,1.0049760655808453,-0.00042212162183119517,0.0,0.0,-0.0,1.0182399338283368,-0.06017938731536332
2019-06-28,9,0.49907349104175625,0,0,-0.0007045888946014545,0.5,1.0,0.0,-0.0007045888946014545,0.9946611895547106,-0.09153313520401041,-1.0,0.0,0.0007045888946014545,1.0273157413161553,-0.011421538333662551,0.0,0.0,-0.0,1.0049760655808453,-0.00042212162183119517,0.0,0.0,-0.0,1.0182399338283368,-0.06017938731536332
2019-07-01,9,0.49023140387946107,0,0,-0.006817681434481248,0.5,1.0,0.0,-0.006817681434481248,0.9878799064290844,-0.09772677288197151,-1.0,0.0,0.006817681434481248,1.0343196527730767,-0.004681725309032103,0.0,0.0,-0.0,1.0049760655808453,-0.00042212162183119517,0.0,0.0,-0.0,1.0182399338283368,-0.06017938731536332
2019-07-02,9,0.5126286095103575,1,1,0.0004969057714576675,0.5,1.0,0.0,0.0004969057714576675,0.988370789656096,-0.09727842810798482,1.0,2.0,0.0002969057714576675,1.034626748247517,-0.004386209568839061,1.0,1.0,0.00039690577145766746,1.0053749463814512,-2.5383392881495048e-05,1.0,1.0,0.00039690577145766746,1.018644079134802,-0.059806367090053936
2019-07-03,9,0.5044874970885987,1,0,-0.0004515849332772381,0.5,1.0,0.0,-0.0004515849332772381,0.9879244562989961,-0.0976860835687956,1.0,0.0,-0.0004515849332772381,1.034159526396443,-0.004835813755960761,1.0,0.0,-0.0004515849332772381,1.004920934203371,-0.0004769568634009902,1.0,0.0,-0.0004515849332772381,1.0181840748162927,-0.060230944369039086
2019-07-04,9,0.5071412279403869,1,0,-0.00019178324944402192,0.5,1.0,0.0,-0.00019178324944402192,0.9877349889365619,-0.09785913226370724,1.0,0.0,-0.00019178324944402192,1.033961191922027,-0.0050266695773290015,1.0,0.0,-0.00019178324944402192,1.0047282072011752,-0.0006686486405077519,1.0,0.0,-0.00019178324944402192,1.0179888041658922,-0.06041117633225501
2019-07-05,9,0.4997127786228357,0,0,-0.005175866546490382,0.5,1.0,0.0,-0.005175866546490382,0.9826226044505271,-0.10252849300124534,-1.0,2.0,0.004975866546490382,1.039106044827281,-7.581506782883274e-05,0.0,1.0,-0.0001,1.004627734380455,-0.0007685817756437618,0.0,1.0,-0.0001,1.0178870052854756,-0.060505135214621864
2019-07-08,9,0.5050308128183056,1,0,-0.0010094279101561243,0.5,1.0,0.0,-0.0010094279101561243,0.9816307177684445,-0.10343442578897977,1.0,2.0,-0.0012094279101561244,1.037849320975055,-0.0012851512851259628,1.0,1.0,-0.0011094279101561244,1.0035131723326165,-0.0018771569997266813,1.0,1.0,-0.0011094279101561244,1.0167577330324267,-0.06154743703906307
2019-07-09,9,0.5040954853867974,1,0,-0.0006948888470127423,0.5,1.0,0.0,-0.0006948888470127423,0.980948593530782,-0.10405743920711452,1.0,0.0,-0.0006948888470127423,1.0371281310570297,-0.001979147094843925,1.0,0.0,-0.0006948888470127423,1.0028158422213322,-0.0025707414312761134,1.0,0.0,-0.0006948888470127423,1.0160511994236285,-0.062199557258515115
2019-07-10,9,0.5040954853867974,1,1,0.004514813137107554,0.5,1.0,0.0,0.004514813137107554,0.9853773931276819,-0.10001242596355309,1.0,0.0,0.004514813137107554,1.0418105707679899,0.0,1.0,0.0,0.004514813137107554,1.0073433683598927,0.0,1.0,0.0,0.004514813137107554,1.0206384807267603,-0.05796556349964044
2019-07-11,9,0.49769495742189745,0,0,-0.0005738722932974172,0.5,1.0,0.0,-0.0005738722932974172,0.9848119123433243,-0.10052890389660452,-1.0,2.0,0.0003738722932974172,1.0422000748752642,0.0,0.0,1.0,-0.0001,1.0072426340230567,-9.999999999998899e-05,0.0,1.0,-0.0001,1.0205364168786877,-0.0580597669432904
2019-07-12,9,0.5046119520886517,1,1,0.0017471838155604933,0.5,1.0,0.0,0.0017471838155604933,0.9865325597779417,-0.09895736255492826,1.0,2.0,0.0015471838155604932,1.0438125499636872,0.0,1.0,1.0,0.0016471838155604933,1.008901747788162,0.0,1.0,1.0,0.0016471838155604933,1.0222174279477603,-0.056508218236174246
2019-07-15,9,0.5074070593639192,1,0,-0.0009122557209516602,0.5,1.0,0.0,-0.0009122557209516602,0.9856325898063792,-0.09977934385575893,1.0,0.0,-0.0009122557209516602,1.0428603259933817,-0.0009122557209516602,1.0,0.0,-0.0009122557209516602,1.0079813713968642,-0.0009122557209517712,1.0,0.0,-0.0009122557209516602,1.0212849042510583,-0.057368924011759304
2019-07-16,9,0.508018975523132,1,0,-0.004395125846612946,0.5,1.0,0.0,-0.004395125846612946,0.9813006105356572,-0.10373592692923328,1.0,0.0,-0.004395125846612946,1.0382768236202011,-0.005303372088866554,1.0,0.0,-0.004395125846612946,1.0035511664185335,-0.005303372088866776,1.0,0.0,-0.004395125846612946,1.016796228571629,-0.061511906217655676
2019-07-17,9,0.5085143129014681,1,1,0.0015496194528008542,0.5,1.0,0.0,0.0015496194528008542,0.9828212530507886,-0.10234705868675631,1.0,0.0,0.0015496194528008542,1.0398857575834752,-0.003761970844620155,1.0,0.0,0.0015496194528008542,1.0051062888278965,-0.003761970844620377,1.0,0.0,0.0015496194528008542,1.0183718757869582,-0.06005760681130845
2019-07-18,9,0.5048813996019941,1,1,0.0028379711064945297,0.5,1.0,0.0,0.0028379711064945297,0.9856104713697955,-0.09979954557564952,1.0,0.0,0.0028379711064945297,1.0428369233175523,-0.0009346761026861605,1.0,0.0,0.0028379711064945297,1.007958751434546,-0.0009346761026862715,1.0,0.0,0.0028379711064945297,1.0212619857461083,-0.05739007745766955
2019-07-19,9,0.5018105318663584,1,0,-0.0038367310818300253,0.5,1.0,0.0,-0.0038367310818300253,0.9818289490397138,-0.1032533726390169,1.0,0.0,-0.0038367310818300253,1.0388358384805798,-0.004767821083661583,1.0,0.0,-0.0038367310818300253,1.0040914847637146,-0.004767821083661694,1.0,0.0,-0.0038367310818300253,1.0173436781427048,-0.06100661824552911
2019-07-22,9,0.5107441705469342,1,0,-0.0010869658775174429,0.5,1.0,0.0,-0.0010869658775174429,0.9807617344745488,-0.10422810562373719,1.0,0.0,-0.0010869658775174429,1.0377066593718092,-0.005849604502350947,1.0,0.0,-0.0010869658775174429,1.0030000715818705,-0.005849604502351169,1.0,0.0,-0.0010869658775174429,1.0162378602788555,-0.0620272720107109
2019-07-23,9,0.5085088129046897,1,0,-0.004895445604800709,0.5,1.0,0.0,-0.004895445604800709,0.9759604687521587,-0.10861330820696546,1.0,0.0,-0.004895445604800709,1.032626622867115,-0.01071641368650078,1.0,0.0,-0.004895445604800709,0.9980899392898303,-0.010716413686501003,1.0,0.0,-0.004895445604800709,1.0112629231123214,-0.066619066479369
2019-07-24,9,0.5098885379449107,1,0,-0.0007910757250824131,0.5,1.0,0.0,-0.0007910757250824131,0.9751884101166888,-0.10931846258050448,1.0,0.0,-0.0007910757250824131,1.031809737012691,-0.011499011916855872,1.0,0.0,-0.0007910757250824131,0.997300374567409,-0.011499011916856094,1.0,0.0,-0.0007910757250824131,1.0104629375621712,-0.06735744147813205
2019-07-25,9,0.5016946465551388,1,1,0.00033433362387369486,0.5,1.0,0.0,0.00033433362387369486,0.9755144483918027,-0.10902067779438163,1.0,0.0,0.00033433362387369486,1.0321547057012146,-0.011168522799307357,1.0,0.0,0.00033433362387369486,0.9976338056157288,-0.011168522799307579,1.0,0.0,0.00033433362387369486,1.0108007692978764,-0.06704562771176259
2019-07-26,9,0.5040714064448895,1,0,-0.0012578507383255164,0.5,1.0,0.0,-0.0012578507383255164,0.9742873968226459,-0.11014139679265078,1.0,0.0,-0.0012578507383255164,1.0308564091425823,-0.012412325202983743,1.0,0.0,-0.0012578507383255164,0.9963789311967566,-0.012412325202983965,1.0,0.0,-0.0012578507383255164,1.009529332803915,-0.06821914505776949
2019-07-29,9,0.5058543278341344,1,1,0.0009805837562772977,0.5,1.0,0.0,0.0009805837562772977,0.9752427672179158,-0.10926881590096205,1.0,0.0,0.0009805837562772977,1.0318672501924417,-0.011443912771178177,1.0,0.0,0.0009805837562772977,0.9973559641917851,-0.011443912771178288,1.0,0.0,0.0009805837562772977,1.010519260869148,-0.06730545588700287
2019-07-30,9,0.5036314163917174,1,1,0.001338864668436468,0.5,1.0,0.0,0.001338864668436468,0.976548485302092,-0.10807624738949728,1.0,0.0,0.001338864668436468,1.0332487807962412,-0.010120369953219632,1.0,0.0,0.001338864668436468,0.9986912888540959,-0.010120369953219743,1.0,0.0,0.001338864668436468,1.0118722094043002,-0.06605670411544662
2019-07-31,9,0.5148414229907283,1,0,-0.007728002186327854,0.5,1.0,0.0,-0.007728002186327854,0.9690017164726223,-0.11496903609970899,1.0,0.0,-0.007728002186327854,1.0252638319592273,-0.0177701618984224,1.0,0.0,-0.007728002186327854,0.9909734003903649,-0.01777016189842273,1.0,0.0,-0.007728002186327854,1.0040524587577393,-0.0732742199479487
2019-08-01,9,0.510649258827246,1,1,0.0006425735328396964,0.5,1.0,0.0,0.0006425735328396964,0.9696243713289039,-0.11440033862656307,1.0,0.0,0.0006425735328396964,1.0259226393618222,-0.017139007001292894,1.0,0.0,0.0006425735328396964,0.9916101736692039,-0.017139007001293116,1.0,0.0,0.0006425735328396964,1.0046976362933195,-0.07267873048948714
2019-08-02,9,0.5001752928073934,1,1,0.002632558396775675,0.5,1.0,0.0,0.002632558396775675,0.9721769641093642,-0.11206894580183269,1.0,0.0,0.002632558396775675,1.0286234406205164,-0.01455156804131097,1.0,0.0,0.002632558396775675,0.994220645358225,-0.01455156804131108,1.0,0.0,0.002632558396775675,1.0073425614919642,-0.0702375030949286
2019-08-05,9,0.5030562143814568,1,1,0.012222036561796436,0.5,1.0,0.0,0.012222036561796436,0.9840589465092451,-0.10121661999306819,1.0,0.0,0.012222036561796436,1.0411953139201011,-0.002507381276146914,1.0,0.0,0.012222036561796436,1.006372046436286,-0.002507381276147136,1.0,0.0,0.012222036561796436,1.0196543391087727,-0.05887391186396762
2019-08-06,9,0.4715858113788255,0,0,-0.0032724860429519387,0.5,1.0,0.0,-0.0032724860429519387,0.9808386273413516,-0.104157876059778,-1.0,2.0,0.0030724860429519386,1.0443943719901074,0.0,0.0,1.0,-0.0001,1.0062714092316423,-0.002607130538019531,0.0,1.0,-0.0001,1.0195523736748617,-0.058968024472781266
2019-08-07,10,0.499848226200274,0,0,-0.0002352914396145378,0.52,1.0,0.0,-0.0002352914396145378,0.980607844408695,-0.10436866004278722,0.0,1.0,-0.0001,1.0442899325529085,-9.999999999998899e-05,0.0,0.0,-0.0,1.0062714092316423,-0.002607130538019531,1.0,1.0,-0.0003352914396145378,1.01921052649173,-0.05928354443857908
2019-08-08,10,0.48560207817842527,0,0,-0.001532626973702711,0.52,1.0,0.0,-0.001532626973702711,0.9791049383757298,-0.1057413287928991,0.0,0.0,-0.0,1.0442899325529085,-9.999999999998899e-05,0.0,0.0,-0.0,1.0062714092316423,-0.002607130538019531,1.0,0.0,-0.001532626973702711,1.017648456946947,-0.06072531185297847
2019-08-09,10,0.493366974546128,0,1,0.0019053779161146698,0.52,1.0,0.0,0.0019053779161146698,0.9809705033028697,-0.10403742806948701,0.0,0.0,0.0,1.0442899325529085,-9.999999999998899e-05,0.0,0.0,0.0,1.0062714092316423,-0.002607130538019531,1.0,0.0,0.0019053779161146698,1.019587461843182,-0.058935638605017604
2019-08-12,10,0.4763459079116808,0,1,0.0008750984193242052,0.52,1.0,0.0,0.0008750984193242052,0.9818289490397137,-0.10325337263901702,-1.0,1.0,-0.0009750984193242052,1.04327164709036,-0.0010750009094822044,0.0,0.0,0.0,1.0062714092316423,-0.002607130538019531,0.0,1.0,-0.0001,1.0194855030969976,-0.0590297450411571
2019-08-13,10,0.4861080844603422,0,0,-0.003677236698747866,0.52,1.0,0.0,-0.003677236698747866,0.9782185315964118,-0.10655092224662721,0.0,1.0,-0.0001,1.043167319925651,-0.0011748934093911423,0.0,0.0,-0.0,1.0062714092316423,-0.002607130538019531,1.0,1.0,-0.0037772366987478658,1.015634665040858,-0.06258401242061795
2019-08-14,10,0.49936929620476433,0,0,-0.0030198398164503763,0.52,1.0,0.0,-0.0030198398164503763,0.9752644683255074,-0.10924899534559773,0.0,0.0,-0.0,1.043167319925651,-0.0011748934093911423,0.0,0.0,-0.0,1.0062714092316423,-0.002607130538019531,1.0,0.0,-0.0030198398164503763,1.0125676110404005,-0.06541485854448725
2019-08-15,10,0.5023780200182487,1,0,-0.002667292846995184,0.52,1.0,0.0,-0.002667292846995184,0.9726631523852142,-0.11162488912876622,0.0,0.0,-0.0,1.043167319925651,-0.0011748934093911423,0.0,0.0,-0.0,1.0062714092316423,-0.002607130538019531,1.0,0.0,-0.002667292846995184,1.0098667966943735,-0.0679076708071994
2019-08-16,10,0.5056762284231803,1,0,-0.0017750133088455522,0.52,1.0,0.0,-0.0017750133088455522,0.9709366623447068,-0.11320176677380978,0.0,0.0,-0.0,1.043167319925651,-0.0011748934093911423,0.0,0.0,-0.0,1.0062714092316423,-0.002607130538019531,1.0,0.0,-0.0017750133088455522,1.0080742696900797,-0.06956214709658959
2019-08-19,10,0.5065096148396208,1,0,-0.0009641960160103878,0.52,1.0,0.0,-0.0009641960160103878,0.9700004890830756,-0.11405681409729151,0.0,0.0,-0.0,1.043167319925651,-0.0011748934093911423,0.0,0.0,-0.0,1.0062714092316423,-0.002607130538019531,1.0,0.0,-0.0009641960160103878,1.007102288495402,-0.07045927156750431
2019-08-20,10,0.5024195660742294,1,1,0.0013206089644373085,0.52,1.0,0.0,0.0013206089644373085,0.9712814804244673,-0.1128868295840062,0.0,0.0,0.0,1.043167319925651,-0.0011748934093911423,0.0,0.0,0.0,1.0062714092316423,-0.002607130538019531,1.0,0.0,0.0013206089644373085,1.0084322768056944,-0.06923171174872667
2019-08-21,10,0.5029390101368528,1,0,-0.000632149682732841,0.52,1.0,0.0,-0.000632149682732841,0.9706674851447726,-0.11344761789323288,0.0,0.0,-0.0,1.043167319925651,-0.0011748934093911423,0.0,0.0,-0.0,1.0062714092316423,-0.002607130538019531,1.0,0.0,-0.000632149682732841,1.0077947966618541,-0.06982009662684252
2019-08-22,10,0.5024381991018384,1,0,-0.000609655232012396,0.52,1.0,0.0,-0.000609655232012396,0.9700757126339098,-0.11398810919143731,0.0,0.0,-0.0,1.043167319925651,-0.0011748934093911423,0.0,0.0,-0.0,1.0062714092316423,-0.002607130538019531,1.0,0.0,-0.000609655232012396,1.0071803892912743,-0.07038718567164681
2019-08-23,10,0.5022809045087462,1,1,0.0053264446441778635,0.52,1.0,0.0,0.0053264446441778635,0.9752427672179157,-0.10926881590096216,0.0,0.0,0.0,1.043167319925651,-0.0011748934093911423,0.0,0.0,0.0,1.0062714092316423,-0.002607130538019531,1.0,0.0,0.0053264446441778635,1.0125450798815359,-0.0654356544756084
2019-08-26,10,0.48457851578925043,0,0,-0.003531008169909478,0.52,1.0,0.0,-0.003531008169909478,0.9717991770392241,-0.11241399498920901,0.0,0.0,-0.0,1.043167319925651,-0.0011748934093911423,0.0,0.0,-0.0,1.0062714092316423,-0.002607130538019531,1.0,0.0,-0.003531008169909478,1.0089697749320725,-0.0687356088149611
2019-08-27,10,0.5054010536018592,1,0,-0.0012309884431378484,0.52,1.0,0.0,-0.0012309884431378484,0.970602903483238,-0.11350660310366811,0.0,0.0,-0.0,1.043167319925651,-0.0011748934093911423,0.0,0.0,-0.0,1.0062714092316423,-0.002607130538019531,1.0,0.0,-0.0012309884431378484,1.0077277447996558,-0.06988198451801564
2019-08-28,10,0.5023236840735658,1,0,-0.0003769751693002421,0.52,1.0,0.0,-0.0003769751693002421,0.970237010289374,-0.11384078910204676,0.0,0.0,-0.0,1.043167319925651,-0.0011748934093911423,0.0,0.0,-0.0,1.0062714092316423,-0.002607130538019531,1.0,0.0,-0.0003769751693002421,1.0073478564624514,-0.07023261591437113
2019-08-29,10,0.5003202101343188,1,0,-0.0021569993116828945,0.52,1.0,0.0,-0.0021569993116828945,0.9681442097260106,-0.11575223390999512,0.0,0.0,-0.0,1.043167319925651,-0.0011748934093911423,0.0,0.0,-0.0,1.0062714092316423,-0.002607130538019531,1.0,0.0,-0.0021569993116828945,1.0051750078294366,-0.07223812352186909
2019-08-30,10,0.501634359100647,1,0,-0.006342304929373932,0.52,1.0,0.0,-0.006342304929373932,0.9620039439323205,-0.12136040287565564,0.0,0.0,-0.0,1.043167319925651,-0.0011748934093911423,0.0,0.0,-0.0,1.0062714092316423,-0.002607130538019531,1.0,0.0,-0.006342304929373932,0.9987998814223965,-0.07812227224434154
2019-09-02,10,0.5144579048975131,1,0,-0.0021168948030498846,0.52,1.0,0.0,-0.0021168948030498846,0.9599674827828967,-0.12322039047256195,0.0,0.0,-0.0,1.043167319925651,-0.0011748934093911423,0.0,0.0,-0.0,1.0062714092316423,-0.002607130538019531,1.0,0.0,-0.0021168948030498846,0.9966855271441266,-0.08007379041527485
2019-09-03,10,0.5109740231509255,1,1,0.0005487410040276862,0.52,1.0,0.0,0.0005487410040276862,0.9604942563032329,-0.1227392655493188,0.0,0.0,0.0,1.043167319925651,-0.0011748934093911423,0.0,0.0,0.0,1.0062714092316423,-0.002607130538019531,1.0,0.0,0.0005487410040276862,0.9972324493609915,-0.07956898918339605
2019-09-04,10,0.5041770375912824,1,1,0.00550645109536485,0.52,1.0,0.0,0.00550645109536485,0.9657831709529455,-0.11790867221718226,0.0,0.0,0.0,1.043167319925651,-0.0011748934093911423,0.0,0.0,0.0,1.0062714092316423,-0.002607130538019531,1.0,0.0,0.00550645109536485,1.0027236610741088,-0.07450068083567707
2019-09-05,10,0.4831970354857928,0,1,0.00012142419781158152,0.52,1.0,0.0,0.00012142419781158152,0.9659004403997384,-0.11780156498530969,0.0,0.0,0.0,1.043167319925651,-0.0011748934093911423,0.0,0.0,0.0,1.0062714092316423,-0.002607130538019531,1.0,0.0,0.00012142419781158152,1.0028454159902815,-0.07438830282327225
2019-09-06,10,0.5004753657047174,1,0,-0.0014217004063976633,0.52,1.0,0.0,-0.0014217004063976633,0.9645272193510824,-0.11905578685889351,0.0,0.0,-0.0,1.043167319925651,-0.0011748934093911423,0.0,0.0,-0.0,1.0062714092316423,-0.002607130538019531,1.0,0.0,-0.0014217004063976633,1.0014196702548142,-0.07570424534931486
2019-09-09,10,0.5059322381390944,1,1,0.0025190469937259596,0.52,1.0,0.0,0.0025190469937259596,0.9669569087433556,-0.11683664698714014,0.0,0.0,0.0,1.043167319925651,-0.0011748934093911423,0.0,0.0,0.0,1.0062714092316423,-0.002607130538019531,1.0,0.0,0.0025190469937259596,1.0039422934646276,-0.07337590090724833
2019-09-10,10,0.4938910309725612,0,1,0.00017673613036772728,0.52,1.0,0.0,0.00017673613036772728,0.9671278049656392,-0.11668056011364603,0.0,0.0,0.0,1.043167319925651,-0.0011748934093911423,0.0,0.0,0.0,1.0062714092316423,-0.002607130538019531,1.0,0.0,0.00017673613036772728,1.0041197263406871,-0.0732121329496691
2019-09-11,10,0.494352686188093,0,0,-0.003337111955823313,0.52,1.0,0.0,-0.003337111955823313,0.9639003912048792,-0.11962829597730196,0.0,0.0,-0.0,1.043167319925651,-0.0011748934093911423,0.0,0.0,-0.0,1.0062714092316423,-0.002607130538019531,1.0,0.0,-0.003337111955823313,1.0007688663968375,-0.07630492782131482
2019-09-12,10,0.504883758254128,1,1,0.004069486396331535,0.52,1.0,0.0,0.004069486396331535,0.9678229707343061,-0.11604563530406642,0.0,0.0,0.0,1.043167319925651,-0.0011748934093911423,0.0,0.0,0.0,1.0062714092316423,-0.002607130538019531,1.0,0.0,0.004069486396331535,1.0048414816845115,-0.07254596329072527
2019-09-13,10,0.4859104134706264,0,1,0.0022721208923117686,0.52,1.0,0.0,0.0022721208923117686,0.9700219815261708,-0.1140371841241905,0.0,0.0,0.0,1.043167319925651,-0.0011748934093911423,0.0,0.0,0.0,1.0062714092316423,-0.002607130538019531,1.0,0.0,0.0022721208923117686,1.0071246030085084,-0.07043867559725925
2019-09-16,10,0.4867061597938039,0,0,-0.006988703977614418,0.52,1.0,0.0,-0.006988703977614418,0.9632427850455054,-0.12022891597952035,0.0,0.0,-0.0,1.043167319925651,-0.0011748934093911423,0.0,0.0,-0.0,1.0062714092316423,-0.002607130538019531,1.0,0.0,-0.006988703977614418,1.0000861072895095,-0.07693510452254915
2019-09-17,10,0.5070737421529284,1,1,0.0062460093225473745,0.52,1.0,0.0,0.0062460093225473745,0.9692592084607762,-0.1147338575870207,0.0,0.0,0.0,1.043167319925651,-0.0011748934093911423,0.0,0.0,0.0,1.0062714092316423,-0.002607130538019531,1.0,0.0,0.0062460093225473745,1.00633265443899,-0.0711696325800808
2019-09-18,10,0.475989884172035,0,0,-0.003905115982881124,0.52,1.0,0.0,-0.003905115982881124,0.9654741388342613,-0.11819092454886126,-1.0,1.0,0.003805115982881124,1.0471366925675194,0.0,0.0,0.0,-0.0,1.0062714092316423,-0.002607130538019531,0.0,1.0,-0.0001,1.006232021173546,-0.07126251561682273
2019-09-19,10,0.5021234432882178,1,1,0.001546816986933708,0.52,1.0,0.0,0.001546816986933708,0.9669675506326553,-0.11682692729172106,0.0,1.0,-0.0001,1.0470319788982627,-9.999999999998899e-05,0.0,0.0,0.0,1.0062714092316423,-0.002607130538019531,1.0,1.0,0.001446816986933708,1.0076878547545767,-0.06991880244801496
2019-09-20,10,0.5020049863069965,1,0,-0.0026665498509088614,0.52,1.0,0.0,-0.0026665498509088614,0.9643890834546821,-0.11918195231707807,0.0,0.0,-0.0,1.0470319788982627,-9.999999999998899e-05,0.0,0.0,-0.0,1.0062714092316423,-0.002607130538019531,1.0,0.0,-0.0026665498509088614,1.0050008048557182,-0.07239891032668033
2019-09-23,10,0.5081084098823435,1,0,-0.002297737141640499,0.52,1.0,0.0,-0.002297737141640499,0.9621731708386356,-0.1212058406602664,0.0,0.0,-0.0,1.0470319788982627,-9.999999999998899e-05,0.0,0.0,-0.0,1.0062714092316423,-0.002607130538019531,1.0,0.0,-0.002297737141640499,1.0026915771790226,-0.07453029380304899
2019-09-24,10,0.5095417287190424,1,1,0.0021041610122873866,0.52,1.0,0.0,0.0021041610122873866,0.9641977381117832,-0.11935671625235789,0.0,0.0,0.0,1.0470319788982627,-9.999999999998899e-05,0.0,0.0,0.0,1.0062714092316423,-0.002607130538019531,1.0,0.0,0.0021041610122873866,1.0048014017030715,-0.07258295652921642
2019-09-25,10,0.5014469951291608,1,0,-0.005804942170237083,0.52,1.0,0.0,-0.005804942170237083,0.958600626001371,-0.12446879958712054,0.0,0.0,-0.0,1.0470319788982627,-9.999999999998899e-05,0.0,0.0,-0.0,1.0062714092316423,-0.002607130538019531,1.0,0.0,-0.005804942170237083,0.9989685876736121,-0.07796655883425652
2019-09-26,10,0.5099729239587366,1,0,-0.002752623786713926,0.52,1.0,0.0,-0.002752623786713926,0.9559619591162808,-0.12687880759538717,0.0,0.0,-0.0,1.0470319788982627,-9.999999999998899e-05,0.0,0.0,-0.0,1.0062714092316423,-0.002607130538019531,1.0,0.0,-0.002752623786713926,0.9962188029770017,-0.08050457001655498
2019-09-27,10,0.5123577878302489,1,1,0.00182741493472971,0.52,1.0,0.0,0.00182741493472971,0.9577088982774034,-0.12528325288855802,0.0,0.0,0.0,1.0470319788982627,-9.999999999998899e-05,0.0,0.0,0.0,1.0062714092316423,-0.002607130538019531,1.0,0.0,0.00182741493472971,0.9980393080958204,-0.07882427033538753
2019-09-30,10,0.5023115819099571,1,0,-0.003934782765000033,0.52,1.0,0.0,-0.003934782765000033,0.9539405218105742,-0.128725073269349,0.0,0.0,-0.0,1.0470319788982627,-9.999999999998899e-05,0.0,0.0,-0.0,1.0062714092316423,-0.002607130538019531,1.0,0.0,-0.003934782765000033,0.9941122402275324,-0.08244889672000821
2019-10-01,10,0.5132421058759666,1,1,0.003236798112715489,0.52,1.0,0.0,0.003236798112715489,0.9570282346912135,-0.12590493223085097,0.0,0.0,0.0,1.0470319788982627,-9.999999999998899e-05,0.0,0.0,0.0,1.0062714092316423,-0.002607130538019531,1.0,0.0,0.003236798112715489,0.9973299808505283,-0.07947896904059149
2019-10-02,10,0.5023317828295317,1,1,0.0026312318146188836,0.52,1.0,0.0,0.0026312318146188836,0.9595463978298215,-0.12360498547953536,0.0,0.0,0.0,1.0470319788982627,-9.999999999998899e-05,0.0,0.0,0.0,1.0062714092316423,-0.002607130538019531,1.0,0.0,0.0026312318146188836,0.9999541872258154,-0.0770568648179053
2019-10-03,10,0.4978394401371647,0,1,0.0010646919993484438,0.52,1.0,0.0,0.0010646919993484438,0.9605680192025946,-0.1226718947193065,0.0,0.0,0.0,1.0470319788982627,-9.999999999998899e-05,0.0,0.0,0.0,1.0062714092316423,-0.002607130538019531,1.0,0.0,0.0010646919993484438,1.0010188304486698,-0.07607421464602337
2019-10-04,10,0.4989003808372566,0,1,0.0010217427997381014,0.52,1.0,0.0,0.0010217427997381014,0.9615494726598736,-0.12177549104472807,0.0,0.0,0.0,1.0470319788982627,-9.999999999998899e-05,0.0,0.0,0.0,1.0062714092316423,-0.002607130538019531,1.0,0.0,0.0010217427997381014,1.002041614231083,-0.0751302001273455
2019-10-07,10,0.5009684279714632,1,0,-0.0013166996248463736,0.52,1.0,0.0,-0.0013166996248463736,0.9602834008299511,-0.12293184892620035,0.0,0.0,-0.0,1.0470319788982627,-9.999999999998899e-05,0.0,0.0,-0.0,1.0062714092316423,-0.002607130538019531,1.0,0.0,-0.0013166996248463736,1.0007222264135445,-0.07634797584586961
2019-10-08,10,0.49604131217492403,0,0,-0.0010959258329721333,0.52,1.0,0.0,-0.0010959258329721333,0.9592310014440072,-0.12389305057023925,0.0,0.0,-0.0,1.0470319788982627,-9.999999999998899e-05,0.0,0.0,-0.0,1.0062714092316423,-0.002607130538019531,1.0,0.0,-0.0010959258329721333,0.9996255090739885,-0.07736022995981706
2019-10-09,10,0.5025963535454507,1,1,0.002527190822104286,0.52,1.0,0.0,0.002527190822104286,0.9616551612271343,-0.12167896112845855,0.0,0.0,0.0,1.0470319788982627,-9.999999999998899e-05,0.0,0.0,0.0,1.0062714092316423,-0.002607130538019531,1.0,0.0,0.002527190822104286,1.0021517534860616,-0.07502854320086316
2019-10-10,10,0.49166711874199026,0,1,0.002114082331388101,0.52,1.0,0.0,0.002114082331388101,0.9636881794123728,-0.11982211813889376,0.0,0.0,0.0,1.0470319788982627,-9.999999999998899e-05,0.0,0.0,0.0,1.0062714092316423,-0.002607130538019531,1.0,0.0,0.002114082331388101,1.004270384801476,-0.07307307738700586
2019-10-11,10,0.48328498128687175,0,1,0.0017229052205089967,0.52,1.0,0.0,0.0017229052205089967,0.9653485228076252,-0.11830565507125879,0.0,0.0,0.0,1.0470319788982627,-9.999999999998899e-05,0.0,0.0,0.0,1.0062714092316423,-0.002607130538019531,1.0,0.0,0.0017229052205089967,1.006000647490253,-0.07147607015300561
2019-10-14,10,0.4817861005335559,0,0,-9.046068807616603e-05,0.52,1.0,0.0,-9.046068807616603e-05,0.9652611967160187,-0.11838541374837386,0.0,0.0,-0.0,1.0470319788982627,-9.999999999998899e-05,0.0,0.0,-0.0,1.0062714092316423,-0.002607130538019531,1.0,0.0,-9.046068807616603e-05,1.005909643979476,-0.07156006506659485
2019-10-15,10,0.4831401388950624,0,1,0.0005187098166075099,0.52,1.0,0.0,0.0005187098166075099,0.9657618871743456,-0.11792811160802075,0.0,0.0,0.0,1.0470319788982627,-9.999999999998899e-05,0.0,0.0,0.0,1.0062714092316423,-0.002607130538019531,1.0,0.0,0.0005187098166075099,1.0064314191864283,-0.07107847415821433
2019-10-16,10,0.4784307052096681,0,1,0.0036435624311301758,0.52,1.0,0.0,0.0036435624311301758,0.9692807009038714,-0.1147142276139198,-1.0,1.0,-0.0037435624311301756,1.0431123493178673,-0.0038431880748869274,0.0,0.0,0.0,1.0062714092316423,-0.002607130538019531,0.0,1.0,-0.0001,1.0063307760445097,-0.07117136631079846
2019-10-17,10,0.4730139087548339,0,1,0.004717917894601521,0.52,1.0,0.0,0.004717917894601521,0.9738536876675576,-0.11053752202654343,-1.0,0.0,-0.004717917894601521,1.0381910308989408,-0.008542974123697533,0.0,0.0,0.0,1.0062714092316423,-0.002607130538019531,0.0,0.0,0.0,1.0063307760445097,-0.07117136631079846
2019-10-18,10,0.4529586220663023,0,1,0.0025658447178631416,0.52,1.0,0.0,0.0025658447178631416,0.976352445008031,-0.10825529942569778,-1.0,0.0,-0.0025658447178631416,1.0355271939261759,-0.011086898896530584,0.0,0.0,0.0,1.0062714092316423,-0.002607130538019531,0.0,0.0,0.0,1.0063307760445097,-0.07117136631079846
2019-10-21,10,0.4537189809684435,0,0,-0.0003568028922085187,0.52,1.0,0.0,-0.0003568028922085187,0.9760040796318372,-0.10857347651397431,-1.0,0.0,0.0003568028922085187,1.0358966730239294,-0.010734051841913894,0.0,0.0,-0.0,1.0062714092316423,-0.002607130538019531,0.0,0.0,-0.0,1.0063307760445097,-0.07117136631079846
2019-10-22,10,0.4599743958012232,0,0,-0.002014480528594542,0.52,1.0,0.0,-0.002014480528594542,0.97403793841759,-0.11036923788820963,-1.0,0.0,0.002014480528594542,1.037983466701372,-0.008741194851747736,0.0,0.0,-0.0,1.0062714092316423,-0.002607130538019531,0.0,0.0,-0.0,1.0063307760445097,-0.07117136631079846
2019-10-23,10,0.4769939745519158,0,1,0.00027827990030759864,0.52,1.0,0.0,0.00027827990030759864,0.9743089935979887,-0.11012167152841856,-1.0,0.0,-0.00027827990030759864,1.0376946167657375,-0.009017042253223417,0.0,0.0,0.0,1.0062714092316423,-0.002607130538019531,0.0,0.0,0.0,1.0063307760445097,-0.07117136631079846
2019-10-24,10,0.4822219695931353,0,0,-0.0025538302527958745,0.52,1.0,0.0,-0.0025538302527958745,0.9718207738145671,-0.11239426972497668,0.0,1.0,-0.0001,1.037590847304061,-0.009116140548998009,0.0,0.0,-0.0,1.0062714092316423,-0.002607130538019531,1.0,1.0,-0.0026538302527958743,1.0036601449867233,-0.0736363198385459
2019-10-25,10,0.4883165986712115,0,0,-0.0017735458882990327,0.52,1.0,0.0,-0.0017735458882990327,0.9700972050770047,-0.11396847921833664,0.0,0.0,-0.0,1.037590847304061,-0.009116140548998009,0.0,0.0,-0.0,1.0062714092316423,-0.002607130538019531,1.0,0.0,-0.0017735458882990327,1.0018801076633326,-0.07527926833456566
2019-10-28,10,0.497676441834574,0,1,0.0013430624340124988,0.52,1.0,0.0,0.0013430624340124988,0.9714001061904841,-0.11277848356742382,0.0,0.0,0.0,1.037590847304061,-0.009116140548998009,0.0,0.0,0.0,1.0062714092316423,-0.002607130538019531,1.0,0.0,0.0013430624340124988,1.0032256951993197,-0.07403731065791319
2019-10-29,10,0.49299758676514926,0,1,0.0014116106506523174,0.52,1.0,0.0,0.0014116106506523174,0.9727713449264274,-0.11152607222533972,0.0,0.0,0.0,1.037590847304061,-0.009116140548998009,0.0,0.0,0.0,1.0062714092316423,-0.002607130538019531,1.0,0.0,0.0014116106506523174,1.0046418592756712,-0.07273021186353124
2019-10-30,11,0.47974422149810336,0,1,0.0035693662573050844,0.5,1.0,0.0,0.0035693662573050844,0.976243522141081,-0.10835478336704563,-1.0,1.0,-0.0036693662573050842,1.0337835464600749,-0.012752056347775764,0.0,0.0,0.0,1.0062714092316423,-0.002607130538019531,0.0,1.0,-0.0001,1.0045413950897437,-0.07282293884234481
2019-10-31,11,0.48780174427361334,0,1,0.00023426151621919186,0.5,1.0,0.0,0.00023426151621919186,0.976472218428777,-0.10814590520666756,-1.0,0.0,-0.00023426151621919186,1.0335413707590386,-0.012983330547940097,0.0,0.0,0.0,1.0062714092316423,-0.002607130538019531,0.0,0.0,0.0,1.0045413950897437,-0.07282293884234481
2019-11-01,11,0.47392189490645825,0,1,0.0008486785701768973,0.5,1.0,0.0,0.0008486785701768973,0.9773009294749305,-0.10738900774869198,-1.0,0.0,-0.0008486785701768973,1.0326642263462842,-0.013820990443711323,0.0,0.0,0.0,1.0062714092316423,-0.002607130538019531,0.0,0.0,0.0,1.0045413950897437,-0.07282293884234481
2019-11-04,11,0.47830603896255647,0,0,-0.0034052868952607618,0.5,1.0,0.0,-0.0034052868952607618,0.9739729394270634,-0.11042860426317103,-1.0,0.0,0.0034052868952607618,1.0361807443034659,-0.010462767986088028,0.0,0.0,-0.0,1.0062714092316423,-0.002607130538019531,0.0,0.0,-0.0,1.0045413950897437,-0.07282293884234481
2019-11-05,11,0.49160064178096924,0,0,-0.0048837204070870666,0.5,1.0,0.0,-0.0048837204070870666,0.9692163279068329,-0.11477302224209196,-1.0,0.0,0.0048837204070870666,1.0412411613498513,-0.005630144812529214,0.0,0.0,-0.0,1.0062714092316423,-0.002607130538019531,0.0,0.0,-0.0,1.0045413950897437,-0.07282293884234481
2019-11-06,11,0.5006601012117913,1,0,-0.0003431754059061154,0.5,1.0,0.0,-0.0003431754059061154,0.9688837167000927,-0.11507681036950301,1.0,2.0,-0.0005431754059061154,1.040675584759389,-0.006170262062241583,1.0,1.0,-0.0004431754059061154,1.0058254544914043,-0.003049150527791311,1.0,1.0,-0.0004431754059061154,1.0040962070492254,-0.07323384091277008
2019-11-07,11,0.5010755704739577,1,0,-0.004579755477885028,0.5,1.0,0.0,-0.004579755477885028,0.9644464661911017,-0.11912954219472083,1.0,0.0,-0.004579755477885028,1.0359095450493858,-0.010721759248647156,1.0,0.0,-0.004579755477885028,1.001219019856401,-0.007614941641843842,1.0,0.0,-0.004579755477885028,0.9994976919446682,-0.07747820330656818
2019-11-08,11,0.5023356492823935,1,1,0.00024913478938537453,0.5,1.0,0.0,0.00024913478938537453,0.9646867433583297,-0.1189100867187397,1.0,0.0,0.00024913478938537453,1.036167626155714,-0.010475295622494052,1.0,0.0,0.00024913478938537453,1.0014684583460416,-0.0073677039993405025,1.0,0.0,0.00024913478938537453,0.999746701591642,-0.0772483710330456
2019-11-11,11,0.49915232994357167,0,1,0.0011806891300785163,0.5,1.0,0.0,0.0011806891300785163,0.9658257385101437,-0.11786979343550663,-1.0,2.0,-0.0013806891300785164,1.0347370007773415,-0.011841521625772233,0.0,1.0,-0.0001,1.001368311500207,-0.00746696722894058,0.0,1.0,-0.0001,0.9996467269214828,-0.07734064619594228
2019-11-12,11,0.5025329542305482,1,0,-0.002092314619131508,0.5,1.0,0.0,-0.002092314619131508,0.9638049271979255,-0.11971548736267901,1.0,2.0,-0.002292314619131508,1.0323650580235033,-0.014106691751768263,1.0,1.0,-0.0021923146191315077,0.9991729971117701,-0.00964291190665545,1.0,1.0,-0.0021923146191315077,0.9974551867880859,-0.0793634057857654
2019-11-13,11,0.5044161171135467,1,1,7.707426939385086e-05,0.5,1.0,0.0,7.707426939385086e-05,0.9638792117585275,-0.11964764007700879,1.0,0.0,7.707426939385086e-05,1.0324446268060983,-0.014030704745334632,1.0,0.0,7.707426939385086e-05,0.9992500076405205,-0.009566580857651719,1.0,0.0,7.707426939385086e-05,0.9975320649178606,-0.07929244839288918
2019-11-14,11,0.5032528118898711,1,1,0.0006612505960077453,0.5,1.0,0.0,0.0006612505960077453,0.9645165774617823,-0.11906550655431292,1.0,0.0,0.0006612505960077453,1.0331273314309188,-0.013378731961202095,1.0,0.0,0.0006612505960077453,0.9999107623036335,-0.008911656168937854,1.0,0.0,0.0006612505960077453,0.9981916835903244,-0.07868362997564005
2019-11-15,11,0.4929108025576126,0,1,0.0031396489910286984,0.5,1.0,0.0,0.0031396489910286984,0.9675448209610407,-0.11629968146080372,-1.0,2.0,-0.0033396489910286985,1.0296770487809015,-0.016673700683535242,0.0,1.0,-0.0001,0.9998107712274031,-0.009010765003320986,0.0,1.0,-0.0001,0.9980918644219654,-0.07877576161264255
2019-11-18,11,0.49936502247999087,0,1,0.0015611910211783542,0.5,1.0,0.0,0.0015611910211783542,0.9690553432481127,-0.1149200564580879,-1.0,0.0,-0.0015611910211783542,1.0280695262176314,-0.01820886087291662,0.0,0.0,0.0,0.9998107712274031,-0.009010765003320986,0.0,0.0,0.0,0.9980918644219654,-0.07877576161264255
2019-11-19,11,0.4940014190651173,0,1,0.0006903407313842979,0.5,1.0,0.0,0.0006903407313842979,0.9697243216225224,-0.11430904972252964,-1.0,0.0,-0.0006903407313842979,1.0273598079489883,-0.018886631285968347,0.0,0.0,0.0,0.9998107712274031,-0.009010765003320986,0.0,0.0,0.0,0.9980918644219654,-0.07877576161264255
2019-11-20,11,0.48606465794739295,0,0,-0.00010307083300920006,0.5,1.0,0.0,-0.00010307083300920006,0.9696243713289036,-0.1144003386265634,-1.0,0.0,0.00010307083300920006,1.0274656987801938,-0.018785507113778466,0.0,0.0,-0.0,0.9998107712274031,-0.009010765003320986,0.0,0.0,-0.0,0.9980918644219654,-0.07877576161264255
2019-11-21,11,0.4913717270461841,0,0,-0.0011730626846091496,0.5,1.0,0.0,-0.0011730626846091496,0.96848694116081,-0.11543920254282303,-1.0,0.0,0.0011730626846091496,1.0286709804511487,-0.01763448100657594,0.0,0.0,-0.0,0.9998107712274031,-0.009010765003320986,0.0,0.0,-0.0,0.9980918644219654,-0.07877576161264255
2019-11-22,11,0.4931414826334142,0,0,-0.003912969895997098,0.5,1.0,0.0,-0.003912969895997098,0.9646972809153814,-0.11890046231445217,-1.0,0.0,0.003912969895997098,1.0326961390305398,-0.013790514303889223,0.0,0.0,-0.0,0.9998107712274031,-0.009010765003320986,0.0,0.0,-0.0,0.9980918644219654,-0.07877576161264255
2019-11-25,11,0.499144563940202,0,0,-0.0007379091269722471,0.5,1.0,0.0,-0.0007379091269722471,0.9639854219870286,-0.11955063370508134,-1.0,0.0,0.0007379091269722471,1.0334581749369196,-0.013062781323287309,0.0,0.0,-0.0,0.9998107712274031,-0.009010765003320986,0.0,0.0,-0.0,0.9980918644219654,-0.07877576161264255
2019-11-26,11,0.4988389490854183,0,1,0.0007384540389474559,0.5,1.0,0.0,0.0007384540389474559,0.9646972809153814,-0.11890046231445217,-1.0,0.0,-0.0007384540389474559,1.0326950135735542,-0.013791589098606671,0.0,0.0,0.0,0.9998107712274031,-0.009010765003320986,0.0,0.0,0.0,0.9980918644219654,-0.07877576161264255
2019-11-27,11,0.49515739816649057,0,0,-0.0016066800513411252,0.5,1.0,0.0,-0.0016066800513411252,0.9631473210385516,-0.1203161073648975,-1.0,0.0,0.0016066800513411252,1.0343542240509824,-0.012207067718346343,0.0,0.0,-0.0,0.9998107712274031,-0.009010765003320986,0.0,0.0,-0.0,0.9980918644219654,-0.07877576161264255
2019-11-28,11,0.4988389490854183,0,1,0.0006277392504392408,0.5,1.0,0.0,0.0006277392504392408,0.9637519264159229,-0.1197638952575113,-1.0,0.0,-0.0006277392504392408,1.033704919305688,-0.012827144113246036,0.0,0.0,0.0,0.9998107712274031,-0.009010765003320986,0.0,0.0,0.0,0.9980918644219654,-0.07877576161264255
2019-11-29,11,0.5131520648657415,1,1,0.0006611214165124224,0.5,1.0,0.0,0.0006611214165124224,0.9643890834546816,-0.11918195231707851,1.0,2.0,0.0004611214165124224,1.0341815827823342,-0.012371937567596913,1.0,1.0,0.0005611214165124224,1.0003717864635986,-0.0084546997200311,1.0,1.0,0.0005611214165124224,0.9986519151427394,-0.07825884296307295
2019-12-02,11,0.49653776116916076,0,1,0.00545089156182299,0.5,1.0,0.0,0.00545089156182299,0.9696458637719989,-0.11438070865346228,-1.0,2.0,-0.00565089156182299,1.0283375348027968,-0.017952916651815642,0.0,1.0,-0.0001,1.0002717492849522,-0.008553854250059167,0.0,1.0,-0.0001,0.9985520499512252,-0.07835101707877667
2019-12-03,11,0.4741452594861721,0,1,0.0005542388512289609,0.5,1.0,0.0,0.0005542388512289609,0.9701832791816348,-0.11388986403480017,-1.0,0.0,-0.0005542388512289609,1.0277675901888321,-0.018497205299143227,0.0,0.0,0.0,1.0002717492849522,-0.008553854250059167,0.0,0.0,0.0,0.9985520499512252,-0.07835101707877667
2019-12-04,11,0.4840127061399848,0,0,-0.00019948428741312088,0.5,1.0,0.0,-0.00019948428741312088,0.9699897428615272,-0.11406662908384269,-1.0,0.0,0.00019948428741312088,1.0279726136741874,-0.01830141091354831,0.0,0.0,-0.0,1.0002717492849522,-0.008553854250059167,0.0,0.0,-0.0,0.9985520499512252,-0.07835101707877667
2019-12-05,11,0.4828326655181574,0,1,0.0020211628909287955,0.5,1.0,0.0,0.0020211628909287955,0.9719502501343804,-0.11227601343071159,-1.0,0.0,-0.0020211628909287955,1.025894913574538,-0.02028558367188682,0.0,0.0,0.0,1.0002717492849522,-0.008553854250059167,0.0,0.0,0.0,0.9985520499512252,-0.07835101707877667
2019-12-06,11,0.46838132497922425,0,0,-0.004191322504694672,0.5,1.0,0.0,-0.004191322504694672,0.9678764931775485,-0.11599675095357675,-1.0,0.0,0.004191322504694672,1.0301947700132548,-0.016179284590557175,0.0,0.0,-0.0,1.0002717492849522,-0.008553854250059167,0.0,0.0,-0.0,0.9985520499512252,-0.07835101707877667
2019-12-09,11,0.48929008515017147,0,1,0.0005521259976966064,0.5,1.0,0.0,0.0005521259976966064,0.9684108829519913,-0.11550866977772989,-1.0,0.0,-0.0005521259976966064,1.0296259726980395,-0.0167224775846071,0.0,0.0,0.0,1.0002717492849522,-0.008553854250059167,0.0,0.0,0.0,0.9985520499512252,-0.07835101707877667
2019-12-10,11,0.48457707066759204,0,1,0.0025080828572321416,0.5,1.0,0.0,0.0025080828572321416,0.9708397376862802,-0.11329029223502907,-1.0,0.0,-0.0025080828572321416,1.0270435854465545,-0.01918861908247882,0.0,0.0,0.0,1.0002717492849522,-0.008553854250059167,0.0,0.0,0.0,0.9985520499512252,-0.07835101707877667
2019-12-11,11,0.48056440387448895,0,1,0.003886399857285116,0.5,1.0,0.0,0.003886399857285116,0.9746128091042708,-0.10984418375331795,-1.0,0.0,-0.003886399857285116,1.0230520834026493,-0.023000444293300393,0.0,0.0,0.0,1.0002717492849522,-0.008553854250059167,0.0,0.0,0.0,0.9985520499512252,-0.07835101707877667
2019-12-12,11,0.4826305648787458,0,1,0.004507980252282494,0.5,1.0,0.0,0.004507980252282494,0.9790063444013345,-0.1058313789122235,-1.0,0.0,-0.004507980252282494,1.0184401848136138,-0.02740473899691498,0.0,0.0,0.0,1.0002717492849522,-0.008553854250059167,0.0,0.0,0.0,0.9985520499512252,-0.07835101707877667
2019-12-13,11,0.4686751367839617,0,0,-0.005506554292647347,0.5,1.0,0.0,-0.005506554292647347,0.9736153928130423,-0.11075516697102494,-1.0,0.0,0.005506554292647347,1.0240482809851037,-0.02204909038742997,0.0,0.0,-0.0,1.0002717492849522,-0.008553854250059167,0.0,0.0,-0.0,0.9985520499512252,-0.07835101707877667
2019-12-16,11,0.49004515304371415,0,1,0.0011248544504565139,0.5,1.0,0.0,0.0011248544504565139,0.974710568420681,-0.10975489596304677,-1.0,0.0,-0.0011248544504565139,1.0228963757187552,-0.023149142820435675,0.0,0.0,0.0,1.0002717492849522,-0.008553854250059167,0.0,0.0,0.0,0.9985520499512252,-0.07835101707877667
2019-12-17,11,0.48665974460859507,0,1,0.001293568838146131,0.5,1.0,0.0,0.001293568838146131,0.9759714236382018,-0.10860330263815243,-1.0,0.0,-0.001293568838146131,1.0215731888424728,-0.024412766648799544,0.0,0.0,0.0,1.0002717492849522,-0.008553854250059167,0.0,0.0,0.0,0.9985520499512252,-0.07835101707877667
2019-12-18,11,0.4855823932395877,0,0,-0.003179233511815149,0.5,1.0,0.0,-0.003179233511815149,0.9728685825815973,-0.11143726089072659,-1.0,0.0,0.003179233511815149,1.0248210085592127,-0.021311147022830434,0.0,0.0,-0.0,1.0002717492849522,-0.008553854250059167,0.0,0.0,-0.0,0.9985520499512252,-0.07835101707877667
2019-12-19,11,0.4930098364517745,0,1,0.0009012606925509204,0.5,1.0,0.0,0.0009012606925509204,0.9737453907940957,-0.11063643422110203,-1.0,0.0,-0.0009012606925509204,1.023897377667298,-0.02219320081625642,0.0,0.0,0.0,1.0002717492849522,-0.008553854250059167,0.0,0.0,0.0,0.9985520499512252,-0.07835101707877667
2019-12-20,11,0.4967952050742006,0,0,-0.004143951861756866,0.5,1.0,0.0,-0.004143951861756866,0.9697102367690373,-0.11432191402529024,-1.0,0.0,0.004143951861756866,1.0281403591117302,-0.018141216510340508,0.0,0.0,-0.0,1.0002717492849522,-0.008553854250059167,0.0,0.0,-0.0,0.9985520499512252,-0.07835101707877667
2019-12-23,11,0.49882012951944676,0,1,0.0012647340712366173,0.5,1.0,0.0,0.0012647340712366173,0.9709366623447061,-0.11320176677381033,-1.0,0.0,-0.0012647340712366173,1.0268400349695481,-0.019383006766962807,0.0,0.0,0.0,1.0002717492849522,-0.008553854250059167,0.0,0.0,0.0,0.9985520499512252,-0.07835101707877667
2019-12-24,11,0.4971459419340565,0,0,-0.00033268147392939706,0.5,1.0,0.0,-0.00033268147392939706,0.9706136497047851,-0.11349678811711805,-1.0,0.0,0.00033268147392939706,1.0271816456258716,-0.01905677366029379,0.0,0.0,-0.0,1.0002717492849522,-0.008553854250059167,0.0,0.0,-0.0,0.9985520499512252,-0.07835101707877667
2019-12-25,11,0.5008667259413029,1,1,0.00047715262316239127,0.5,1.0,0.0,0.00047715262316239127,0.971076780553819,-0.11307379078412627,1.0,2.0,0.0002771526231623913,1.027466331713421,-0.01878490267194044,1.0,1.0,0.0003771526231623913,1.0006490043990703,-0.008179927735465276,1.0,1.0,0.0003771526231623913,0.9989286564762284,-0.07800341474723294
2019-12-26,11,0.4995913502774458,0,1,0.000510553699354821,0.5,1.0,0.0,0.000510553699354821,0.9715725673964883,-0.11262096732695637,-1.0,2.0,-0.000710553699354821,1.0267362617104594,-0.019482108689209743,0.0,1.0,-0.0001,1.0005489394986304,-0.008279109742691748,0.0,1.0,-0.0001,0.9988287636105808,-0.07809561440575818
2019-12-27,11,0.4981781692820587,0,1,0.007313235600164614,0.5,1.0,0.0,0.007313235600164614,0.9786779064845157,-0.10613135539437224,-1.0,0.0,-0.007313235600164614,1.0192274975293385,-0.026652867038542194,0.0,0.0,0.0,1.0005489394986304,-0.008279109742691748,0.0,0.0,0.0,0.9988287636105808,-0.07809561440575818
2019-12-30,11,0.46786411459872945,0,1,0.0017878774213926363,0.5,1.0,0.0,0.0017878774213926363,0.9804276626163352,-0.10453322782699093,-1.0,0.0,-0.0017878774213926363,1.0174052436992433,-0.02839309240074117,0.0,0.0,0.0,1.0005489394986304,-0.008279109742691748,0.0,0.0,0.0,0.9988287636105808,-0.07809561440575818
2019-12-31,11,0.47417003242948413,0,1,0.0016540089524843538,0.5,1.0,0.0,0.0016540089524843538,0.9820492987475659,-0.10305211776916456,-1.0,0.0,-0.0016540089524843538,1.0157224463178602,-0.030000138924205944,0.0,0.0,0.0,1.0005489394986304,-0.008279109742691748,0.0,0.0,0.0,0.9988287636105808,-0.07809561440575818
2020-01-01,11,0.47417003242948413,0,0,0.0,0.5,1.0,0.0,0.0,0.9820492987475659,-0.10305211776916456,-1.0,0.0,-0.0,1.0157224463178602,-0.030000138924205944,0.0,0.0,0.0,1.0005489394986304,-0.008279109742691748,0.0,0.0,0.0,0.9988287636105808,-0.07809561440575818
2020-01-02,11,0.47160442547147796,0,0,-0.004401494957191443,0.5,1.0,0.0,-0.004401494957191443,0.977726813711415,-0.10700002934966713,-1.0,0.0,0.004401494957191443,1.0201931435432343,-0.02573068942720458,0.0,0.0,-0.0,1.0005489394986304,-0.008279109742691748,0.0,0.0,-0.0,0.9988287636105808,-0.07809561440575818
2020-01-03,11,0.49051025575822843,0,0,-0.0008483365294456036,0.5,1.0,0.0,-0.0008483365294456036,0.9768973723395251,-0.10775759384556372,-1.0,0.0,0.0008483365294456036,1.021058610653992,-0.024904181181527818,0.0,0.0,-0.0,1.0005489394986304,-0.008279109742691748,0.0,0.0,-0.0,0.9988287636105808,-0.07809561440575818
2020-01-06,11,0.4835617244341443,0,1,0.003228338291148658,0.5,1.0,0.0,0.003228338291148658,0.9800511275331714,-0.10487713352078876,-1.0,0.0,-0.003228338291148658,1.0177622880437107,-0.028052120350958498,0.0,0.0,0.0,1.0005489394986304,-0.008279109742691748,0.0,0.0,0.0,0.9988287636105808,-0.07809561440575818
2020-01-07,11,0.5009927600883448,1,0,-0.0038628596467005227,0.5,1.0,0.0,-0.0038628596467005227,0.9762653275809201,-0.10833486752055022,1.0,2.0,-0.004062859646700522,1.0136272627136844,-0.03200100816988061,1.0,1.0,-0.003962859646700523,0.9965839044817423,-0.012209160439482392,1.0,1.0,-0.003962859646700523,0.9948705454093046,-0.08174899209354591
2020-01-08,11,0.4952066202098077,0,0,-0.003722879518423761,0.5,1.0,0.0,-0.003722879518423761,0.9726308093883218,-0.11165442937955061,-1.0,2.0,0.003522879518423761,1.0171981494368143,-0.028590864347707523,0.0,1.0,-0.0001,0.9964842460912942,-0.012307939523438338,0.0,1.0,-0.0001,0.9947710583547638,-0.08184081719433656
2020-01-09,11,0.5059421162323927,1,0,-0.0001888991043865751,0.5,1.0,0.0,-0.0001888991043865751,0.9724470802995295,-0.1118222370622266,1.0,2.0,-0.00038889910438657507,1.0168025619875147,-0.028968644490555584,1.0,1.0,-0.0002888991043865751,0.9961963626850631,-0.012593282875119738,1.0,1.0,-0.0002888991043865751,0.9944836698869354,-0.08210607255993341
2020-01-10,11,0.5017087595479657,1,1,0.0005001783132467796,0.5,1.0,0.0,0.0005001783132467796,0.9729334772398756,-0.11137798980689706,1.0,0.0,0.0005001783132467796,1.0173111445778746,-0.028482955665047105,1.0,0.0,0.0005001783132467796,0.9966946385014135,-0.012099403448859625,1.0,0.0,0.0005001783132467796,0.9949810890514909,-0.08164696192356702
2020-01-13,11,0.5039750611309901,1,1,0.0017148976262308933,0.5,1.0,0.0,0.0017148976262308933,0.9746019585504748,-0.10985409403100033,1.0,0.0,0.0017148976262308933,1.0190557290448494,-0.02681690339187437,1.0,0.0,0.0017148976262308933,0.9984038677710566,-0.01040525506088208,1.0,0.0,0.0017148976262308933,0.9966873797592499,-0.08007208047852776
2020-01-14,11,0.5059373130374175,1,0,-0.00043409236158020725,0.5,1.0,0.0,-0.00043409236158020725,0.9741788912846869,-0.11024049956947335,1.0,0.0,-0.00043409236158020725,1.0186133647368465,-0.027239354740530852,1.0,0.0,-0.00043409236158020725,0.9979704682782851,-0.01083483058071999,1.0,0.0,-0.00043409236158020725,0.996254725380813,-0.08047141416159642
2020-01-15,11,0.5032877890724147,1,1,0.002075766216588893,0.5,1.0,0.0,0.002075766216588893,0.9762010589161297,-0.1083935668575906,1.0,0.0,0.002075766216588893,1.0207277679471332,-0.025220131056274075,1.0,0.0,0.002075766216588893,1.0000420216614905,-0.008781554939413128,1.0,0.0,0.002075766216588893,0.9983227172828756,-0.0785626877879253
2020-01-16,11,0.5019403216994363,1,0,-0.0012933037942931547,0.5,1.0,0.0,-0.0012933037942931547,0.9749385343826406,-0.10954668484058983,1.0,0.0,-0.0012933037942931547,1.0194076568519068,-0.026480817559379588,1.0,0.0,-0.0012933037942931547,0.998748663520423,-0.010063501515383377,1.0,0.0,-0.0012933037942931547,0.9970315827246846,-0.0797543861600124
2020-01-17,11,0.4973706001566609,0,0,-0.004038394119527999,0.5,1.0,0.0,-0.004038394119527999,0.9710013483384885,-0.11314268627224378,-1.0,2.0,0.0038383941195279992,1.0233205452073688,-0.022744067254251932,0.0,1.0,-0.0001,0.998648788654071,-0.010162495165231822,0.0,1.0,-0.0001,0.9969318795664122,-0.07984641072139642
2020-01-20,11,0.5019957811892389,1,1,0.00021081316828008842,0.5,1.0,0.0,0.00021081316828008842,0.971206048209136,-0.11295572507212437,1.0,2.0,1.0813168280088411e-05,1.0233316105446286,-0.0227335000213984,1.0,1.0,0.00011081316828008842,0.9987594520903409,-0.010052808135238567,1.0,1.0,0.00011081316828008842,0.9970423527465464,-0.07974444558686411
2020-01-21,11,0.4994347853558753,0,0,-0.0010198972346647794,0.5,1.0,0.0,-0.0010198972346647794,0.9702155178462778,-0.11386041907514866,-1.0,2.0,0.0008198972346647795,1.0241706373022592,-0.021932241920535445,0.0,1.0,-0.0001,0.9986595761451319,-0.010151802854424963,0.0,1.0,-0.0001,0.9969426485112718,-0.07983647114230541
2020-01-22,12,0.5145316793402896,1,1,0.0009765264799332929,0.5,1.0,0.0,0.0009765264799332929,0.9711629589906969,-0.11299508030945848,1.0,2.0,0.0007765264799332929,1.0249659329220946,-0.02117274640721778,1.0,1.0,0.0008765264799332928,0.9995349277080621,-0.009284174698512615,1.0,1.0,0.0008765264799332928,0.9978164951416668,-0.07902992344339266
2020-01-23,12,0.5114628571239189,1,0,-0.0037146146349177345,0.5,1.0,0.0,-0.0037146146349177345,0.9675554628503401,-0.11628996176538497,1.0,0.0,-0.0037146146349177345,1.02115857946737,-0.024808712448469827,1.0,0.0,-0.0037146146349177345,0.9958220406374862,-0.012964302202222111,1.0,0.0,-0.0037146146349177345,0.9941099913858512,-0.08245097236809118
2020-01-24,12,0.5179358844303024,1,0,-0.002701160722729301,0.5,1.0,0.0,-0.002701160722729301,0.9649419400370266,-0.11867700461094588,1.0,0.0,-0.002701160722729301,1.0184002660208349,-0.027442860851551676,1.0,0.0,-0.002701160722729301,0.9931321652544881,-0.015630444261045207,1.0,0.0,-0.002701160722729301,0.991424740523047,-0.08492941976270896
2020-01-27,12,0.5214428808928399,1,0,-0.0005068798012616281,0.5,1.0,0.0,-0.0005068798012616281,0.9644528304582316,-0.11912372943569605,1.0,0.0,-0.0005068798012616281,1.0178840594963894,-0.02793583042095893,1.0,0.0,-0.0005068798012616281,0.9926287666199374,-0.016129401305826185,1.0,0.0,-0.0005068798012616281,0.9909222073476048,-0.08539325055656
2020-01-28,12,0.5219759902655501,1,1,0.00025346025168837544,0.5,1.0,0.0,0.00025346025168837544,0.9646972809153811,-0.1189004623144525,1.0,0.0,0.00025346025168837544,1.018142052646299,-0.02768945079188012,1.0,0.0,0.00025346025168837544,0.992880358556958,-0.015880029216252423,1.0,0.0,0.00025346025168837544,0.9911733667396827,-0.08516143409965016
2020-01-29,12,0.5148780359794397,1,0,-0.000517823376805393,0.5,1.0,0.0,-0.000517823376805393,0.9641977381117826,-0.11935671625235844,1.0,0.0,-0.000517823376805393,1.01761483489053,-0.028192935923774587,1.0,0.0,-0.000517823376805393,0.9923662218969262,-0.016389629542705286,1.0,0.0,-0.000517823376805393,0.990660113999918,-0.08563515889507645
2020-01-30,12,0.5176620989826762,1,1,0.0011139836270916972,0.5,1.0,0.0,0.0011139836270916972,0.965271838605318,-0.11837569405295523,1.0,0.0,0.0011139836270916972,1.0187484411552836,-0.02711035876570178,1.0,0.0,0.0011139836270916972,0.9934717016201983,-0.015293903694578281,1.0,0.0,0.0011139836270916972,0.9917636931469267,-0.08461657143289736
2020-01-31,12,0.5100315638691753,1,1,0.0055005980931706056,0.5,1.0,0.0,0.0055005980931706056,0.9705814110401416,-0.11352623307677012,1.0,0.0,0.0055005980931706056,1.0243521668881228,-0.021758883860263034,1.0,0.0,0.0055005980931706056,0.9989363901677493,-0.009877431218907162,1.0,0.0,0.0055005980931706056,0.9972189866263265,-0.0795814150912012
2020-02-03,12,0.4933305865717243,0,0,-0.002422820498873768,0.5,1.0,0.0,-0.002422820498873768,0.9682298665016478,-0.11567399989098559,-1.0,2.0,0.0022228204988737677,1.0266291178827474,-0.01958442945446659,0.0,1.0,-0.0001,0.9988364965287325,-0.009976443475785302,0.0,1.0,-0.0001,0.9971192647276639,-0.07967345694969208
2020-02-04,12,0.5102627541647725,1,0,-0.0014140775226543223,0.5,1.0,0.0,-0.0014140775226543223,0.9668607144106652,-0.11692450541043853,1.0,2.0,-0.0016140775226543224,1.0249720588994704,-0.021166896189744433,1.0,1.0,-0.0015140775226543223,0.9973241806405316,-0.011475415889616869,1.0,1.0,-0.0015140775226543223,0.9956095488615341,-0.08106690268202676
2020-02-05,12,0.5104573293474426,1,0,-0.0040708387449320815,0.5,1.0,0.0,-0.0040708387449320815,0.9629247803534896,-0.12051936334851376,1.0,0.0,-0.0040708387449320815,1.0207995629296296,-0.025151567913557327,1.0,0.0,-0.0040708387449320815,0.9932642347247225,-0.015499540066931328,1.0,0.0,-0.0040708387449320815,0.9915565829352042,-0.08480773113858919
2020-02-06,12,0.5176164572934046,1,0,-0.0017573176694883896,0.5,1.0,0.0,-0.0017573176694883896,0.9612326156225862,-0.1220648902112742,1.0,0.0,-0.0017573176694883896,1.0190056938206873,-0.026864686288335937,1.0,0.0,-0.0017573176694883896,0.9915187539345699,-0.0172296201207911,1.0,0.0,-0.0017573176694883896,0.9898141030317147,-0.08641601468363846
2020-02-07,12,0.517436083065796,1,0,-0.0030657140611913825,0.5,1.0,0.0,-0.0030657140611913825,0.9582857512767963,-0.12475638822216717,1.0,0.0,-0.0030657140611913825,1.015881713736707,-0.02984804090302373,1.0,0.0,-0.0030657140611913825,0.9884790409486978,-0.020242513093309156,1.0,0.0,-0.0030657140611913825,0.9867796160180848,-0.08921680195350201
2020-02-10,12,0.5203655188580979,1,0,-0.0032740540687078434,0.5,1.0,0.0,-0.0032740540687078434,0.9551482719138438,-0.12762198313041884,1.0,0.0,-0.0032740540687078434,1.0125556620785214,-0.03302437087197019,1.0,0.0,-0.0032740540687078434,0.9852427071228472,-0.023450292079662982,1.0,0.0,-0.0032740540687078434,0.9835488462013429,-0.09219875538877698
2020-02-11,12,0.5196970995139089,1,1,0.0005459388777842022,0.5,1.0,0.0,0.0005459388777842022,0.9556697244895299,-0.1271457180548855,1.0,0.0,0.0005459388777842022,1.0131084555803707,-0.03249646128215933,1.0,0.0,0.0005459388777842022,0.9857805894207189,-0.022917155628020547,1.0,0.0,0.0005459388777842022,0.984085803754684,-0.09170315139604268
2020-02-12,12,0.5139120480466661,1,0,-0.003980624613736272,0.5,1.0,0.0,-0.003980624613736272,0.9518655620616243,-0.1306202232938013,1.0,0.0,-0.003980624613736272,1.009075651125703,-0.036347729682256524,1.0,0.0,-0.003980624613736272,0.9818565669427273,-0.026806555647987174,1.0,0.0,-0.003980624613736272,0.9801685275822297,-0.09531874018817466
2020-02-13,12,0.5277856778242439,1,0,-0.0027548918951001418,0.5,1.0,0.0,-0.0027548918951001418,0.9492432753394758,-0.1330152705944132,1.0,0.0,-0.0027548918951001418,1.006295756792874,-0.039002487511449635,1.0,0.0,-0.0027548918951001418,0.979151658244306,-0.02948759838019699,1.0,0.0,-0.0027548918951001418,0.9774682692497612,-0.09781103925847934
2020-02-14,12,0.5228406815460253,1,0,-0.0003902938502724495,0.5,1.0,0.0,-0.0003902938502724495,0.9488727915266983,-0.13335364940258032,1.0,0.0,-0.0003902938502724495,1.0059030057474425,-0.03937755893070105,1.0,0.0,-0.0003902938502724495,0.9787695013736091,-0.02986638340216241,1.0,0.0,-0.0003902938502724495,0.9770867693954365,-0.09816315806164044
2020-02-17,12,0.5161263351234991,1,0,-0.00015173635873644287,0.5,1.0,0.0,-0.00015173635873644287,0.948728813024408,-0.13348515116413218,1.0,0.0,-0.00015173635873644287,1.0057503736881084,-0.03952332028202943,1.0,0.0,-0.00015173635873644287,0.9786209864534283,-0.030013587944632825,1.0,0.0,-0.00015173635873644287,0.9769385098068789,-0.09829999950021051
2020-02-18,12,0.516939437398012,1,0,-0.004123896362855373,0.5,1.0,0.0,-0.004123896362855373,0.9448163537230406,-0.13705856859760657,1.0,0.0,-0.004123896362855373,1.0016027633801154,-0.043484226568125894,1.0,0.0,-0.004123896362855373,0.974585254926779,-0.03401371138132714,1.0,0.0,-0.004123896362855373,0.972909716639553,-0.10201851685265828
2020-02-19,12,0.5204139378512551,1,1,0.0013611103197250787,0.5,1.0,0.0,0.0013611103197250787,0.946102353012338,-0.1358840101100065,1.0,0.0,0.0013611103197250787,1.0029660552376172,-0.04218230307792803,1.0,0.0,0.0013611103197250787,0.9759117729747118,-0.032698897475175404,1.0,0.0,0.0013611103197250787,0.9742339540950319,-0.10079626498902439
2020-02-20,12,0.5159216911499526,1,0,-0.002044404117788723,0.5,1.0,0.0,-0.002044404117788723,0.94416813746599,-0.1376506123979846,1.0,0.0,-0.002044404117788723,1.000915587304287,-0.04414046952160644,1.0,0.0,-0.002044404117788723,0.9739166149274437,-0.03467645183231871,1.0,0.0,-0.002044404117788723,0.9722422261875904,-0.10263460080761189
2020-02-21,12,0.5139429623511605,1,1,0.004732348696283584,0.5,1.0,0.0,0.004732348696283584,0.9486362703203998,-0.1335696743978252,1.0,0.0,0.004732348696283584,1.0056522688789564,-0.03961700891871678,1.0,0.0,0.004732348696283584,0.9785255279503846,-0.030108204197655475,1.0,0.0,0.004732348696283584,0.9768432154191611,-0.09838795483065377
2020-02-24,12,0.4932612812921009,0,1,0.0009362707871527487,0.5,1.0,0.0,0.0009362707871527487,0.9495244507479343,-0.13275846099486066,-1.0,2.0,-0.0011362707871527488,1.0045095755837954,-0.04070826405596084,0.0,1.0,-0.0001,0.9784276753975896,-0.030205193377235706,0.0,1.0,-0.0001,0.9767455310976192,-0.09847811603517065
2020-02-25,12,0.5112839151202174,1,1,0.00302297513846872,0.5,1.0,0.0,0.00302297513846872,0.9523948395559135,-0.13013681138340072,1.0,2.0,0.0028229751384687197,1.0073452811420223,-0.03800020733485221,1.0,1.0,0.00292297513846872,0.9812875951675665,-0.02737050726806134,1.0,1.0,0.00292297513846872,0.9796005340016279,-0.09584298998155605
2020-02-26,12,0.5020783257832353,1,1,0.0003582195502427332,0.5,1.0,0.0,0.0003582195502427332,0.9527360060069927,-0.12982520938320186,1.0,0.0,0.0003582195502427332,1.007706131915572,-0.03765560020179015,1.0,0.0,0.0003582195502427332,0.9816391115685662,-0.027022092368621964,1.0,0.0,0.0003582195502427332,0.9799514460643356,-0.09551910326407831
2020-02-27,12,0.4988250300863752,0,1,0.010227393434993239,0.5,1.0,0.0,0.010227393434993239,0.9624800119801104,-0.12092558944235088,-1.0,2.0,-0.01042739343499324,0.9971983836112331,-0.047690343878448505,0.0,1.0,-0.0001,0.9815409476574094,-0.027119390159385137,0.0,1.0,-0.0001,0.9798534509197292,-0.09560955135375193
2020-02-28,12,0.4593646672269208,0,1,0.00491786361275226,0.5,1.0,0.0,0.00491786361275226,0.9672133574090287,-0.11660242138576782,-1.0,0.0,-0.00491786361275226,0.9922942979657761,-0.052373672884361344,0.0,0.0,0.0,0.9815409476574094,-0.027119390159385137,0.0,0.0,0.0,0.9798534509197292,-0.09560955135375193
2020-03-02,12,0.44414718447365964,0,1,0.008391445909352147,0.5,1.0,0.0,0.008391445909352147,0.9753296759805294,-0.1091894383883738,-1.0,0.0,-0.008391445909352147,0.9839675140382377,-0.060325627950630345,0.0,0.0,0.0,0.9815409476574094,-0.027119390159385137,0.0,0.0,0.0,0.9798534509197292,-0.09560955135375193
2020-03-03,12,0.464969187824545,0,1,0.003287119964528351,0.5,1.0,0.0,0.003287119964528351,0.978535701630442,-0.10626123720668756,-1.0,0.0,-0.003287119964528351,0.9807330947783952,-0.0634144503391495,0.0,0.0,0.0,0.9815409476574094,-0.027119390159385137,0.0,0.0,0.0,0.9798534509197292,-0.09560955135375193
2020-03-04,12,0.45347158072081845,0,0,-0.0037204257922510697,0.5,1.0,0.0,-0.0037204257922510697,0.9748951321674576,-0.10958632595131834,-1.0,0.0,0.0037204257922510697,0.9843818394795231,-0.05992995330354145,0.0,0.0,-0.0,0.9815409476574094,-0.027119390159385137,0.0,0.0,-0.0,0.9798534509197292,-0.09560955135375193
2020-03-05,12,0.4798351133265768,0,1,0.007609796086103237,0.5,1.0,0.0,0.007609796086103237,0.9823138853285867,-0.10281045945952982,-1.0,0.0,-0.007609796086103237,0.9768908944102207,-0.06708369466555508,0.0,0.0,0.0,0.9815409476574094,-0.027119390159385137,0.0,0.0,0.0,0.9798534509197292,-0.09560955135375193
2020-03-06,12,0.4280252774813718,0,1,0.014448797785124421,0.5,1.0,0.0,0.014448797785124421,0.9965071400192193,-0.08984714921333192,-1.0,0.0,-0.014448797785124421,0.9627759954187581,-0.08056321371177788,0.0,0.0,0.0,0.9815409476574094,-0.027119390159385137,0.0,0.0,0.0,0.9798534509197292,-0.09560955135375193
2020-03-09,12,0.38751131831508284,0,1,0.0010486546000192387,0.5,1.0,0.0,0.0010486546000192387,0.9975521318155525,-0.08889271323963388,-1.0,0.0,-0.0010486546000192387,0.9617663759423741,-0.08152738532714587,0.0,0.0,0.0,0.9815409476574094,-0.027119390159385137,0.0,0.0,0.0,0.9798534509197292,-0.09560955135375193
2020-03-10,12,0.4315934563764234,0,0,-0.0071464116497941274,0.5,1.0,0.0,-0.0071464116497941274,0.9904232136394688,-0.0954038609679504,-1.0,0.0,0.0071464116497941274,0.968639554375789,-0.07496360193363094,0.0,0.0,-0.0,0.9815409476574094,-0.027119390159385137,0.0,0.0,-0.0,0.9798534509197292,-0.09560955135375193
2020-03-11,12,0.46906532785203486,0,0,-0.004859278542138523,0.5,1.0,0.0,-0.004859278542138523,0.9856104713697947,-0.09979954557565018,-1.0,0.0,0.004859278542138523,0.9733464437774337,-0.0704685924138101,0.0,0.0,-0.0,0.9815409476574094,-0.027119390159385137,0.0,0.0,-0.0,0.9798534509197292,-0.09560955135375193
2020-03-12,12,0.48035750039967545,0,0,-0.006800472200027885,0.5,1.0,0.0,-0.006800472200027885,0.9789078547591881,-0.10592133374041546,-1.0,0.0,0.006800472200027885,0.9799656592093382,-0.06414733991746735,0.0,0.0,-0.0,0.9815409476574094,-0.027119390159385137,0.0,0.0,-0.0,0.9798534509197292,-0.09560955135375193
2020-03-13,12,0.4975733049800531,0,0,-0.0026438297866444582,0.5,1.0,0.0,-0.0026438297866444582,0.9763197890143955,-0.1082851255498759,-1.0,0.0,0.0026438297866444582,0.9825565216090445,-0.0616731047788307,0.0,0.0,-0.0,0.9815409476574094,-0.027119390159385137,0.0,0.0,-0.0,0.9798534509197292,-0.09560955135375193
2020-03-16,12,0.5046755392923429,1,1,0.0007032639633588467,0.5,1.0,0.0,0.0007032639633588467,0.9770063995387235,-0.107658014613084,1.0,2.0,0.0005032639633588467,0.9830510068983336,-0.0612008786666155,1.0,1.0,0.0006032639633588466,0.9821330759396922,-0.026532486346817596,1.0,1.0,0.0006032639633588466,0.9804445611960418,-0.09506396518727767
2020-03-17,12,0.5057875302772868,1,0,-0.013229605475047144,0.5,1.0,0.0,-0.013229605475047144,0.9640809903262298,-0.1194633470285732,1.0,0.0,-0.013229605475047144,0.9700456299152208,-0.07362082066217712,1.0,0.0,-0.013229605475047144,0.9691398428210156,-0.03941107749522432,1.0,0.0,-0.013229605475047144,0.9674736664612625,-0.10703591190800354
2020-03-18,12,0.5243844877827253,1,0,-0.004899848914922122,0.5,1.0,0.0,-0.004899848914922122,0.9593571391318828,-0.12377784359218447,1.0,0.0,-0.004899848914922122,0.9652925528880558,-0.07815993867886195,1.0,0.0,-0.004899848914922122,0.9643912040137612,-0.044117818084845606,1.0,0.0,-0.004899848914922122,0.9627331916664366,-0.11141130102610552
2020-03-19,12,0.5248534774182211,1,0,-0.027751725571960706,0.5,1.0,0.0,-0.027751725571960706,0.9327333230811935,-0.14809452041688576,1.0,0.0,-0.027751725571960706,0.9385040188636491,-0.10374259108188555,1.0,0.0,-0.027751725571960706,0.9376276839759585,-0.07064519807648195,1.0,0.0,-0.027751725571960706,0.9360156843322918,-0.13607117074637465
2020-03-20,12,0.5355176003964004,1,1,0.0034757157946578854,0.5,1.0,0.0,0.0034757157946578854,0.9359752390244306,-0.14513353908594306,1.0,0.0,0.0034757157946578854,0.9417659921053634,-0.10062745504962978,1.0,0.0,0.0034757157946578854,0.9408866113266623,-0.06741502491259521,1.0,0.0,0.0034757157946578854,0.939269008830373,-0.13306839966907757
2020-03-23,12,0.5677342628273834,1,1,0.006566417369906263,0.5,1.0,0.0,0.006566417369906263,0.9421212430917628,-0.13952012910804668,1.0,0.0,0.006566417369906263,0.947950020674311,-0.09472179954845084,1.0,0.0,0.006566417369906263,0.94706486551439,-0.06129128273326767,1.0,0.0,0.006566417369906263,0.9454366411649714,-0.1273757649501439
2020-03-24,12,0.555445788593242,1,1,0.003532443485666059,0.5,1.0,0.0,0.003532443485666059,0.9454492331396299,-0.13648053259356763,1.0,0.0,0.003532443485666059,0.9512986005495789,-0.09152395546655034,1.0,0.0,0.003532443485666059,0.9504103186290794,-0.05797534724002085,1.0,0.0,0.003532443485666059,0.9487763426691646,-0.12429326915560779
2020-03-25,12,0.5380357332209325,1,1,0.008047422242644764,0.5,1.0,0.0,0.008047422242644764,0.9530576623276892,-0.1295314268246044,1.0,0.0,0.008047422242644764,0.9589541020670385,-0.08421306513886195,1.0,0.0,0.008047422242644764,0.9580586717668542,-0.05039447709628053,1.0,0.0,0.008047422242644764,0.9564115465124555,-0.11724608733177688
2020-03-26,12,0.4994637245020158,0,1,0.014572570730083445,0.5,1.0,0.0,0.014572570730083445,0.9669461625218074,-0.11684646197369108,-1.0,2.0,-0.014772570730083446,0.9447878847673495,-0.09774159240778435,0.0,1.0,-0.0001,0.9579628658996775,-0.050489437648570945,0.0,1.0,-0.0001,0.9563159053578043,-0.11733436272304376
2020-03-27,12,0.4722272043957252,0,1,0.008220695167680647,0.5,1.0,0.0,0.008220695167680647,0.9748951321674578,-0.10958632595131812,-1.0,0.0,-0.008220695167680647,0.9370210715685594,-0.10515878373907683,0.0,0.0,0.0,0.9579628658996775,-0.050489437648570945,0.0,0.0,0.0,0.9563159053578043,-0.11733436272304376
2020-03-30,12,0.46626664829959025,0,0,-0.00975092410858569,0.5,1.0,0.0,-0.00975092410858569,0.9653890037198634,-0.11826868211221375,-1.0,0.0,0.00975092410858569,0.94615789292557,-0.09643325495008215,0.0,0.0,-0.0,0.9579628658996775,-0.050489437648570945,0.0,0.0,-0.0,0.9563159053578043,-0.11733436272304376
2020-03-31,12,0.49056821739655276,0,0,-0.0003528575408736634,0.5,1.0,0.0,-0.0003528575408736634,0.9650483589300243,-0.11857980765675491,-1.0,0.0,0.0003528575408736634,0.946491751872946,-0.09611442461040853,0.0,0.0,-0.0,0.9579628658996775,-0.050489437648570945,0.0,0.0,-0.0,0.9563159053578043,-0.11733436272304376
2020-04-01,12,0.48189191328057346,0,0,-0.006616062836650616,0.5,1.0,0.0,-0.006616062836650616,0.9586635383469366,-0.12441133903479062,-1.0,0.0,0.006616062836650616,0.952753800777709,-0.0901342608464889,0.0,0.0,-0.0,0.9579628658996775,-0.050489437648570945,0.0,0.0,-0.0,0.9563159053578043,-0.11733436272304376
2020-04-02,12,0.4936975674603856,0,0,-0.009697489183293495,0.5,1.0,0.0,-0.009697489183293495,0.9493669090533994,-0.13290235060351507,-1.0,0.0,0.009697489183293495,0.9619931204550926,-0.08131084768279839,0.0,0.0,-0.0,0.9579628658996775,-0.050489437648570945,0.0,0.0,-0.0,0.9563159053578043,-0.11733436272304376
2020-04-03,12,0.5670457350025473,1,0,-0.003728463827186168,0.5,1.0,0.0,-0.003728463827186168,0.9458272288742663,-0.136135292823928,1.0,2.0,-0.003928463827186168,0.9582139652793829,-0.0849198847861048,1.0,1.0,-0.003828463827186168,0.954295339719793,-0.05412460449006451,1.0,1.0,-0.003828463827186168,0.9526546845067791,-0.12071361618685883
2020-04-06,12,0.5183519753123764,1,0,-0.00029165417888921125,0.5,1.0,0.0,-0.00029165417888921125,0.9455513744104579,-0.13638724257577084,1.0,0.0,-0.00029165417888921125,0.9579344981721392,-0.08518677172572531,1.0,0.0,-0.00029165417888921125,0.9540170154960692,-0.05440047300187345,1.0,0.0,-0.00029165417888921125,0.9523768387870044,-0.12097006373513819
2020-04-07,12,0.5196345728416382,1,1,0.008454590683961928,0.5,1.0,0.0,0.008454590683961928,0.9535456242517559,-0.12908575020230129,1.0,0.0,0.008454590683961928,0.9660334422562311,-0.0774524003283924,1.0,0.0,0.008454590683961928,0.9620828388676235,-0.04640581605015626,1.0,0.0,0.008454590683961928,0.9604287951358341,-0.11353822542506964
2020-04-08,12,0.4978275650291383,0,0,-0.0028896516334027127,0.5,1.0,0.0,-0.0028896516334027127,0.9507902095811128,-0.1316023889867829,-1.0,2.0,0.0026896516334027126,0.9686317356821172,-0.07497106867004388,0.0,1.0,-0.0001,0.9619866305837367,-0.04650117546855126,0.0,1.0,-0.0001,0.9603327522563205,-0.11362687160252716
2020-04-09,12,0.5196427016099943,1,1,0.005867926391677879,0.5,1.0,0.0,0.005867926391677879,0.9563693765448628,-0.1265066957266484,1.0,2.0,0.00566792639167788,0.9741218690606067,-0.06972807277709325,1.0,1.0,0.005767926391677879,0.9675352986587219,-0.041001464434102575,1.0,1.0,0.005767926391677879,0.9658718808828525,-0.10851433664236931
2020-04-10,12,0.4969422975659512,0,1,0.0004810957200480637,0.5,1.0,0.0,0.0004810957200480637,0.9568294817587035,-0.12608646183647187,-1.0,2.0,-0.0006810957200480638,0.9734583988247844,-0.07036167700520557,0.0,1.0,-0.0001,0.9674385451288561,-0.04109736428765909,0.0,1.0,-0.0001,0.9657752936947642,-0.108603485208705
2020-04-13,12,0.501687288446905,1,0,-0.0008847468401703695,0.5,1.0,0.0,-0.0008847468401703695,0.9559829298981357,-0.12685965407794408,1.0,2.0,-0.0010847468401703696,0.9724024429026219,-0.0713700992385754,1.0,1.0,-0.0009847468401703696,0.9664858630784814,-0.04204164062820781,1.0,1.0,-0.0009847468401703696,0.9648242495259837,-0.10948128510998467
2020-04-14,12,0.49738223822797545,0,1,0.005712292577293664,0.5,1.0,0.0,0.005712292577293664,0.9614437840926123,-0.12187202096099792,-1.0,2.0,-0.005912292577293664,0.9666533151573066,-0.07686043090790007,0.0,1.0,-0.0001,0.9663892144921735,-0.04213743646414503,0.0,1.0,-0.0001,0.964727767101031,-0.10957033698147367
2020-04-15,13,0.4799722716560895,0,0,-0.007308567616241546,0.52,1.0,0.0,-0.007308567616241546,0.9544170071873563,-0.12828987867151798,-1.0,0.0,0.007308567616241546,0.9737181662725979,-0.07011360294796232,0.0,0.0,-0.0,0.9663892144921735,-0.04213743646414503,0.0,0.0,-0.0,0.964727767101031,-0.10957033698147367
2020-04-16,13,0.5080766211925557,1,0,-0.004275971806308453,0.52,1.0,0.0,-0.004275971806308453,0.9503359469731619,-0.13201728657359224,0.0,1.0,-0.0001,0.9736207944559706,-0.07020659158766751,0.0,0.0,-0.0,0.9663892144921735,-0.04213743646414503,1.0,1.0,-0.004375971806308453,0.960506145591434,-0.11346683208234354
2020-04-17,13,0.5089502960071557,1,1,0.0007823250313490071,0.52,1.0,0.0,0.0007823250313490071,0.9510794185726698,-0.13133824197010058,0.0,0.0,0.0,0.9736207944559706,-0.07020659158766751,0.0,0.0,0.0,0.9663892144921735,-0.04213743646414503,1.0,0.0,0.0007823250313490071,0.9612575735918947,-0.11277327499396039
2020-04-20,13,0.5053677460546439,1,0,-0.00019559291749593477,0.52,1.0,0.0,-0.00019559291749593477,0.9508933941744208,-0.1315081460576708,0.0,0.0,-0.0,0.9736207944559706,-0.07020659158766751,0.0,0.0,-0.0,0.9663892144921735,-0.04213743646414503,1.0,0.0,-0.00019559291749593477,0.9610695584186107,-0.1129468102575848
2020-04-21,13,0.5050601617091522,1,0,-0.0007706749407427882,0.52,1.0,0.0,-0.0007706749407427882,0.9501605644642127,-0.1321774709657434,0.0,0.0,-0.0,0.9736207944559706,-0.07020659158766751,0.0,0.0,-0.0,0.9663892144921735,-0.04213743646414503,1.0,0.0,-0.0007706749407427882,0.9603288861936268,-0.11363043992202515
2020-04-22,13,0.5089175686407941,1,0,-0.004313134912290573,0.52,1.0,0.0,-0.004313134912290573,0.9460623937613404,-0.1359205066133934,0.0,0.0,-0.0,0.9736207944559706,-0.07020659158766751,0.0,0.0,-0.0,0.9663892144921735,-0.04213743646414503,1.0,0.0,-0.004313134912290573,0.956186858147304,-0.11745347141678908
2020-04-23,13,0.5126252251380946,1,0,-0.0030176057328222816,0.52,1.0,0.0,-0.0030176057328222816,0.9432075504583186,-0.13852795784625094,0.0,0.0,-0.0,0.9736207944559706,-0.07020659158766751,0.0,0.0,-0.0,0.9663892144921735,-0.04213743646414503,1.0,0.0,-0.0030176057328222816,0.9533014632025093,-0.12011664888092421
2020-04-24,13,0.51372298937611,1,1,0.004329554527432445,0.52,1.0,0.0,0.004329554527432445,0.9472912189787139,-0.1347981676658877,0.0,0.0,0.0,0.9736207944559706,-0.07020659158766751,0.0,0.0,0.0,0.9663892144921735,-0.04213743646414503,1.0,0.0,0.004329554527432445,0.9574288338685257,-0.11630714593447422
2020-04-27,13,0.4976325221934794,0,1,0.00010826512245132315,0.52,1.0,0.0,0.00010826512245132315,0.9473937775785337,-0.13470449648356497,0.0,0.0,0.0,0.9736207944559706,-0.07020659158766751,0.0,0.0,0.0,0.9663892144921735,-0.04213743646414503,1.0,0.0,0.00010826512245132315,0.957532490018463,-0.11621147281941935
2020-04-28,13,0.5050189857942485,1,1,0.0010836352792000794,0.52,1.0,0.0,0.0010836352792000794,0.9484204068992125,-0.13376683174902126,0.0,0.0,0.0,0.9736207944559706,-0.07020659158766751,0.0,0.0,0.0,0.9663892144921735,-0.04213743646414503,1.0,0.0,0.0010836352792000794,0.9585701060056273,-0.11525376839201418
2020-04-29,13,0.509925820156663,1,1,0.0037526459272465566,0.52,1.0,0.0,0.0037526459272465566,0.9519794928764803,-0.13051616537813837,0.0,0.0,0.0,0.9736207944559706,-0.07020659158766751,0.0,0.0,0.0,0.9663892144921735,-0.04213743646414503,1.0,0.0,0.0037526459272465566,0.9621672802099096,-0.1119336290493238
2020-04-30,13,0.5283211592447635,1,1,0.00627168680713308,0.52,1.0,0.0,0.00627168680713308,0.9579500101026149,-0.125063035083525,1.0,1.0,0.00617168680713308,0.979629677068265,-0.06446819787560976,1.0,1.0,0.00617168680713308,0.9723534660578106,-0.036225808717724184,1.0,0.0,0.00627168680713308,0.9682016920474572,-0.10636395490677386
2020-05-01,13,0.4735046016555951,0,1,0.0012933299570614398,0.52,1.0,0.0,0.0012933299570614398,0.959188955548048,-0.12393145289625818,-1.0,2.0,-0.00149332995706144,0.9781667667246725,-0.0658652555415058,0.0,1.0,-0.0001,0.9722562307112048,-0.03632218613685234,0.0,1.0,-0.0001,0.9681048718782524,-0.10645331851128315
2020-05-04,13,0.4727624703984401,0,0,-0.005048729550992005,0.52,1.0,0.0,-0.005048729550992005,0.9543462699231874,-0.12835448605871547,-1.0,0.0,0.005048729550992005,0.9831052661856337,-0.06114906185254987,0.0,0.0,-0.0,0.9722562307112048,-0.03632218613685234,0.0,0.0,-0.0,0.9681048718782524,-0.10645331851128315
2020-05-05,13,0.4908140964397495,0,0,-0.006026226213444508,0.52,1.0,0.0,-0.006026226213444508,0.9485951634146733,-0.1336072191036597,0.0,1.0,-0.0001,0.9830069556590151,-0.061242946946364674,0.0,0.0,-0.0,0.9722562307112048,-0.03632218613685234,1.0,1.0,-0.006126226213444508,0.9621740424347885,-0.11192738761435572
2020-05-06,13,0.5047786681498286,1,0,-0.003693112045772717,0.52,1.0,0.0,-0.003693112045772717,0.9450918951901048,-0.13680690471915846,0.0,0.0,-0.0,0.9830069556590151,-0.061242946946364674,0.0,0.0,-0.0,0.9722562307112048,-0.03632218613685234,1.0,0.0,-0.003693112045772717,0.9586206258885428,-0.11520713927667803
2020-05-07,13,0.5140226707958848,1,1,0.0035762058614008385,0.52,1.0,0.0,0.0035762058614008385,0.9484717383652461,-0.1337199485122944,0.0,0.0,0.0,0.9830069556590151,-0.061242946946364674,0.0,0.0,0.0,0.9722562307112048,-0.03632218613685234,1.0,0.0,0.0035762058614008385,0.9620488505897051,-0.11204293786203368
2020-05-08,13,0.49175531301935665,0,1,0.00021681074149282328,0.52,1.0,0.0,0.00021681074149282328,0.9486773772261261,-0.1335321296919909,0.0,0.0,0.0,0.9830069556590151,-0.061242946946364674,0.0,0.0,0.0,0.9722562307112048,-0.03632218613685234,1.0,0.0,0.00021681074149282328,0.9622574331143539,-0.11185041923297767
2020-05-11,13,0.5088955052717451,1,0,-0.0027780072010433754,0.52,1.0,0.0,-0.0027780072010433754,0.946041944640725,-0.1359391836751792,0.0,0.0,-0.0,0.9830069556590151,-0.061242946946364674,0.0,0.0,-0.0,0.9722562307112048,-0.03632218613685234,1.0,0.0,-0.0027780072010433754,0.9595842750359047,-0.11431770516395212
2020-05-12,13,0.5216131263988153,1,1,0.003460125949687365,0.52,1.0,0.0,0.003460125949687365,0.949315368922869,-0.13294942442250568,1.0,1.0,0.003360125949687365,0.9863099828394482,-0.058088605011947014,1.0,1.0,0.003360125949687365,0.9755231341017627,-0.033084107307352784,1.0,0.0,0.003460125949687365,0.9629045574868684,-0.11125313287241123
2020-05-13,13,0.5029049882684015,1,0,-0.0021322207671115034,0.52,1.0,0.0,-0.0021322207671115034,0.9472912189787136,-0.13479816766588804,0.0,1.0,-0.0001,0.9862113518411643,-0.05818279615144584,0.0,1.0,-0.0001,0.9754255817883526,-0.033180798896622066,1.0,0.0,-0.0021322207671115034,0.9608514323926486,-0.11314813739920593
2020-05-14,13,0.5127199789970469,1,0,-0.0015454488283191958,0.52,1.0,0.0,-0.0015454488283191958,0.9458272288742658,-0.13613529282392844,0.0,0.0,-0.0,0.9862113518411643,-0.05818279615144584,0.0,0.0,-0.0,0.9754255817883526,-0.033180798896622066,1.0,0.0,-0.0015454488283191958,0.9593664856722686,-0.11451872157115506
2020-05-15,13,0.5118551629645528,1,1,0.0013310858459365527,0.52,1.0,0.0,0.0013310858459365527,0.9470862061113218,-0.13498541473940218,0.0,0.0,0.0,0.9862113518411643,-0.05818279615144584,0.0,0.0,0.0,0.9754255817883526,-0.033180798896622066,1.0,0.0,0.0013310858459365527,0.9606434848224128,-0.11334006997459656
2020-05-18,13,0.5068808354575911,1,1,0.00866660982343559,0.52,1.0,0.0,0.00866660982343559,0.9552942327288465,-0.1274886708373676,0.0,0.0,0.0,0.9862113518411643,-0.05818279615144584,0.0,0.0,0.0,0.9754255817883526,-0.033180798896622066,1.0,0.0,0.00866660982343559,0.9689690070847942,-0.10565573431499165
2020-05-19,13,0.48121721514952576,0,1,0.0011583319408448034,0.52,1.0,0.0,0.0011583319408448034,0.9564007805515211,-0.12647801309604967,0.0,0.0,0.0,0.9862113518411643,-0.05818279615144584,0.0,0.0,0.0,0.9754255817883526,-0.033180798896622066,1.0,0.0,0.0011583319408448034,0.9700913948353892,-0.10461978678593731
2020-05-20,13,0.47990528019712286,0,1,0.00505210281016133,0.52,1.0,0.0,0.00505210281016133,0.961232615622586,-0.12206489021127442,-1.0,1.0,-0.00515210281016133,0.9811302895639304,-0.06303513521405213,0.0,0.0,0.0,0.9754255817883526,-0.033180798896622066,0.0,1.0,-0.0001,0.9699943856959057,-0.1047093248072587
2020-05-21,13,0.4610683995494537,0,0,-0.002738140153006774,0.52,1.0,0.0,-0.002738140153006774,0.9586006260013701,-0.12446879958712131,-1.0,0.0,0.002738140153006774,0.9838167618051167,-0.060469594095825085,0.0,0.0,-0.0,0.9754255817883526,-0.033180798896622066,0.0,0.0,-0.0,0.9699943856959057,-0.1047093248072587
2020-05-22,13,0.4808034762423469,0,0,-0.004117779777254138,0.52,1.0,0.0,-0.004117779777254138,0.9546533197291585,-0.12807404425853652,0.0,1.0,-0.0001,0.9837183801289362,-0.06056354713641554,0.0,0.0,-0.0,0.9754255817883526,-0.033180798896622066,1.0,1.0,-0.004217779777254138,0.9659031629918674,-0.10848546371185086
2020-05-25,13,0.4858773251097543,0,0,-0.0004404310453832716,0.52,1.0,0.0,-0.0004404310453832716,0.9542328607695715,-0.1284580675187207,0.0,0.0,-0.0,0.9837183801289362,-0.06056354713641554,0.0,0.0,-0.0,0.9754255817883526,-0.033180798896622066,1.0,0.0,-0.0004404310453832716,0.9654777492520519,-0.10887811439104267
2020-05-26,13,0.48619193873039956,0,1,0.007224939774856942,0.52,1.0,0.0,0.007224939774856942,0.9611271357198211,-0.12216122954528097,0.0,0.0,0.0,0.9837183801289362,-0.06056354713641554,0.0,0.0,0.0,0.9754255817883526,-0.033180798896622066,1.0,0.0,0.007224939774856942,0.9724532678443624,-0.10243981243546096
2020-05-27,13,0.47579442186690185,0,1,0.003194793152584863,0.52,1.0,0.0,0.003194793152584863,0.9641977381117823,-0.11935671625235866,-1.0,1.0,-0.003294793152584863,0.9804772315460155,-0.06365879592859902,0.0,0.0,0.0,0.9754255817883526,-0.033180798896622066,0.0,1.0,-0.0001,0.9723560225175779,-0.10252956845421746
2020-05-28,13,0.47801221164986296,0,1,0.005650423605935151,0.52,1.0,0.0,0.005650423605935151,0.9696458637719985,-0.11438070865346273,-1.0,0.0,-0.005650423605935151,0.974937119851806,-0.06894952037129387,0.0,0.0,0.0,0.9754255817883526,-0.033180798896622066,0.0,0.0,0.0,0.9723560225175779,-0.10252956845421746
2020-05-29,13,0.48984136656002314,0,1,0.0035579530369997947,0.52,1.0,0.0,0.0035579530369997947,0.9730958182178203,-0.11122971680619065,0.0,1.0,-0.0001,0.9748396261398208,-0.06904262541925676,0.0,0.0,0.0,0.9754255817883526,-0.033180798896622066,1.0,1.0,0.003457953036999795,0.9757183839786876,-0.09942615784983622
2020-06-01,13,0.44242534048205656,0,1,0.0006675319779554378,0.52,1.0,0.0,0.0006675319779554378,0.9737453907940954,-0.11063643422110236,-1.0,1.0,-0.0007675319779554379,0.9740914055533804,-0.06975716497436091,0.0,0.0,0.0,0.9754255817883526,-0.033180798896622066,0.0,1.0,-0.0001,0.9756208121402897,-0.0995162152340513
2020-06-02,13,0.43934390674182194,0,1,0.005706559007063071,0.52,1.0,0.0,0.005706559007063071,0.9793021263245176,-0.10556122855425298,-1.0,0.0,-0.005706559007063071,0.968532695469317,-0.07506565060333237,0.0,0.0,0.0,0.9754255817883526,-0.033180798896622066,0.0,0.0,0.0,0.9756208121402897,-0.0995162152340513
2020-06-03,13,0.4170406679877043,0,1,0.0041573002584596175,0.52,1.0,0.0,0.0041573002584596175,0.9833733793073967,-0.10184277801854524,-1.0,0.0,-0.0041573002584596175,0.9645062142441158,-0.07891088041313732,0.0,0.0,0.0,0.9754255817883526,-0.033180798896622066,0.0,0.0,0.0,0.9756208121402897,-0.0995162152340513
2020-06-04,13,0.42625735940920423,0,1,0.00907027625983492,0.52,1.0,0.0,0.00907027625983492,0.9922928475242822,-0.09369624389040765,-1.0,0.0,-0.00907027625983492,0.9557578764265942,-0.08726541318771819,0.0,0.0,0.0,0.9754255817883526,-0.033180798896622066,0.0,0.0,0.0,0.9756208121402897,-0.0995162152340513
2020-06-05,13,0.4166149227518905,0,0,-0.0016186702973106648,0.52,1.0,0.0,-0.0016186702973106648,0.9906866525657608,-0.09516325086076327,-1.0,0.0,0.0016186702973106648,0.9573049333125866,-0.0857879968227171,0.0,0.0,-0.0,0.9754255817883526,-0.033180798896622066,0.0,0.0,-0.0,0.9756208121402897,-0.0995162152340513
2020-06-08,13,0.42674697461517413,0,0,-0.0012322681759292522,0.52,1.0,0.0,-0.0012322681759292522,0.9894658609314861,-0.09627825239113885,-1.0,0.0,0.0012322681759292522,0.9584845897165679,-0.08466144246514906,0.0,0.0,-0.0,0.9754255817883526,-0.033180798896622066,0.0,0.0,-0.0,0.9756208121402897,-0.0995162152340513
2020-06-09,13,0.44720851830574887,0,1,0.002357072805333038,0.52,1.0,0.0,0.002357072805333038,0.9917981040040932,-0.09414811443626192,-1.0,0.0,-0.002357072805333038,0.9562253717558162,-0.08681896208678719,0.0,0.0,0.0,0.9754255817883526,-0.033180798896622066,0.0,0.0,0.0,0.9756208121402897,-0.0995162152340513
2020-06-10,13,0.4506918382773402,0,1,0.0029323119315063373,0.52,1.0,0.0,0.0029323119315063373,0.9947063654181098,-0.09149187414404591,-1.0,0.0,-0.0029323119315063373,0.9534214206890076,-0.08949669373988545,0.0,0.0,0.0,0.9754255817883526,-0.033180798896622066,0.0,0.0,0.0,0.9756208121402897,-0.0995162152340513
2020-06-11,13,0.446101565671817,0,0,-0.006806778164859195,0.52,1.0,0.0,-0.006806778164859195,0.9879356198495353,-0.09767588741771938,-1.0,0.0,0.006806778164859195,0.9599111487972627,-0.08329909971580185,0.0,0.0,-0.0,0.9754255817883526,-0.033180798896622066,0.0,0.0,-0.0,0.9756208121402897,-0.0995162152340513
2020-06-12,13,0.4720879285260567,0,0,-0.003195541723474027,0.52,1.0,0.0,-0.003195541723474027,0.9847786303562,-0.10055930176757266,-1.0,0.0,0.003195541723474027,0.9629785849240722,-0.08036974374099748,0.0,0.0,-0.0,0.9754255817883526,-0.033180798896622066,0.0,0.0,-0.0,0.9756208121402897,-0.0995162152340513
2020-06-15,13,0.4867871242194065,0,1,0.007619025622873644,0.52,1.0,0.0,0.007619025622873644,0.9922816839737423,-0.09370644004148443,0.0,1.0,-0.0001,0.9628822870655798,-0.08046170676662345,0.0,0.0,0.0,0.9754255817883526,-0.033180798896622066,1.0,1.0,0.007519025622873644,0.9829565300249814,-0.09274545458341377
2020-06-16,13,0.47917951256691743,0,0,-0.006353943827565934,0.52,1.0,0.0,-0.006353943827565934,0.9859767818926506,-0.0994649784127456,-1.0,1.0,0.006253943827565934,0.9689040988014461,-0.07471096593344606,0.0,0.0,-0.0,0.9754255817883526,-0.033180798896622066,0.0,1.0,-0.0001,0.982858234371979,-0.09283618003795546
2020-06-17,13,0.5022547808294481,1,0,-0.0020237334999584355,0.52,1.0,0.0,-0.0020237334999584355,0.9839814276489532,-0.10128742130381752,0.0,1.0,-0.0001,0.968807208391566,-0.07480349483685267,0.0,0.0,-0.0,0.9754255817883526,-0.033180798896622066,1.0,1.0,-0.0021237334999584354,0.9807709054139332,-0.09476275423235903
2020-06-18,13,0.509482384667283,1,0,-0.002837487793214688,0.52,1.0,0.0,-0.002837487793214688,0.9811893923592494,-0.10383750727547636,0.0,0.0,-0.0,0.968807208391566,-0.07480349483685267,0.0,0.0,-0.0,0.9754255817883526,-0.033180798896622066,1.0,0.0,-0.002837487793214688,0.977987979941881,-0.09733135386718805
2020-06-19,13,0.5136248988602088,1,0,-0.0029832625318877426,0.52,1.0,0.0,-0.0029832625318877426,0.9782622468083384,-0.10651099526250452,0.0,0.0,-0.0,0.968807208391566,-0.07480349483685267,0.0,0.0,-0.0,0.9754255817883526,-0.033180798896622066,1.0,0.0,-0.0029832625318877426,0.9750703850446838,-0.10002425141790594
2020-06-22,13,0.5152765811675212,1,1,0.009136542940248127,0.52,1.0,0.0,0.009136542940248127,0.9872001818331264,-0.09834759460408082,0.0,0.0,0.0,0.968807208391566,-0.07480349483685267,0.0,0.0,0.0,0.9754255817883526,-0.033180798896622066,1.0,0.0,0.009136542940248127,0.9839791574874088,-0.09180158434580366
2020-06-23,13,0.4941294347274351,0,1,0.0028959802817161147,0.52,1.0,0.0,0.0028959802817161147,0.9900590940938218,-0.09573642701709228,0.0,0.0,0.0,0.968807208391566,-0.07480349483685267,0.0,0.0,0.0,0.9754255817883526,-0.033180798896622066,1.0,0.0,0.0028959802817161147,0.986828741725112,-0.08917145964218331
2020-06-24,13,0.5012199129475529,1,0,-0.005434121121245528,0.52,1.0,0.0,-0.005434121121245528,0.9846789930593253,-0.10065030479821169,0.0,0.0,-0.0,0.968807208391566,-0.07480349483685267,0.0,0.0,-0.0,0.9754255817883526,-0.033180798896622066,1.0,0.0,-0.005434121121245528,0.9814661948166514,-0.09412101225117497
2020-06-25,13,0.5136030945044604,1,0,-0.0025587216499913805,0.52,1.0,0.0,-0.0025587216499913805,0.9821594736014927,-0.10295149033423767,0.0,0.0,-0.0,0.968807208391566,-0.07480349483685267,0.0,0.0,-0.0,0.9754255817883526,-0.033180798896622066,1.0,0.0,-0.0025587216499913805,0.9789548960152394,-0.09643890442940006
2020-06-26,13,0.5145747454175824,1,1,0.00033684708788728196,0.52,1.0,0.0,0.00033684708788728196,0.9824903111600163,-0.10264932215606304,0.0,0.0,0.0,0.968807208391566,-0.07480349483685267,0.0,0.0,0.0,0.9754255817883526,-0.033180798896622066,1.0,0.0,0.00033684708788728196,0.9792846541211352,-0.09613454250562892
2020-06-29,13,0.5098531119045228,1,1,0.0019007239932979922,0.52,1.0,0.0,0.0019007239932979922,0.9843577540676209,-0.10094370619228288,0.0,0.0,0.0,0.968807208391566,-0.07480349483685267,0.0,0.0,0.0,0.9754255817883526,-0.033180798896622066,1.0,0.0,0.0019007239932979922,0.9811460039594918,-0.094416543743856
2020-06-30,13,0.519278711665113,1,0,-0.0010000172763980906,0.52,1.0,0.0,-0.0010000172763980906,0.9833733793073969,-0.10184277801854502,0.0,0.0,-0.0,0.968807208391566,-0.07480349483685267,0.0,0.0,-0.0,0.9754255817883526,-0.033180798896622066,1.0,0.0,-0.0010000172763980906,0.9801648410048633,-0.09532214284533247
2020-07-01,13,0.5066704456580086,1,1,0.0013726735475050322,0.52,1.0,0.0,0.0013726735475050322,0.9847232299324927,-0.10060990135843051,0.0,0.0,0.0,0.968807208391566,-0.07480349483685267,0.0,0.0,0.0,0.9754255817883526,-0.033180798896622066,1.0,0.0,0.0013726735475050322,0.9815102873543052,-0.09408031548180273
2020-07-02,13,0.49802963594777266,0,0,-0.0012024360215885377,0.52,1.0,0.0,-0.0012024360215885377,0.9835391632495268,-0.10169136041049731,0.0,0.0,-0.0,0.968807208391566,-0.07480349483685267,0.0,0.0,-0.0,0.9754255817883526,-0.033180798896622066,1.0,0.0,-0.0012024360215885377,0.9803300840292307,-0.0951696259431335
2020-07-03,13,0.5114011239775409,1,1,0.0008322910247819947,0.52,1.0,0.0,0.0008322910247819947,0.984357754067621,-0.10094370619228277,0.0,0.0,0.0,0.968807208391566,-0.07480349483685267,0.0,0.0,0.0,0.9754255817883526,-0.033180798896622066,1.0,0.0,0.0008322910247819947,0.981146003959492,-0.09441654374385577
2020-07-06,13,0.5007629498032873,1,1,0.005837408743786466,0.52,1.0,0.0,0.005837408743786466,0.9901038526282294,-0.09569554712165329,0.0,0.0,0.0,0.968807208391566,-0.07480349483685267,0.0,0.0,0.0,0.9754255817883526,-0.033180798896622066,1.0,0.0,0.005837408743786466,0.9868733542219363,-0.08913028295807779
2020-07-07,13,0.4857017035939187,0,0,-0.0033261636145835993,0.52,1.0,0.0,-0.0033261636145835993,0.9868106052189584,-0.09870341168932317,0.0,0.0,-0.0,0.968807208391566,-0.07480349483685267,0.0,0.0,-0.0,0.9754255817883526,-0.033180798896622066,1.0,0.0,-0.0033261636145835993,0.9835908519789213,-0.0921599846685287
2020-07-08,14,0.503635180329386,1,1,0.0056695953320384795,0.6,1.0,0.0,0.0056695953320384795,0.9924054220199139,-0.09359342475945476,0.0,0.0,0.0,0.968807208391566,-0.07480349483685267,0.0,0.0,0.0,0.9754255817883526,-0.033180798896622066,1.0,0.0,0.0056695953320384795,0.9891674140819368,-0.08701289915536758
2020-07-09,14,0.475089607125406,0,0,-0.004515257193776434,0.6,1.0,0.0,-0.004515257193776434,0.9879244562989957,-0.09768608356879593,0.0,0.0,-0.0,0.968807208391566,-0.07480349483685267,0.0,0.0,-0.0,0.9754255817883526,-0.033180798896622066,1.0,0.0,-0.004515257193776434,0.984701068799654,-0.09113527073028149
2020-07-10,14,0.4994715788374773,0,1,0.001956696060406715,0.6,1.0,0.0,0.001956696060406715,0.9898575241906155,-0.0959205294832648,0.0,0.0,0.0,0.968807208391566,-0.07480349483685267,0.0,0.0,0.0,0.9754255817883526,-0.033180798896622066,1.0,0.0,0.001956696060406715,0.9866278295016526,-0.08935689869507679
2020-07-13,14,0.4927254160767495,0,1,0.003134739407461451,0.6,1.0,0.0,0.003134739407461451,0.992960469579468,-0.09308647593955899,0.0,0.0,0.0,0.968807208391566,-0.07480349483685267,0.0,0.0,0.0,0.9754255817883526,-0.033180798896622066,1.0,0.0,0.003134739407461451,0.9897206506392896,-0.08650226987928333
2020-07-14,14,0.4945227241393882,0,1,0.0057475382703400255,0.6,1.0,0.0,0.0057475382703400255,0.9986675478793109,-0.08787395575213264,0.0,0.0,0.0,0.968807208391566,-0.07480349483685267,0.0,0.0,0.0,0.9754255817883526,-0.033180798896622066,1.0,0.0,0.0057475382703400255,0.9954091079557847,-0.08125190671554572
2020-07-15,14,0.46722429903266316,0,1,0.0005686381091167814,0.6,1.0,0.0,0.0005686381091167814,0.9992354283053733,-0.08735528612305543,0.0,0.0,0.0,0.968807208391566,-0.07480349483685267,0.0,0.0,0.0,0.9754255817883526,-0.033180798896622066,1.0,0.0,0.0005686381091167814,0.9959751355087303,-0.08072947153702592
2020-07-16,14,0.47542409444477957,0,0,-0.0021964124845104127,0.6,1.0,0.0,-0.0021964124845104127,0.9970406951356783,-0.08935983036653705,0.0,0.0,-0.0,0.968807208391566,-0.07480349483685267,0.0,0.0,-0.0,0.9754255817883526,-0.033180798896622066,1.0,0.0,-0.0021964124845104127,0.9937875632868369,-0.08274856880238446
2020-07-17,14,0.4753612244014552,0,1,0.004462768406512829,0.6,1.0,0.0,0.004462768406512829,1.0014902568499373,-0.0852958541877955,0.0,0.0,0.0,0.968807208391566,-0.07480349483685267,0.0,0.0,0.0,0.9754255817883526,-0.033180798896622066,1.0,0.0,0.004462768406512829,0.9982226070270588,-0.07865508809440713
2020-07-20,14,0.46019398990800037,0,1,0.001375032190692238,0.6,1.0,0.0,0.001375032190692238,1.0028673381917705,-0.08403810654234412,0.0,0.0,0.0,0.968807208391566,-0.07480349483685267,0.0,0.0,0.0,0.9754255817883526,-0.033180798896622066,1.0,0.0,0.001375032190692238,0.9995951952451977,-0.07738820918180644
2020-07-21,14,0.47100221440236867,0,1,0.00657442531387309,0.6,1.0,0.0,0.00657442531387309,1.009460614606435,-0.07801618348345285,0.0,0.0,0.0,0.968807208391566,-0.07480349483685267,0.0,0.0,0.0,0.9754255817883526,-0.033180798896622066,1.0,0.0,0.00657442531387309,1.0061669592004436,-0.07132256686937355
2020-07-22,14,0.46412703805750916,0,1,0.0030078212447555157,0.6,1.0,0.0,0.0030078212447555157,1.0124968916887922,-0.07524302097281377,0.0,0.0,0.0,0.968807208391566,-0.07480349483685267,0.0,0.0,0.0,0.9754255817883526,-0.033180798896622066,1.0,0.0,0.0030078212447555157,1.0091933295560978,-0.06852927115647822
2020-07-23,14,0.4695143696290932,0,1,0.00236559286041671,0.6,1.0,0.0,0.00236559286041671,1.0148920471069653,-0.07305542246560648,0.0,0.0,0.0,0.968807208391566,-0.07480349483685267,0.0,0.0,0.0,0.9754255817883526,-0.033180798896622066,1.0,0.0,0.00236559286041671,1.0115806700912757,-0.06632579065063893
2020-07-24,14,0.46046191718938934,0,1,0.004870829620063688,0.6,1.0,0.0,0.004870829620063688,1.019835413351181,-0.06854043336119442,0.0,0.0,0.0,0.968807208391566,-0.07480349483685267,0.0,0.0,0.0,0.9754255817883526,-0.033180798896622066,1.0,0.0,0.004870829620063688,1.0165079071822403,-0.06177802265625043
2020-07-27,14,0.44801607856877335,0,1,0.010015670777406838,0.6,1.0,0.0,0.010015670777406838,1.0300497490984473,-0.059211240999273995,0.0,0.0,0.0,0.968807208391566,-0.07480349483685267,0.0,0.0,0.0,0.9754255817883526,-0.033180798896622066,1.0,0.0,0.010015670777406838,1.0266889157232084,-0.05238110021504783
2020-07-28,14,0.43533521934572256,0,0,-0.0042891650419982765,0.6,1.0,0.0,-0.0042891650419982765,1.025631695723095,-0.06324643925628493,0.0,0.0,-0.0,0.968807208391566,-0.07480349483685267,0.0,0.0,-0.0,0.9754255817883526,-0.033180798896622066,1.0,0.0,-0.0042891650419982765,1.0222852775168814,-0.0564455940731422
2020-07-29,14,0.4582373192278488,0,1,0.005467304712160281,0.6,1.0,0.0,0.005467304712160281,1.031239136726063,-0.05812492209949782,0.0,0.0,0.0,0.968807208391566,-0.07480349483685267,0.0,0.0,0.0,0.9754255817883526,-0.033180798896622066,1.0,0.0,0.005467304712160281,1.0278744226318215,-0.05128689462343872
2020-07-30,14,0.4417386501277327,0,1,0.007586362212601561,0.6,1.0,0.0,0.007586362212601561,1.0390624903450774,-0.05097951659952238,0.0,0.0,0.0,0.968807208391566,-0.07480349483685267,0.0,0.0,0.0,0.9754255817883526,-0.033180798896622066,1.0,0.0,0.007586362212601561,1.0356722503109752,-0.04408961337021011
2020-07-31,14,0.46880697227857804,0,0,-0.00757603370321358,0.6,1.0,0.0,-0.00757603370321358,1.031190517898478,-0.0581693277668045,0.0,0.0,-0.0,0.968807208391566,-0.07480349483685267,0.0,0.0,-0.0,0.9754255817883526,-0.033180798896622066,1.0,0.0,-0.00757603370321358,1.0278259624371362,-0.05133162267656932
2020-08-03,14,0.45418162115066685,0,0,-0.0016115393013034216,0.6,1.0,0.0,-0.0016115393013034216,1.029528713851753,-0.059687124910281386,0.0,0.0,-0.0,0.968807208391566,-0.07480349483685267,0.0,0.0,-0.0,0.9754255817883526,-0.033180798896622066,1.0,0.0,-0.0016115393013034216,1.0261695805037687,-0.05286043905052973
2020-08-04,14,0.478813408132718,0,1,0.004430779333569168,0.6,1.0,0.0,0.004430779333569168,1.0340903284004035,-0.055520806056244765,0.0,0.0,0.0,0.968807208391566,-0.07480349483685267,0.0,0.0,0.0,0.9754255817883526,-0.033180798896622066,1.0,0.0,0.004430779333569168,1.030716311473802,-0.0486638726578692
2020-08-05,14,0.46309023134196275,0,1,0.0048559695029375405,0.6,1.0,0.0,0.0048559695029375405,1.0391118394983985,-0.05093444389429491,0.0,0.0,0.0,0.968807208391566,-0.07480349483685267,0.0,0.0,0.0,0.9754255817883526,-0.033180798896622066,1.0,0.0,0.0048559695029375405,1.0357214384484992,-0.04404421343645304
2020-08-06,14,0.4619392848208668,0,1,0.00030874603725705724,0.6,1.0,0.0,0.00030874603725705724,1.0394326611611104,-0.05064142366475022,0.0,0.0,0.0,0.968807208391566,-0.07480349483685267,0.0,0.0,0.0,0.9754255817883526,-0.033180798896622066,1.0,0.0,0.00030874603725705724,1.0360412133383223,-0.0437490658755586
2020-08-07,14,0.4634920873154077,0,0,-0.007894332439634666,0.6,1.0,0.0,-0.007894332439634666,1.0312270341852905,-0.058135975870758916,0.0,0.0,-0.0,0.968807208391566,-0.07480349483685267,0.0,0.0,-0.0,0.9754255817883526,-0.033180798896622066,1.0,0.0,-0.007894332439634666,1.0278623595790672,-0.05129802864524802
2020-08-10,14,0.49614985095751396,0,0,-0.0038148260412615986,0.6,1.0,0.0,-0.0038148260412615986,1.0272930824408275,-0.06172902327733454,0.0,0.0,-0.0,0.968807208391566,-0.07480349483685267,0.0,0.0,-0.0,0.9754255817883526,-0.033180798896622066,1.0,0.0,-0.0038148260412615986,1.0239412434829125,-0.05491716163096827
2020-08-11,14,0.5099437260372396,1,0,-0.00010562276706871376,0.6,1.0,0.0,-0.00010562276706871376,1.0271845769028696,-0.06182812605415622,0.0,0.0,-0.0,0.968807208391566,-0.07480349483685267,0.0,0.0,-0.0,0.9754255817883526,-0.033180798896622066,1.0,0.0,-0.00010562276706871376,1.0238330919754601,-0.05501698389546594
2020-08-12,14,0.5149403251688296,1,1,0.00487906845504904,0.6,1.0,0.0,0.00487906845504904,1.0321962807695493,-0.05725072125857289,0.0,0.0,0.0,0.968807208391566,-0.07480349483685267,0.0,0.0,0.0,0.9754255817883526,-0.033180798896622066,1.0,0.0,0.00487906845504904,1.0288284437177528,-0.0504063470710332
2020-08-13,14,0.4939519019835692,0,1,0.001929577399301552,0.6,1.0,0.0,0.001929577399301552,1.0341879833845653,-0.055431613557105575,0.0,0.0,0.0,0.968807208391566,-0.07480349483685267,0.0,0.0,0.0,0.9754255817883526,-0.033180798896622066,1.0,0.0,0.001929577399301552,1.0308136478305092,-0.048574032619821295
2020-08-14,14,0.5038231994106185,1,1,0.0030461698260610963,0.6,1.0,0.0,0.0030461698260610963,1.0373382956140262,-0.05255429783967214,0.0,0.0,0.0,0.968807208391566,-0.07480349483685267,0.0,0.0,0.0,0.9754255817883526,-0.033180798896622066,1.0,0.0,0.0030461698260610963,1.0339536812608225,-0.045675827546256764
2020-08-17,14,0.49825192821460385,0,1,0.002018980265106496,0.6,1.0,0.0,0.002018980265106496,1.0394326611611102,-0.05064142366475033,0.0,0.0,0.0,0.968807208391566,-0.07480349483685267,0.0,0.0,0.0,0.9754255817883526,-0.033180798896622066,1.0,0.0,0.002018980265106496,1.0360412133383223,-0.0437490658755586
2020-08-18,14,0.480524828288522,0,1,0.006009806361055858,0.6,1.0,0.0,0.006009806361055858,1.0456794501800455,-0.04493596245376785,0.0,0.0,0.0,0.968807208391566,-0.07480349483685267,0.0,0.0,0.0,0.9754255817883526,-0.033180798896622066,1.0,0.0,0.006009806361055858,1.042267620412559,-0.038002182928892014
2020-08-19,14,0.47014829105515643,0,0,-0.008734567738023058,0.6,1.0,0.0,-0.008734567738023058,1.036545892190189,-0.053278033983865214,0.0,0.0,-0.0,0.968807208391566,-0.07480349483685267,0.0,0.0,-0.0,0.9754255817883526,-0.033180798896622066,1.0,0.0,-0.008734567738023058,1.0331638632809172,-0.046404818025929995
2020-08-20,14,0.49924147934442836,0,1,0.0025469429035471776,0.6,1.0,0.0,0.0025469429035471776,1.039185915394504,-0.05086678719088811,0.0,0.0,0.0,0.968807208391566,-0.07480349483685267,0.0,0.0,0.0,0.9754255817883526,-0.033180798896622066,1.0,0.0,0.0025469429035471776,1.035795272650702,-0.0439760655443443
2020-08-21,14,0.49480985559389834,0,0,-0.0063709595805449,0.6,1.0,0.0,-0.0063709595805449,1.032565303930854,-0.05691367652624779,0.0,0.0,-0.0,0.968807208391566,-0.07480349483685267,0.0,0.0,-0.0,0.9754255817883526,-0.033180798896622066,1.0,0.0,-0.0063709595805449,1.029196262834925,-0.05006685538879474
2020-08-24,14,0.5092021597110916,1,0,-0.00029494098906779337,0.6,1.0,0.0,-0.00029494098906779337,1.0322607580988354,-0.05719183133926953,0.0,0.0,-0.0,0.968807208391566,-0.07480349483685267,0.0,0.0,-0.0,0.9754255817883526,-0.033180798896622066,1.0,0.0,-0.00029494098906779337,1.0288927106712196,-0.05034702961001458
2020-08-25,14,0.5078082505600461,1,1,0.003432189445375711,0.6,1.0,0.0,0.003432189445375711,1.0358036725776578,-0.05395593509377816,0.0,0.0,0.0,0.968807208391566,-0.07480349483685267,0.0,0.0,0.0,0.9754255817883526,-0.033180798896622066,1.0,0.0,0.003432189445375711,1.0324240653732093,-0.04708764070827243
2020-08-26,14,0.5019706256722539,1,1,0.0006513943384394151,0.6,1.0,0.0,0.0006513943384394151,1.0364783892257097,-0.053339687345984044,0.0,0.0,0.0,0.968807208391566,-0.07480349483685267,0.0,0.0,0.0,0.9754255817883526,-0.033180798896622066,1.0,0.0,0.0006513943384394151,1.033096580564262,-0.04646691899240085
2020-08-27,14,0.5077899322879391,1,0,-0.001950293731851627,0.6,1.0,0.0,-0.001950293731851627,1.034456951920003,-0.05518595301994589,0.0,0.0,-0.0,0.968807208391566,-0.07480349483685267,0.0,0.0,-0.0,0.9754255817883526,-0.033180798896622066,1.0,0.0,-0.001950293731851627,1.0310817387787903,-0.04832658858340311
2020-08-28,14,0.510313397108593,1,1,0.008342792041089897,0.6,1.0,0.0,0.008342792041089897,1.0430872111453313,-0.04730356590849083,0.0,0.0,0.0,0.968807208391566,-0.07480349483685267,0.0,0.0,0.0,0.9754255817883526,-0.033180798896622066,1.0,0.0,0.008342792041089897,1.0396838393027872,-0.04038697522091972
2020-08-31,14,0.47727062245274254,0,1,0.001743093067486656,0.6,1.0,0.0,0.001743093067486656,1.0449054092318628,-0.045642927358806595,0.0,0.0,0.0,0.968807208391566,-0.07480349483685267,0.0,0.0,0.0,0.9754255817883526,-0.033180798896622066,1.0,0.0,0.001743093067486656,1.0414961049954539,-0.03871428040995728
2020-09-01,14,0.5026672724251975,1,0,-0.0013234919979406847,0.6,1.0,0.0,-0.0013234919979406847,1.0435224852841396,-0.04690601130762517,0.0,0.0,-0.0,0.968807208391566,-0.07480349483685267,0.0,0.0,-0.0,0.9754255817883526,-0.033180798896622066,1.0,0.0,-0.0013234919979406847,1.040117693234606,-0.03998653436756949
2020-09-02,14,0.4915705424208785,0,0,-0.006361980408355672,0.6,1.0,0.0,-0.006361980408355672,1.0368836156770833,-0.05296957659100765,0.0,0.0,-0.0,0.968807208391566,-0.07480349483685267,0.0,0.0,-0.0,0.9754255817883526,-0.033180798896622066,1.0,0.0,-0.006361980408355672,1.0335004848478633,-0.04609412122768064
2020-09-03,14,0.5172865063593151,1,0,-0.0006393457221240961,0.6,1.0,0.0,-0.0006393457221240961,1.0362206885730596,-0.05357505644093552,0.0,0.0,-0.0,0.968807208391566,-0.07480349483685267,0.0,0.0,-0.0,0.9754255817883526,-0.033180798896622066,1.0,0.0,-0.0006393457221240961,1.0328397207340627,-0.046703996870582576
2020-09-04,14,0.5185442686836637,1,0,-0.0004497614814279461,0.6,1.0,0.0,-0.0004497614814279461,1.0357546364210808,-0.054000721925610895,0.0,0.0,-0.0,0.968807208391566,-0.07480349483685267,0.0,0.0,-0.0,0.9754255817883526,-0.033180798896622066,1.0,0.0,-0.0004497614814279461,1.0323751892111876,-0.047132752693189506
2020-09-07,14,0.5082191876506688,1,0,-0.0010758034478896006,0.6,1.0,0.0,-0.0010758034478896006,1.0346403680120513,-0.05501843121066452,0.0,0.0,-0.0,0.968807208391566,-0.07480349483685267,0.0,0.0,-0.0,0.9754255817883526,-0.033180798896622066,1.0,0.0,-0.0010758034478896006,1.0312645564231187,-0.04815785056322319
2020-09-08,14,0.5103067763244866,1,0,-0.0043549400692805005,0.6,1.0,0.0,-0.0043549400692805005,1.0301345712161005,-0.059133769309316686,0.0,0.0,-0.0,0.968807208391566,-0.07480349483685267,0.0,0.0,-0.0,0.9754255817883526,-0.033180798896622066,1.0,0.0,-0.0043549400692805005,1.0267734610843229,-0.05230306607943547
2020-09-09,14,0.5138104277852554,1,1,0.0030697019536041203,0.6,1.0,0.0,0.0030697019536041203,1.0332967773218378,-0.05624559040288524,0.0,0.0,0.0,0.968807208391566,-0.07480349483685267,0.0,0.0,0.0,0.9754255817883526,-0.033180798896622066,1.0,0.0,0.0030697019536041203,1.0299253495837224,-0.04939391894995482
2020-09-10,14,0.5095900713379635,1,1,0.0015253577729836818,0.6,1.0,0.0,0.0015253577729836818,1.0348729245929247,-0.054806027278418656,0.0,0.0,0.0,0.968807208391566,-0.07480349483685267,0.0,0.0,0.0,0.9754255817883526,-0.033180798896622066,1.0,0.0,0.0015253577729836818,1.031496354221303,-0.0479439045751795
2020-09-11,14,0.5115687038931593,1,1,0.0015513640318849387,0.6,1.0,0.0,0.0015513640318849387,1.0364783892257097,-0.053339687345984044,0.0,0.0,0.0,0.968807208391566,-0.07480349483685267,0.0,0.0,0.0,0.9754255817883526,-0.033180798896622066,1.0,0.0,0.0015513640318849387,1.0330965805642622,-0.04646691899240063
2020-09-14,14,0.5069417511193653,1,1,0.0023028061782486282,0.6,1.0,0.0,0.0023028061782486282,1.0388651980640398,-0.05115971212930159,0.0,0.0,0.0,0.968807208391566,-0.07480349483685267,0.0,0.0,0.0,0.9754255817883526,-0.033180798896622066,1.0,0.0,0.0023028061782486282,1.0354756017527131,-0.044271117122291925
2020-09-15,14,0.5028515716669036,1,0,-0.0021557096226498818,0.6,1.0,0.0,-0.0021557096226498818,1.0366257063599371,-0.05320513626822232,0.0,0.0,-0.0,0.968807208391566,-0.07480349483685267,0.0,0.0,-0.0,0.9754255817883526,-0.033180798896622066,1.0,0.0,-0.0021557096226498818,1.0332434170339957,-0.04633139107175577
2020-09-16,14,0.5073981484805311,1,0,-0.003458398421950948,0.6,1.0,0.0,-0.003458398421950948,1.033040641652908,-0.0564795301308636,0.0,0.0,-0.0,0.968807208391566,-0.07480349483685267,0.0,0.0,-0.0,0.9754255817883526,-0.033180798896622066,1.0,0.0,-0.003458398421950948,1.029670049631034,-0.04962955708393746
2020-09-17,14,0.5131759521526151,1,1,0.0037913635082373887,0.6,1.0,0.0,0.0037913635082373887,1.036957274244197,-0.05290230105212679,0.0,0.0,0.0,0.968807208391566,-0.07480349483685267,0.0,0.0,0.0,0.9754255817883526,-0.033180798896622066,1.0,0.0,0.0037913635082373887,1.0335739030827302,-0.04602635726735793
2020-09-18,14,0.4993957373872335,0,0,-0.00022507314877340256,0.6,1.0,0.0,-0.00022507314877340256,1.0367238830053394,-0.05311546731342509,0.0,0.0,-0.0,0.968807208391566,-0.07480349483685267,0.0,0.0,-0.0,0.9754255817883526,-0.033180798896622066,1.0,0.0,-0.00022507314877340256,1.0333412733498735,-0.046241071118974575
2020-09-21,14,0.505327770565867,1,0,-0.006545397017979959,0.6,1.0,0.0,-0.006545397017979959,1.0299381135930477,-0.05931320251004302,0.0,0.0,-0.0,0.968807208391566,-0.07480349483685267,0.0,0.0,-0.0,0.9754255817883526,-0.033180798896622066,1.0,0.0,-0.006545397017979959,1.0265776444607335,-0.05248380196794422
2020-09-22,14,0.5170022739247865,1,0,-0.005067306447492315,0.6,1.0,0.0,-0.005067306447492315,1.0247191015495196,-0.06407995078403472,0.0,0.0,-0.0,0.968807208391566,-0.07480349483685267,0.0,0.0,-0.0,0.9754255817883526,-0.033180798896622066,1.0,0.0,-0.005067306447492315,1.0213756609441063,-0.05728515690733538
2020-09-23,14,0.514186752490555,1,0,-0.004255377205412025,0.6,1.0,0.0,-0.004255377205412025,1.0203585352428355,-0.06806264362755643,0.0,0.0,-0.0,0.968807208391566,-0.07480349483685267,0.0,0.0,-0.0,0.9754255817883526,-0.033180798896622066,1.0,0.0,-0.004255377205412025,1.017029322238362,-0.061296764161835604
2020-09-24,14,0.5152855991923717,1,1,0.001260749603063216,0.6,1.0,0.0,0.001260749603063216,1.021644951861125,-0.06688770397543009,0.0,0.0,0.0,0.968807208391566,-0.07480349483685267,0.0,0.0,0.0,0.9754255817883526,-0.033180798896622066,1.0,0.0,0.001260749603063216,1.0183115415526776,-0.06011329442985858
2020-09-25,14,0.509735612016872,1,0,-0.0032462486057818207,0.6,1.0,0.0,-0.0032462486057818207,1.0183284383605418,-0.06991681846543785,0.0,0.0,-0.0,0.968807208391566,-0.07480349483685267,0.0,0.0,-0.0,0.9754255817883526,-0.033180798896622066,1.0,0.0,-0.0032462486057818207,1.0150058491306606,-0.06316440033740855
2020-09-28,14,0.5110989244430126,1,1,0.0037372298251370224,0.6,1.0,0.0,0.0037372298251370224,1.022134165772168,-0.06644088385954838,0.0,0.0,0.0,0.968807208391566,-0.07480349483685267,0.0,0.0,0.0,0.9754255817883526,-0.033180798896622066,1.0,0.0,0.0037372298251370224,1.0187991592627201,-0.0596632303930994
2020-09-29,14,0.5101404647765357,1,1,0.005413030530529327,0.6,1.0,0.0,0.005413030530529327,1.02766700921779,-0.061387499861826234,0.0,0.0,0.0,0.968807208391566,-0.07480349483685267,0.0,0.0,0.0,0.9754255817883526,-0.033180798896622066,1.0,0.0,0.005413030530529327,1.0243139502162868,-0.05457315875023805
2020-09-30,15,0.5003225581289297,1,0,-0.001360210502676873,0.58,1.0,0.0,-0.001360210502676873,1.0262691657585974,-0.06266421044245796,0.0,0.0,-0.0,0.968807208391566,-0.07480349483685267,0.0,0.0,-0.0,0.9754255817883526,-0.033180798896622066,1.0,0.0,-0.001360210502676873,1.0229206676231641,-0.05585913826921862
2020-10-01,15,0.5109955855901924,1,1,0.0016089994172752142,0.58,1.0,0.0,0.0016089994172752142,1.0279204322482705,-0.06115603770326872,0.0,0.0,0.0,0.968807208391566,-0.07480349483685267,0.0,0.0,0.0,0.9754255817883526,-0.033180798896622066,1.0,0.0,0.0016089994172752142,1.0245665463812885,-0.0543400161728681
2020-10-02,15,0.5425364082536024,1,0,-0.0020861974904528013,0.58,1.0,0.0,-0.0020861974904528013,1.025775987222129,-0.06311465162133878,0.0,0.0,-0.0,0.968807208391566,-0.07480349483685267,0.0,0.0,-0.0,0.9754255817883526,-0.033180798896622066,1.0,0.0,-0.0020861974904528013,1.022429098223426,-0.056312849657949804
2020-10-05,15,0.5029897279692667,1,1,0.0061439279661417165,0.58,1.0,0.0,0.0061439279661417165,1.0320782809970197,-0.05735849552836669,0.0,0.0,0.0,0.968807208391566,-0.07480349483685267,0.0,0.0,0.0,0.9754255817883526,-0.033180798896622066,1.0,0.0,0.0061439279661417165,1.0287108289533982,-0.050514903783674625
2020-10-06,15,0.4833322874080497,0,0,-0.004648194991886068,0.58,1.0,0.0,-0.004648194991886068,1.027280979900055,-0.06174007704859563,0.0,0.0,-0.0,0.968807208391566,-0.07480349483685267,0.0,0.0,-0.0,0.9754255817883526,-0.033180798896622066,1.0,0.0,-0.004648194991886068,1.023929180430158,-0.05492829565277779
2020-10-07,15,0.5010445117520343,1,1,0.0025417808980194856,0.58,1.0,0.0,0.0025417808980194856,1.0298921030716637,-0.059355225899060615,0.0,0.0,0.0,0.968807208391566,-0.07480349483685267,0.0,0.0,0.0,0.9754255817883526,-0.033180798896622066,1.0,0.0,0.0025417808980194856,1.0265317840619002,-0.05252613044740928
2020-10-08,15,0.49781033737511166,0,0,-4.001510240880801e-05,0.58,1.0,0.0,-4.001510240880801e-05,1.0298508918336893,-0.05939286589602655,0.0,0.0,-0.0,0.968807208391566,-0.07480349483685267,0.0,0.0,-0.0,0.9754255817883526,-0.033180798896622066,1.0,0.0,-4.001510240880801e-05,1.026490707287435,-0.05256404371132917
2020-10-09,15,0.5048240301489922,1,1,0.004235185563026932,0.58,1.0,0.0,0.004235185563026932,1.0342125014628538,-0.05540922014118921,0.0,0.0,0.0,0.968807208391566,-0.07480349483685267,0.0,0.0,0.0,0.9754255817883526,-0.033180798896622066,1.0,0.0,0.004235185563026932,1.03083808591152,-0.0485514766273627
2020-10-12,15,0.48632545671879696,0,0,-5.911618479070845e-05,0.58,1.0,0.0,-5.911618479070845e-05,1.0341513627655046,-0.05546506074428281,0.0,0.0,-0.0,0.968807208391566,-0.07480349483685267,0.0,0.0,-0.0,0.9754255817883526,-0.033180798896622066,1.0,0.0,-5.911618479070845e-05,1.030777146696744,-0.0486077226340893
2020-10-13,15,0.49602192714336757,0,0,-0.006258514217526323,0.58,1.0,0.0,-0.006258514217526323,1.0276791117585624,-0.06137644609056514,0.0,0.0,-0.0,0.968807208391566,-0.07480349483685267,0.0,0.0,-0.0,0.9754255817883526,-0.033180798896622066,1.0,0.0,-0.006258514217526323,1.024326013269041,-0.05456202472842875
2020-10-14,15,0.5072000578439559,1,1,0.0001526893942394025,0.58,1.0,0.0,0.0001526893942394025,1.0278360274596092,-0.06123312822869997,0.0,0.0,0.0,0.968807208391566,-0.07480349483685267,0.0,0.0,0.0,0.9754255817883526,-0.033180798896622066,1.0,0.0,0.0001526893942394025,1.0244824169875109,-0.05441766637669354
2020-10-15,15,0.507490490672585,1,0,-0.0031375722397840593,0.58,1.0,0.0,-0.0031375722397840593,1.024611117672802,-0.06417857710519836,0.0,0.0,-0.0,0.968807208391566,-0.07480349483685267,0.0,0.0,-0.0,0.9754255817883526,-0.033180798896622066,1.0,0.0,-0.0031375722397840593,1.021268029395824,-0.0573844992571001
2020-10-16,15,0.5098565897018825,1,1,0.0007147180392022002,0.58,1.0,0.0,0.0007147180392022002,1.02534342572177,-0.0635097286527837,0.0,0.0,0.0,0.968807208391566,-0.07480349483685267,0.0,0.0,0.0,0.9754255817883526,-0.033180798896622066,1.0,0.0,0.0007147180392022002,1.0219979480792938,-0.05671079495468756
2020-10-19,15,0.508800569860647,1,1,0.004554485165616517,0.58,1.0,0.0,0.004554485165616517,1.0300133371438822,-0.059244497604188484,0.0,0.0,0.0,0.968807208391566,-0.07480349483685267,0.0,0.0,0.0,0.9754255817883526,-0.033180798896622066,1.0,0.0,0.004554485165616517,1.0266526225731114,-0.05241459826342243
2020-10-20,15,0.49456947876044394,0,1,0.005181497776384436,0.58,1.0,0.0,0.005181497776384436,1.0353503489599396,-0.0543699750604032,0.0,0.0,0.0,0.968807208391566,-0.07480349483685267,0.0,0.0,0.0,0.9754255817883526,-0.033180798896622066,1.0,0.0,0.005181497776384436,1.0319722208540931,-0.04750468661139018
2020-10-21,15,0.4893217590325228,0,1,0.0020388792804699736,0.58,1.0,0.0,0.0020388792804699736,1.0374613033344613,-0.052441949595563586,0.0,0.0,0.0,0.968807208391566,-0.07480349483685267,0.0,0.0,0.0,0.9754255817883526,-0.033180798896622066,1.0,0.0,0.0020388792804699736,1.034076287633213,-0.045562663652177426
2020-10-22,15,0.4936418487172938,0,0,-0.0032845519559783214,0.58,1.0,0.0,-0.0032845519559783214,1.0340537077813423,-0.05555425324342245,0.0,0.0,-0.0,0.968807208391566,-0.07480349483685267,0.0,0.0,-0.0,0.9754255817883526,-0.033180798896622066,1.0,0.0,-0.0032845519559783214,1.0306798103400365,-0.04869756267213743
2020-10-23,15,0.49098286607955566,0,1,0.002831656150071637,0.58,1.0,0.0,0.002831656150071637,1.0369817923224858,-0.0528799076362102,0.0,0.0,0.0,0.968807208391566,-0.07480349483685267,0.0,0.0,0.0,0.9754255817883526,-0.033180798896622066,1.0,0.0,0.002831656150071637,1.0335983411637406,-0.04600380127489978
2020-10-26,15,0.49162078732669057,0,0,-0.00329472335169756,0.58,1.0,0.0,-0.00329472335169756,1.0335652241960356,-0.056000406321383145,0.0,0.0,-0.0,0.968807208391566,-0.07480349483685267,0.0,0.0,-0.0,0.9754255817883526,-0.033180798896622066,1.0,0.0,-0.00329472335169756,1.0301929205728326,-0.04914695482827003
2020-10-27,15,0.49826094804023996,0,0,-0.002144757991209611,0.58,1.0,0.0,-0.002144757991209611,1.0313484769220047,-0.058025056993624036,0.0,0.0,-0.0,0.968807208391566,-0.07480349483685267,0.0,0.0,-0.0,0.9754255817883526,-0.033180798896622066,1.0,0.0,-0.002144757991209611,1.0279834060739466,-0.051186304495368096
2020-10-28,15,0.4998309811495958,0,0,-0.003007617828291731,0.58,1.0,0.0,-0.003007617828291731,1.0282465748556326,-0.0608581576260141,0.0,0.0,-0.0,0.968807208391566,-0.07480349483685267,0.0,0.0,-0.0,0.9754255817883526,-0.033180798896622066,1.0,0.0,-0.003007617828291731,1.0248916248546505,-0.0540399734816952
2020-10-29,15,0.5106229900139602,1,0,-0.00595616600312865,0.58,1.0,0.0,-0.00595616600312865,1.022122167563644,-0.0664518423396776,0.0,0.0,-0.0,0.968807208391566,-0.07480349483685267,0.0,0.0,-0.0,0.9754255817883526,-0.033180798896622066,1.0,0.0,-0.00595616600312865,1.0187872002018,-0.05967426843196222
2020-10-30,15,0.5149272572879774,1,0,-0.0031317368936795154,0.58,1.0,0.0,-0.0031317368936795154,1.0189211498616373,-0.06937546954704898,0.0,0.0,-0.0,0.968807208391566,-0.07480349483685267,0.0,0.0,-0.0,0.9754255817883526,-0.033180798896622066,1.0,0.0,-0.0031317368936795154,1.0155966267401195,-0.06261912121758995
2020-11-02,15,0.5140684869077716,1,1,5.826265274877507e-05,0.58,1.0,0.0,5.826265274877507e-05,1.01898051491077,-0.0693212488931918,0.0,0.0,0.0,0.968807208391566,-0.07480349483685267,0.0,0.0,0.0,0.9754255817883526,-0.033180798896622066,1.0,0.0,5.826265274877507e-05,1.0156557980937162,-0.06256450692095605
2020-11-03,15,0.5121302518772614,1,1,0.010256598756917425,0.58,1.0,0.0,0.010256598756917425,1.029431789193327,-0.05977565037150023,0.0,0.0,0.0,0.968807208391566,-0.07480349483685267,0.0,0.0,0.0,0.9754255817883526,-0.033180798896622066,1.0,0.0,0.010256598756917425,1.0260729720899002,-0.052949607207951166
2020-11-04,15,0.49273069929624064,0,0,-0.0025108289252275817,0.58,1.0,0.0,-0.0025108289252275817,1.0268470620804715,-0.06213639286475081,0.0,0.0,-0.0,0.968807208391566,-0.07480349483685267,0.0,0.0,-0.0,0.9754255817883526,-0.033180798896622066,1.0,0.0,-0.0025108289252275817,1.0234966783921826,-0.05532748872782167
2020-11-05,15,0.50938295734603,1,1,0.0072324091424917905,0.58,1.0,0.0,0.0072324091424917905,1.034273640160203,-0.05535337953809549,0.0,0.0,0.0,0.968807208391566,-0.07480349483685267,0.0,0.0,0.0,0.9754255817883526,-0.033180798896622066,1.0,0.0,0.0072324091424917905,1.0308990251262962,-0.0484952306206361
2020-11-06,15,0.4810296534195521,0,1,0.006386490672249502,0.58,1.0,0.0,0.006386490672249502,1.0408790191156398,-0.04932040270794347,0.0,0.0,0.0,0.968807208391566,-0.07480349483685267,0.0,0.0,0.0,0.9754255817883526,-0.033180798896622066,1.0,0.0,0.006386490672249502,1.0374828521342963,-0.042418454286394014
2020-11-09,15,0.480108152945935,0,0,-0.005523335652097173,0.58,1.0,0.0,-0.005523335652097173,1.0351298949198384,-0.05457132522138808,0.0,0.0,-0.0,0.968807208391566,-0.07480349483685267,0.0,0.0,-0.0,0.9754255817883526,-0.033180798896622066,1.0,0.0,-0.005523335652097173,1.0317524861086633,-0.04770749857762435
2020-11-10,15,0.4847702946490396,0,0,-0.0007209612763262596,0.58,1.0,0.0,-0.0007209612763262596,1.0343836063496334,-0.055252942685432016,0.0,0.0,-0.0,0.968807208391566,-0.07480349483685267,0.0,0.0,-0.0,0.9754255817883526,-0.033180798896622066,1.0,0.0,-0.0007209612763262596,1.0310086325194256,-0.04839406459488571
2020-11-11,15,0.4953407528067433,0,0,-0.0032572067704471626,0.58,1.0,0.0,-0.0032572067704471626,1.031014405063792,-0.058330179196877,0.0,0.0,-0.0,0.968807208391566,-0.07480349483685267,0.0,0.0,-0.0,0.9754255817883526,-0.033180798896622066,1.0,0.0,-0.0032572067704471626,1.027650424221194,-0.051493641890485
2020-11-12,15,0.49883464784038956,0,1,0.0019605283529799955,0.58,1.0,0.0,0.0019605283529799955,1.0330357380372504,-0.056484008814046915,0.0,0.0,0.0,0.968807208391566,-0.07480349483685267,0.0,0.0,0.0,0.9754255817883526,-0.033180798896622066,1.0,0.0,0.0019605283529799955,1.0296651620148314,-0.049634068282429555
2020-11-13,15,0.5012509567013514,1,1,0.0035464667435043395,0.58,1.0,0.0,0.0035464667435043395,1.0366993649270508,-0.05313786072934146,0.0,0.0,0.0,0.968807208391566,-0.07480349483685267,0.0,0.0,0.0,0.9754255817883526,-0.033180798896622066,1.0,0.0,0.0035464667435043395,1.033316835268862,-0.046263627111433725
2020-11-16,15,0.4923168301095003,0,1,0.0011978037781641413,0.58,1.0,0.0,0.0011978037781641413,1.037941127343181,-0.05200370568152235,0.0,0.0,0.0,0.968807208391566,-0.07480349483685267,0.0,0.0,0.0,0.9754255817883526,-0.033180798896622066,1.0,0.0,0.0011978037781641413,1.0345545460781875,-0.0451212380806153
2020-11-17,15,0.4977618391199784,0,1,0.000355935881684033,0.58,1.0,0.0,0.000355935881684033,1.0383105678334779,-0.051666279784670976,0.0,0.0,0.0,0.968807208391566,-0.07480349483685267,0.0,0.0,0.0,0.9754255817883526,-0.033180798896622066,1.0,0.0,0.000355935881684033,1.0349227811626962,-0.04478136246659015
2020-11-18,15,0.5016161702160139,1,0,-0.001350688437114167,0.58,1.0,0.0,-0.001350688437114167,1.0369081337553718,-0.05294718317509117,0.0,0.0,-0.0,0.968807208391566,-0.07480349483685267,0.0,0.0,-0.0,0.9754255817883526,-0.033180798896622066,1.0,0.0,-0.001350688437114167,1.0335249229288737,-0.04607156523522249
2020-11-19,15,0.49679763856167297,0,1,0.0015900757859319548,0.58,1.0,0.0,0.0015900757859319548,1.038556896271092,-0.05144129742305936,0.0,0.0,0.0,0.968807208391566,-0.07480349483685267,0.0,0.0,0.0,0.9754255817883526,-0.033180798896622066,1.0,0.0,0.0015900757859319548,1.0351683058829801,-0.04455474672959092
2020-11-20,15,0.49625022548716285,0,0,0.0,0.58,1.0,0.0,0.0,1.038556896271092,-0.05144129742305936,0.0,0.0,0.0,0.968807208391566,-0.07480349483685267,0.0,0.0,0.0,0.9754255817883526,-0.033180798896622066,1.0,0.0,0.0,1.0351683058829801,-0.04455474672959092
2020-11-23,15,0.49192101962149615,0,0,-0.0020013415276960438,0.58,1.0,0.0,-0.0020013415276960438,1.0364783892257097,-0.053339687345984044,0.0,0.0,-0.0,0.968807208391566,-0.07480349483685267,0.0,0.0,-0.0,0.9754255817883526,-0.033180798896622066,1.0,0.0,-0.0020013415276960438,1.0330965805642618,-0.046466918992401074
2020-11-24,15,0.5035393382889094,1,1,0.004879207110725759,0.58,1.0,0.0,0.004879207110725759,1.0415355819525334,-0.0487207356170406,0.0,0.0,0.0,0.968807208391566,-0.07480349483685267,0.0,0.0,0.0,0.9754255817883526,-0.033180798896622066,1.0,0.0,0.004879207110725759,1.0381372727462175,-0.041814433603236445
2020-11-25,15,0.48957685257927913,0,1,0.0016378050687413383,0.58,1.0,0.0,0.0016378050687413383,1.0432414142079296,-0.04716272561604573,0.0,0.0,0.0,0.968807208391566,-0.07480349483685267,0.0,0.0,0.0,0.9754255817883526,-0.033180798896622066,1.0,0.0,0.0016378050687413383,1.0398375392335706,-0.04024511242579698
2020-11-26,15,0.4970733354716014,0,0,-0.00033602610922867093,0.58,1.0,0.0,-0.00033602610922867093,1.042890857854527,-0.047482903818085065,0.0,0.0,-0.0,0.968807208391566,-0.07480349483685267,0.0,0.0,-0.0,0.9754255817883526,-0.033180798896622066,1.0,0.0,-0.00033602610922867093,1.039488126671032,-0.04056761512648177
2020-11-27,15,0.4996719912717861,0,1,0.004654525577231228,0.58,1.0,0.0,0.004654525577231228,1.0477450200266716,-0.04304938863115637,0.0,0.0,0.0,0.968807208391566,-0.07480349483685267,0.0,0.0,0.0,0.9754255817883526,-0.033180798896622066,1.0,0.0,0.004654525577231228,1.0443264507438506,-0.036101912551464
2020-11-30,15,0.47756477349803406,0,0,-0.0027816090374511715,0.58,1.0,0.0,-0.0027816090374511715,1.044830603010021,-0.0457112511001343,0.0,0.0,-0.0,0.968807208391566,-0.07480349483685267,0.0,0.0,-0.0,0.9754255817883526,-0.033180798896622066,1.0,0.0,-0.0027816090374511715,1.041421542850412,-0.03878310018269282
2020-12-01,15,0.4982874610840578,0,1,0.011410306402095836,0.58,1.0,0.0,0.011410306402095836,1.056752440328652,-0.034822524079114126,0.0,0.0,0.0,0.968807208391566,-0.07480349483685267,0.0,0.0,0.0,0.9754255817883526,-0.033180798896622066,1.0,0.0,0.011410306402095836,1.0533044817480788,-0.027815320836904522
2020-12-02,15,0.4792554713423282,0,1,0.003331417000938863,0.58,1.0,0.0,0.003331417000938863,1.0602729233741464,-0.03160711542690808,0.0,0.0,0.0,0.968807208391566,-0.07480349483685267,0.0,0.0,0.0,0.9754255817883526,-0.033180798896622066,1.0,0.0,0.003331417000938863,1.0568134782057395,-0.02457656826868826
2020-12-03,15,0.45242132791028217,0,1,0.002562763801620571,0.58,1.0,0.0,0.002562763801620571,1.062990152442008,-0.029125353196577275,0.0,0.0,0.0,0.968807208391566,-0.07480349483685267,0.0,0.0,0.0,0.9754255817883526,-0.033180798896622066,1.0,0.0,0.002562763801620571,1.0595218415327499,-0.02207678840659477
2020-12-04,15,0.49970688879114833,0,0,-0.001999998037004458,0.58,1.0,0.0,-0.001999998037004458,1.060864174223769,-0.031067100584361462,0.0,0.0,-0.0,0.968807208391566,-0.07480349483685267,0.0,0.0,-0.0,0.9754255817883526,-0.033180798896622066,1.0,0.0,-0.001999998037004458,1.057402799929521,-0.024032632910122698
2020-12-07,15,0.47971322904886443,0,0,-0.0006783939588516086,0.58,1.0,0.0,-0.0006783939588516086,1.0601444903768136,-0.031724418809857435,0.0,0.0,-0.0,0.968807208391566,-0.07480349483685267,0.0,0.0,-0.0,0.9754255817883526,-0.033180798896622066,1.0,0.0,-0.0006783939588516086,1.0566854642579762,-0.024694723275992647
2020-12-08,15,0.48806253727454196,0,0,-0.00018157241713234742,0.58,1.0,0.0,-0.00018157241713234742,1.0599519973791862,-0.03190023094758454,0.0,0.0,-0.0,0.968807208391566,-0.07480349483685267,0.0,0.0,-0.0,0.9754255817883526,-0.033180798896622066,1.0,0.0,-0.00018157241713234742,1.0564935993240823,-0.024871811812529288
2020-12-09,15,0.49258414491013963,0,0,-0.0026573445846650445,0.58,1.0,0.0,-0.0026573445846650445,1.0571353396789458,-0.0344728056262914,0.0,0.0,-0.0,0.968807208391566,-0.07480349483685267,0.0,0.0,-0.0,0.9754255817883526,-0.033180798896622066,1.0,0.0,-0.0026573445846650445,1.0536861317791852,-0.0274630634227635
2020-12-10,15,0.5002359152826302,1,1,0.005426062727728719,0.58,1.0,0.0,0.005426062727728719,1.0628714223437425,-0.029233794504291755,0.0,0.0,0.0,0.968807208391566,-0.07480349483685267,0.0,0.0,0.0,0.9754255817883526,-0.033180798896622066,1.0,0.0,0.005426062727728719,1.059403498825557,-0.022186016999862224
2020-12-11,15,0.47963442076972185,0,0,-0.0008966983830569486,0.58,1.0,0.0,-0.0008966983830569486,1.0619183472579294,-0.03010427899108603,0.0,0.0,-0.0,0.968807208391566,-0.07480349483685267,0.0,0.0,-0.0,0.9754255817883526,-0.033180798896622066,1.0,0.0,-0.0008966983830569486,1.0584535334211551,-0.02306282121734904
2020-12-14,15,0.493786573666665,0,1,0.0012768419520983176,0.58,1.0,0.0,0.0012768419520983176,1.0632742491534113,-0.02886587544534125,0.0,0.0,0.0,0.968807208391566,-0.07480349483685267,0.0,0.0,0.0,0.9754255817883526,-0.033180798896622066,1.0,0.0,0.0012768419520983176,1.059805011296974,-0.02181542684291482
2020-12-15,15,0.4951727155907487,0,1,0.00044489219312326966,0.58,1.0,0.0,0.00044489219312326966,1.0637472915660087,-0.02843382545485129,0.0,0.0,0.0,0.968807208391566,-0.07480349483685267,0.0,0.0,0.0,0.9754255817883526,-0.033180798896622066,1.0,0.0,0.00044489219312326966,1.060276510272733,-0.021380240162883424
2020-12-16,15,0.4948914682766889,0,1,0.0037257618774535484,0.58,1.0,0.0,0.0037257618774535484,1.0677105606721697,-0.024814001240307526,0.0,0.0,0.0,0.968807208391566,-0.07480349483685267,0.0,0.0,0.0,0.9754255817883526,-0.033180798896622066,1.0,0.0,0.0037257618774535484,1.0642268480742665,-0.017734135969159737
2020-12-17,15,0.4866053778604784,0,1,0.005174836135400485,0.58,1.0,0.0,0.005174836135400485,1.073235787863685,-0.019767573495189206,0.0,0.0,0.0,0.968807208391566,-0.07480349483685267,0.0,0.0,0.0,0.9754255817883526,-0.033180798896622066,1.0,0.0,0.005174836135400485,1.0697340476239445,-0.01265107108140251
2020-12-18,15,0.4711468747180422,0,0,-0.003799173146871393,0.58,1.0,0.0,-0.003799173146871393,1.0691583792781718,-0.023491646207658867,0.0,0.0,-0.0,0.968807208391566,-0.07480349483685267,0.0,0.0,-0.0,0.9754255817883526,-0.033180798896622066,1.0,0.0,-0.003799173146871393,1.0656699427559175,-0.016402180618742324
2020-12-21,15,0.48995002092486395,0,1,0.001700880915794123,0.58,1.0,0.0,0.001700880915794123,1.0709768903614474,-0.02183072178458001,0.0,0.0,0.0,0.968807208391566,-0.07480349483685267,0.0,0.0,0.0,0.9754255817883526,-0.033180798896622066,1.0,0.0,0.001700880915794123,1.0674825204240865,-0.014729197858940002
2020-12-22,15,0.48945568895269204,0,0,-0.004106843593038589,0.58,1.0,0.0,-0.004106843593038589,1.0665785557809742,-0.025847910017726128,0.0,0.0,-0.0,0.968807208391566,-0.07480349483685267,0.0,0.0,-0.0,0.9754255817883526,-0.033180798896622066,1.0,0.0,-0.004106843593038589,1.0630985366744021,-0.018775550940121066
2020-12-23,16,0.5041040608136212,1,1,0.00039010441651421424,0.58,1.0,0.0,0.00039010441651421424,1.0669946327861437,-0.025467888985067466,0.0,0.0,0.0,0.968807208391566,-0.07480349483685267,0.0,0.0,0.0,0.9754255817883526,-0.033180798896622066,1.0,0.0,0.00039010441651421424,1.0635132561087486,-0.018392770948951087
2020-12-24,16,0.5031435299017061,1,0,-0.000548358191325371,0.58,1.0,0.0,-0.000548358191325371,1.0664095375391551,-0.026002281650852166,0.0,0.0,-0.0,0.968807208391566,-0.07480349483685267,0.0,0.0,-0.0,0.9754255817883526,-0.033180798896622066,1.0,0.0,-0.000548358191325371,1.0629300699031783,-0.018931043313665463
2020-12-25,16,0.5042834264621139,1,1,0.001672196956859828,0.58,1.0,0.0,0.001672196956859828,1.0681927843225945,-0.02437356563024029,0.0,0.0,0.0,0.968807208391566,-0.07480349483685267,0.0,0.0,0.0,0.9754255817883526,-0.033180798896622066,1.0,0.0,0.001672196956859828,1.064707498331425,-0.017290502789825024
2020-12-28,16,0.5082385232881966,1,1,0.0015034610957831427,0.58,1.0,0.0,0.0015034610957831427,1.0697987706166197,-0.02290674924214775,0.0,0.0,0.0,0.968807208391566,-0.07480349483685267,0.0,0.0,0.0,0.9754255817883526,-0.033180798896622066,1.0,0.0,0.0015034610957831427,1.066308244633555,-0.01581303729231287
2020-12-29,16,0.5074314352076673,1,1,0.002413844119172115,0.58,1.0,0.0,0.002413844119172115,1.0723810980877702,-0.02054819844492317,0.0,0.0,0.0,0.968807208391566,-0.07480349483685267,0.0,0.0,0.0,0.9754255817883526,-0.033180798896622066,1.0,0.0,0.002413844119172115,1.0688821465190885,-0.01343736338021495
2020-12-30,16,0.5032571938180023,1,1,0.0038313881765079656,0.58,1.0,0.0,0.0038313881765079656,1.0764898063476942,-0.016795538392985643,0.0,0.0,0.0,0.968807208391566,-0.07480349483685267,0.0,0.0,0.0,0.9754255817883526,-0.033180798896622066,1.0,0.0,0.0038313881765079656,1.0729774489373423,-0.009657458958885368
2020-12-31,16,0.4961442561455492,0,0,-0.00972591227614994,0.58,1.0,0.0,-0.00972591227614994,1.066019960924987,-0.026358098736094626,0.0,0.0,-0.0,0.968807208391566,-0.07480349483685267,0.0,0.0,-0.0,0.9754255817883526,-0.033180798896622066,1.0,0.0,-0.00972591227614994,1.0625417643946906,-0.019289443636390624
2021-01-01,16,0.5081931940047495,1,1,0.005782208063576987,0.58,1.0,0.0,0.005782208063576987,1.0721839101389814,-0.020728298683570068,0.0,0.0,0.0,0.968807208391566,-0.07480349483685267,0.0,0.0,0.0,0.9754255817883526,-0.033180798896622066,1.0,0.0,0.005782208063576987,1.068685601952661,-0.01361877114934984
2021-01-04,16,0.5020081416559734,1,1,7.356497217481106e-05,0.58,1.0,0.0,7.356497217481106e-05,1.072262785318497,-0.020656258588111265,0.0,0.0,0.0,0.968807208391566,-0.07480349483685267,0.0,0.0,0.0,0.9754255817883526,-0.033180798896622066,1.0,0.0,7.356497217481106e-05,1.0687642197792322,-0.013546208041695706
2021-01-05,16,0.5046665931299636,1,1,0.003972994689505738,0.58,1.0,0.0,0.003972994689505738,1.076522879670322,-0.016765331104281245,0.0,0.0,0.0,0.968807208391566,-0.07480349483685267,0.0,0.0,0.0,0.9754255817883526,-0.033180798896622066,1.0,0.0,0.003972994689505738,1.0730104143487489,-0.009627032364802446
2021-01-06,16,0.4997343332093998,0,1,0.0033197592840159547,0.58,1.0,0.0,0.0033197592840159547,1.080096676494563,-0.013501228683848399,0.0,0.0,0.0,0.968807208391566,-0.07480349483685267,0.0,0.0,0.0,0.9754255817883526,-0.033180798896622066,1.0,0.0,0.0033197592840159547,1.076572550633629,-0.006339232510856996
2021-01-07,16,0.5162540157840368,1,0,-0.00564483535912963,0.58,1.0,0.0,-0.00564483535912963,1.073999708583808,-0.019069851829911832,0.0,0.0,-0.0,0.968807208391566,-0.07480349483685267,0.0,0.0,-0.0,0.9754255817883526,-0.033180798896622066,1.0,0.0,-0.00564483535912963,1.070495475833144,-0.011948283946159544
2021-01-08,16,0.5114694988885063,1,0,-0.006946159299648702,0.58,1.0,0.0,-0.006946159299648702,1.0665395355202085,-0.025883548900929254,0.0,0.0,-0.0,0.968807208391566,-0.07480349483685267,0.0,0.0,-0.0,0.9754255817883526,-0.033180798896622066,1.0,0.0,-0.006946159299648702,1.0630596437284536,-0.018811448562160882
2021-01-11,16,0.5155614038109287,1,0,-0.002092828292017734,0.58,1.0,0.0,-0.002092828292017734,1.0643074514057165,-0.027922207369509233,0.0,0.0,-0.0,0.968807208391566,-0.07480349483685267,0.0,0.0,-0.0,0.9754255817883526,-0.033180798896622066,1.0,0.0,-0.002092828292017734,1.0608348424299565,-0.020864907722413895
2021-01-12,16,0.5194982230219477,1,1,0.0039629900042506,0.58,1.0,0.0,0.0039629900042506,1.0685252911970868,-0.024069872793960556,0.0,0.0,0.0,0.968807208391566,-0.07480349483685267,0.0,0.0,0.0,0.9754255817883526,-0.033180798896622066,1.0,0.0,0.0039629900042506,1.0650389203066672,-0.01698460513890676
2021-01-13,16,0.5094587629575004,1,0,-0.0038007870478363737,0.58,1.0,0.0,-0.0038007870478363737,1.0644640541100194,-0.027779175381038468,0.0,0.0,-0.0,0.968807208391566,-0.07480349483685267,0.0,0.0,-0.0,0.9754255817883526,-0.033180798896622066,1.0,0.0,-0.0038007870478363737,1.060990934172924,-0.02072083731951857
2021-01-14,16,0.514952750534605,1,0,-0.0009234867417119429,0.58,1.0,0.0,-0.0009234867417119429,1.0634810356690199,-0.028677008422590355,0.0,0.0,-0.0,0.968807208391566,-0.07480349483685267,0.0,0.0,-0.0,0.9754255817883526,-0.033180798896622066,1.0,0.0,-0.0009234867417119429,1.0600111231121387,-0.02162518864268881
2021-01-15,16,0.5132152079940362,1,0,-0.006842590880306143,0.58,1.0,0.0,-0.006842590880306143,1.0562040700329725,-0.03532337426658971,0.0,0.0,-0.0,0.968807208391566,-0.07480349483685267,0.0,0.0,-0.0,0.9754255817883526,-0.033180798896622066,1.0,0.0,-0.006842590880306143,1.0527579006681085,-0.028319807204403635
2021-01-18,16,0.5201518088011785,1,1,0.0007608065497719529,0.58,1.0,0.0,0.0007608065497719529,1.0570076370073493,-0.034589441971319745,0.0,0.0,0.0,0.968807208391566,-0.07480349483685267,0.0,0.0,0.0,0.9754255817883526,-0.033180798896622066,1.0,0.0,0.0007608065497719529,1.0535588457742608,-0.027580546549441087
2021-01-19,16,0.5160543926062143,1,1,0.005098325770698242,0.58,1.0,0.0,0.005098325770698242,1.0623966062829289,-0.02966746444401791,0.0,0.0,0.0,0.968807208391566,-0.07480349483685267,0.0,0.0,0.0,0.9754255817883526,-0.033180798896622066,1.0,0.0,0.005098325770698242,1.058930231988619,-0.022622835389985774
2021-01-20,16,0.5088300919463532,1,0,-0.0019143025297213567,0.58,1.0,0.0,-0.0019143025297213567,1.0603628577719542,-0.0315249744715036,0.0,0.0,-0.0,0.968807208391566,-0.07480349483685267,0.0,0.0,-0.0,0.9754255817883526,-0.033180798896622066,1.0,0.0,-0.0019143025297213567,1.0569031191667246,-0.024493830968690622
2021-01-21,16,0.5163270633492442,1,1,0.004181602719109278,0.58,1.0,0.0,0.004181602719109278,1.0647968739812559,-0.02747519667136411,0.0,0.0,0.0,0.968807208391566,-0.07480349483685267,0.0,0.0,0.0,0.9754255817883526,-0.033180798896622066,1.0,0.0,0.004181602719109278,1.0613226681236674,-0.020414651719761423
2021-01-22,16,0.5141420015880622,1,1,0.0002591656707486845,0.58,1.0,0.0,0.0002591656707486845,1.0650728327773122,-0.02722315162838984,0.0,0.0,0.0,0.968807208391566,-0.07480349483685267,0.0,0.0,0.0,0.9754255817883526,-0.033180798896622066,1.0,0.0,0.0002591656707486845,1.0615977265248324,-0.02016077682591877
2021-01-25,16,0.5093758379168193,1,0,-0.0019069455252460623,0.58,1.0,0.0,-0.0019069455252460623,1.0630417969047865,-0.029078184086455017,0.0,0.0,-0.0,0.968807208391566,-0.07480349483685267,0.0,0.0,-0.0,0.9754255817883526,-0.033180798896622066,1.0,0.0,-0.0019069455252460623,1.0595733174906246,-0.022029276848011148
2021-01-26,16,0.51083870298635,1,1,0.0013792318288194936,0.58,1.0,0.0,0.0013792318288194936,1.064507977986443,-0.027739057814651802,0.0,0.0,0.0,0.968807208391566,-0.07480349483685267,0.0,0.0,0.0,0.9754255817883526,-0.033180798896622066,1.0,0.0,0.0013792318288194936,1.0610347147350754,-0.020680428498986325
2021-01-27,16,0.5097317941339772,1,0,-0.004762003705163664,0.58,1.0,0.0,-0.004762003705163664,1.0594387870510953,-0.032368968023724354,0.0,0.0,-0.0,0.968807208391566,-0.07480349483685267,0.0,0.0,-0.0,0.9754255817883526,-0.033180798896622066,1.0,0.0,-0.004762003705163664,1.0559820634921997,-0.02534395192701344
2021-01-28,16,0.5071110000221896,1,1,0.001236204229644322,0.58,1.0,0.0,0.001236204229644322,1.060748469760697,-0.031172778449260252,0.0,0.0,0.0,0.968807208391566,-0.07480349483685267,0.0,0.0,0.0,0.9754255817883526,-0.033180798896622066,1.0,0.0,0.001236204229644322,1.0572874729855173,-0.02413907799793724
2021-01-29,16,0.5098625851268059,1,1,0.0003152348219104262,0.58,1.0,0.0,0.0003152348219104262,1.0610828546156539,-0.030867370372612668,0.0,0.0,0.0,0.968807208391566,-0.07480349483685267,0.0,0.0,0.0,0.9754255817883526,-0.033180798896622066,1.0,0.0,0.0003152348219104262,1.057620766813772,-0.023831452653980567
2021-02-01,16,0.5130801222691619,1,0,-0.004549946712114394,0.58,1.0,0.0,-0.004549946712114394,1.0562549841700144,-0.035276872194388575,0.0,0.0,-0.0,0.968807208391566,-0.07480349483685267,0.0,0.0,-0.0,0.9754255817883526,-0.033180798896622066,1.0,0.0,-0.004549946712114394,1.0528086486831438,-0.028272967526447035
2021-02-02,16,0.5118341532571187,1,0,-0.002455957182741275,0.58,1.0,0.0,-0.002455957182741275,1.0536608671548358,-0.0376461908894794,0.0,0.0,-0.0,0.968807208391566,-0.07480349483685267,0.0,0.0,-0.0,0.9754255817883526,-0.033180798896622066,1.0,0.0,-0.002455957182741275,1.0502229957203584,-0.03065948751151426
2021-02-03,16,0.5423769233858997,1,1,0.0002769556190749256,0.58,1.0,0.0,0.0002769556190749256,1.0539526844525937,-0.03737966159450812,0.0,0.0,0.0,0.968807208391566,-0.07480349483685267,0.0,0.0,0.0,0.9754255817883526,-0.033180798896622066,1.0,0.0,0.0002769556190749256,1.0505138608803049,-0.030391023209783596
2021-02-04,16,0.5115273880953173,1,0,-0.006282587967714526,0.58,1.0,0.0,-0.006282587967714526,1.0473311339987115,-0.04342740855005167,0.0,0.0,-0.0,0.968807208391566,-0.07480349483685267,0.0,0.0,-0.0,0.9754255817883526,-0.033180798896622066,1.0,0.0,-0.006282587967714526,1.043913915138021,-0.036482676900753686
2021-02-05,16,0.5187353893826416,1,1,0.006855858420775629,0.58,1.0,0.0,0.006855858420775629,1.054511487973077,-0.036869282293876315,0.0,0.0,0.0,0.968807208391566,-0.07480349483685267,0.0,0.0,0.0,0.9754255817883526,-0.033180798896622066,1.0,0.0,0.006855858420775629,1.0510708411436849,-0.029876938547620524
2021-02-08,16,0.5081915705246263,1,1,0.00040020800922579985,0.58,1.0,0.0,0.00040020800922579985,1.0549335119163845,-0.036483829666718925,0.0,0.0,0.0,0.968807208391566,-0.07480349483685267,0.0,0.0,0.0,0.9754255817883526,-0.033180798896622066,1.0,0.0,0.00040020800922579985,1.0514914881125743,-0.029488687528492652
2021-02-09,16,0.512387118951596,1,1,0.005508496493374926,0.58,1.0,0.0,0.005508496493374926,1.0607446094675197,-0.031176304221127937,0.0,0.0,0.0,0.968807208391566,-0.07480349483685267,0.0,0.0,0.0,0.9754255817883526,-0.033180798896622066,1.0,0.0,0.005508496493374926,1.057283625287656,-0.024142629366962542
2021-02-10,16,0.4966313567902832,0,1,0.00010061978047182228,0.58,1.0,0.0,0.00010061978047182228,1.060851341357261,-0.0310788213935429,0.0,0.0,0.0,0.968807208391566,-0.07480349483685267,0.0,0.0,0.0,0.9754255817883526,-0.033180798896622066,1.0,0.0,0.00010061978047182228,1.057390008933929,-0.02404443881255769
2021-02-11,16,0.49841326616691267,0,1,0.0008492320522894836,0.58,1.0,0.0,0.0008492320522894836,1.0617522503190557,-0.030255982472528142,0.0,0.0,0.0,0.968807208391566,-0.07480349483685267,0.0,0.0,0.0,0.9754255817883526,-0.033180798896622066,1.0,0.0,0.0008492320522894836,1.0582879784212864,-0.023215626068387007
2021-02-12,16,0.49044972403028253,0,0,-0.0007758942166107285,0.58,1.0,0.0,-0.0007758942166107285,1.0609284428885597,-0.031008401247320627,0.0,0.0,-0.0,0.968807208391566,-0.07480349483685267,0.0,0.0,-0.0,0.9754255817883526,-0.033180798896622066,1.0,0.0,-0.0007758942166107285,1.0574668588993206,-0.023973507414996376
2021-02-15,16,0.49954563211800723,0,1,0.0008334358533188536,0.58,1.0,0.0,0.0008334358533188536,1.0618126586906689,-0.030200808907355325,0.0,0.0,0.0,0.968807208391566,-0.07480349483685267,0.0,0.0,0.0,0.9754255817883526,-0.033180798896622066,1.0,0.0,0.0008334358533188536,1.0583481896932236,-0.023160051942287097
2021-02-16,16,0.48948210474684717,0,0,-0.003273387713584763,0.58,1.0,0.0,-0.003273387713584763,1.058336934179582,-0.03337533766412237,0.0,0.0,-0.0,0.968807208391566,-0.07480349483685267,0.0,0.0,-0.0,0.9754255817883526,-0.033180798896622066,1.0,0.0,-0.003273387713584763,1.0548838057323873,-0.026357627826397945
2021-02-17,16,0.5023228521315282,1,0,-0.003678167491627971,0.58,1.0,0.0,-0.003678167491627971,1.0544441936730935,-0.036930745073732174,0.0,0.0,-0.0,0.968807208391566,-0.07480349483685267,0.0,0.0,-0.0,0.9754255817883526,-0.033180798896622066,1.0,0.0,-0.003678167491627971,1.0510037664106977,-0.02993884754819831
2021-02-18,16,0.5051363580345964,1,1,0.0036431642335863486,0.58,1.0,0.0,0.0036431642335863486,1.058285707045796,-0.033422125609718134,0.0,0.0,0.0,0.968807208391566,-0.07480349483685267,0.0,0.0,0.0,0.9754255817883526,-0.033180798896622066,1.0,0.0,0.0036431642335863486,1.0548327457418496,-0.02640475545319443
2021-02-19,16,0.5026746811161728,1,1,0.0028497294649860727,0.58,1.0,0.0,0.0028497294649860727,1.061301535007538,-0.03066764016086454,0.0,0.0,0.0,0.968807208391566,-0.07480349483685267,0.0,0.0,0.0,0.9754255817883526,-0.033180798896622066,1.0,0.0,0.0028497294649860727,1.0578387336980224,-0.02363027239783899
2021-02-22,16,0.5011447105619501,1,1,0.003334930804904434,0.58,1.0,0.0,0.003334930804904434,1.064840902189927,-0.027434983813846348,0.0,0.0,0.0,0.968807208391566,-0.07480349483685267,0.0,0.0,0.0,0.9754255817883526,-0.033180798896622066,1.0,0.0,0.003334930804904434,1.061366552677653,-0.020374146916282365
2021-02-23,16,0.4965956853011082,0,0,-0.0012042622122976354,0.58,1.0,0.0,-0.0012042622122976354,1.0635585545293107,-0.02860620711184203,0.0,0.0,-0.0,0.968807208391566,-0.07480349483685267,0.0,0.0,-0.0,0.9754255817883526,-0.033180798896622066,1.0,0.0,-0.0012042622122976354,1.0600883890448667,-0.02155387331334102
2021-02-24,16,0.49334323549567005,0,1,0.00158221173758033,0.58,1.0,0.0,0.00158221173758033,1.0652413293578908,-0.02706925645092184,0.0,0.0,0.0,0.968807208391566,-0.07480349483685267,0.0,0.0,0.0,0.9754255817883526,-0.033180798896622066,1.0,0.0,0.00158221173758033,1.061765673336886,-0.020005764367107326
2021-02-25,16,0.49022446421180305,0,0,-0.0008997964463965947,0.58,1.0,0.0,-0.0008997964463965947,1.0642828289951798,-0.027944696076557363,0.0,0.0,-0.0,0.968807208391566,-0.07480349483685267,0.0,0.0,-0.0,0.9754255817883526,-0.033180798896622066,1.0,0.0,-0.0008997964463965947,1.0608103003571117,-0.02088755969781897
2021-02-26,16,0.494058226617711,0,0,-0.005827132900038224,0.58,1.0,0.0,-0.005827132900038224,1.0580811115073963,-0.03360899151870622,0.0,0.0,-0.0,0.968807208391566,-0.07480349483685267,0.0,0.0,-0.0,0.9754255817883526,-0.033180798896622066,1.0,0.0,-0.005827132900038224,1.0546288177552012,-0.02659297801154059
2021-03-01,16,0.5040609694542766,1,0,-0.0031815938102786046,0.58,1.0,0.0,-0.0031815938102786046,1.0547147271922517,-0.03668365516959915,0.0,0.0,-0.0,0.968807208391566,-0.07480349483685267,0.0,0.0,-0.0,0.9754255817883526,-0.033180798896622066,1.0,0.0,-0.0031815938102786046,1.05127341723649,-0.029689963767580707
2021-03-02,16,0.5190368890382102,1,1,0.002852156730231315,0.58,1.0,0.0,0.002852156730231315,1.0577229388998872,-0.033936125973349274,0.0,0.0,0.0,0.968807208391566,-0.07480349483685267,0.0,0.0,0.0,0.9754255817883526,-0.033180798896622066,1.0,0.0,0.002852156730231315,1.0542718137887743,-0.026922487467329392
2021-03-03,16,0.5075596883076741,1,0,-0.0028800481356082708,0.58,1.0,0.0,-0.0028800481356082708,1.0546766459217185,-0.036718436432618184,0.0,0.0,-0.0,0.968807208391566,-0.07480349483685267,0.0,0.0,-0.0,0.9754255817883526,-0.033180798896622066,1.0,0.0,-0.0028800481356082708,1.0512354602170477,-0.029724997543101317
2021-03-04,16,0.5055066679331837,1,0,-0.006881411661313396,0.58,1.0,0.0,-0.006881411661313396,1.0474189817515578,-0.04334717341727912,0.0,0.0,-0.0,0.968807208391566,-0.07480349483685267,0.0,0.0,-0.0,0.9754255817883526,-0.033180798896622066,1.0,0.0,-0.006881411661313396,1.044001476262324,-0.036401859259689084
2021-03-05,16,0.4989791584502493,0,0,-0.0035180865848333247,0.58,1.0,0.0,-0.0035180865848333247,1.0437340710831577,-0.046712760892822724,0.0,0.0,-0.0,0.968807208391566,-0.07480349483685267,0.0,0.0,-0.0,0.9754255817883526,-0.033180798896622066,1.0,0.0,-0.0035180865848333247,1.0403285886741394,-0.039791880951797864
2021-03-08,16,0.5178783810171822,1,0,-0.006198454709617107,0.58,1.0,0.0,-0.006198454709617107,1.0372645327146646,-0.05262166866968443,0.0,0.0,-0.0,0.968807208391566,-0.07480349483685267,0.0,0.0,-0.0,0.9754255817883526,-0.033180798896622066,1.0,0.0,-0.006198454709617107,1.033880159034123,-0.04574368748952473
2021-03-09,16,0.5176820942022047,1,1,0.003897731789864744,0.58,1.0,0.0,0.003897731789864744,1.0413075116583257,-0.04892904203062931,0.0,0.0,0.0,0.968807208391566,-0.07480349483685267,0.0,0.0,0.0,0.9754255817883526,-0.033180798896622066,1.0,0.0,0.003897731789864744,1.0379099465969006,-0.04202425232457352
2021-03-10,16,0.5091371145105096,1,1,0.0023661697837031874,0.58,1.0,0.0,0.0023661697837031874,1.0437714220279548,-0.04667864666772448,0.0,0.0,0.0,0.968807208391566,-0.07480349483685267,0.0,0.0,0.0,0.9754255817883526,-0.033180798896622066,1.0,0.0,0.0023661697837031874,1.040365817750743,-0.03975751905690361
2021-03-11,16,0.5137657491757517,1,1,0.00503413381222062,0.58,1.0,0.0,0.00503413381222062,1.0490259070358154,-0.041879499409002485,0.0,0.0,0.0,0.968807208391566,-0.07480349483685267,0.0,0.0,0.0,0.9754255817883526,-0.033180798896622066,1.0,0.0,0.00503413381222062,1.0456031584909606,-0.03492352991565739
2021-03-12,16,0.505998343745881,1,0,-0.003011437674806938,0.58,1.0,0.0,-0.003011437674806938,1.0458668308975192,-0.04476481958148715,0.0,0.0,-0.0,0.968807208391566,-0.07480349483685267,0.0,0.0,-0.0,0.9754255817883526,-0.033180798896622066,1.0,0.0,-0.003011437674806938,1.0424543897465839,-0.03782979755673899
2021-03-15,16,0.5169587001954283,1,0,-0.0020273558871979347,0.58,1.0,0.0,-0.0020273558871979347,1.043746486620674,-0.04670142124816723,0.0,0.0,-0.0,0.968807208391566,-0.07480349483685267,0.0,0.0,-0.0,0.9754255817883526,-0.033180798896622066,1.0,0.0,-0.0020273558871979347,1.040340963702396,-0.03978045898114868
2021-03-16,16,0.5095397648603643,1,0,-0.0020231777805499447,0.58,1.0,0.0,-0.0020231777805499447,1.041634801920416,-0.04863011375092774,0.0,0.0,-0.0,0.968807208391566,-0.07480349483685267,0.0,0.0,-0.0,0.9754255817883526,-0.033180798896622066,1.0,0.0,-0.0020231777805499447,1.0382361689804374,-0.04172315382098779
2021-03-17,17,0.5179930364978428,1,1,0.006818129005479179,0.52,1.0,0.0,0.006818129005479179,1.0487368023765062,-0.04214355113455348,0.0,0.0,0.0,0.968807208391566,-0.07480349483685267,0.0,0.0,0.0,0.9754255817883526,-0.033180798896622066,1.0,0.0,0.006818129005479179,1.0453149971187004,-0.0351894986607757
2021-03-18,17,0.48178153272085356,0,0,-0.005387043935496716,0.52,1.0,0.0,-0.005387043935496716,1.0430872111453318,-0.047303565908490386,0.0,0.0,-0.0,0.968807208391566,-0.07480349483685267,0.0,0.0,-0.0,0.9754255817883526,-0.033180798896622066,1.0,0.0,-0.005387043935496716,1.0396838393027883,-0.04038697522091872
2021-03-19,17,0.5132248128979525,1,0,-0.002947064563058932,0.52,1.0,0.0,-0.002947064563058932,1.0400131657891853,-0.0501112238087541,0.0,0.0,-0.0,0.968807208391566,-0.07480349483685267,0.0,0.0,-0.0,0.9754255817883526,-0.033180798896622066,1.0,0.0,-0.002947064563058932,1.036619823903194,-0.043215016760494884
2021-03-22,17,0.5173176528966519,1,1,0.00420042332273729,0.52,1.0,0.0,0.00420042332273729,1.04438166134672,-0.046121288839234054,0.0,0.0,0.0,0.968807208391566,-0.07480349483685267,0.0,0.0,0.0,0.9754255817883526,-0.033180798896622066,1.0,0.0,0.00420042332273729,1.0409740659883289,-0.039196114802050874
2021-03-23,17,0.5061136674342799,1,0,-0.007778902857818792,0.52,1.0,0.0,-0.007778902857818792,1.0362575178566165,-0.05354141867149509,0.0,0.0,-0.0,0.968807208391566,-0.07480349483685267,0.0,0.0,-0.0,0.9754255817883526,-0.033180798896622066,1.0,0.0,-0.007778902857818792,1.032876429851497,-0.04667011489042061
2021-03-24,17,0.5170453409028203,1,0,-0.0022918192834598945,0.52,1.0,0.0,-0.0022918192834598945,1.0338826028945625,-0.05571053069917975,0.0,0.0,-0.0,0.968807208391566,-0.07480349483685267,0.0,0.0,-0.0,0.9754255817883526,-0.033180798896622066,1.0,0.0,-0.0022918192834598945,1.030509263732132,-0.04885497470461342
2021-03-25,17,0.5119341284607158,1,0,-0.003085416540315133,0.52,1.0,0.0,-0.003085416540315133,1.0306926444108475,-0.05862405704660589,0.0,0.0,-0.0,0.968807208391566,-0.07480349483685267,0.0,0.0,-0.0,0.9754255817883526,-0.033180798896622066,1.0,0.0,-0.003085416540315133,1.027329713404865,-0.05178965329789831
2021-03-26,17,0.5119341284607158,1,1,0.0009666010928697233,0.52,1.0,0.0,0.0009666010928697233,1.0316889130473479,-0.05771412203134585,0.0,0.0,0.0,0.968807208391566,-0.07480349483685267,0.0,0.0,0.0,0.9754255817883526,-0.033180798896622066,1.0,0.0,0.0009666010928697233,1.0283227314285797,-0.050873112140505605
2021-03-29,17,0.5086225841355038,1,0,-0.00144197878443586,0.52,1.0,0.0,-0.00144197878443586,1.030201239522596,-0.059072878276250185,0.0,0.0,-0.0,0.968807208391566,-0.07480349483685267,0.0,0.0,-0.0,0.9754255817883526,-0.033180798896622066,1.0,0.0,-0.00144197878443586,1.0268399118663065,-0.05224173297653656
2021-03-30,17,0.51158145521243,1,0,-0.004027045738019597,0.52,1.0,0.0,-0.004027045738019597,1.026052572011674,-0.06286203483157482,0.0,0.0,-0.0,0.968807208391566,-0.07480349483685267,0.0,0.0,-0.0,0.9754255817883526,-0.033180798896622066,1.0,0.0,-0.004027045738019597,1.0227047805755969,-0.05605839886642627
2021-03-31,17,0.5080447183086786,1,1,0.0004457788887903824,0.52,1.0,0.0,0.0004457788887903824,1.026509964587066,-0.062444278510818685,0.0,0.0,0.0,0.968807208391566,-0.07480349483685267,0.0,0.0,0.0,0.9754255817883526,-0.033180798896622066,1.0,0.0,0.0004457788887903824,1.0231606807762426,-0.05563760962838982
2021-04-01,17,0.5111369757353748,1,1,0.0043584335414605935,0.52,1.0,0.0,0.0043584335414605935,1.0309839400473657,-0.05835800420729198,0.0,0.0,0.0,0.968807208391566,-0.07480349483685267,0.0,0.0,0.0,0.9754255817883526,-0.033180798896622066,1.0,0.0,0.0043584335414605935,1.0276200586056414,-0.051521668910900265
2021-04-02,17,0.48876860489619517,0,0,-0.0010002289071011639,0.52,1.0,0.0,-0.0010002289071011639,1.0299527201077734,-0.05929986175162416,0.0,0.0,-0.0,0.968807208391566,-0.07480349483685267,0.0,0.0,-0.0,0.9754255817883526,-0.033180798896622066,1.0,0.0,-0.0010002289071011639,1.026592203317507,-0.052470364355414745
2021-04-05,17,0.5189432543177263,1,1,0.004313981953136592,0.52,1.0,0.0,0.004313981953136592,1.0343959175549022,-0.05524169833190762,0.0,0.0,0.0,0.968807208391566,-0.07480349483685267,0.0,0.0,0.0,0.9754255817883526,-0.033180798896622066,1.0,0.0,0.004313981953136592,1.0310209035558495,-0.0483827386071819
2021-04-06,17,0.5060641178676603,1,1,0.004678428163524373,0.52,1.0,0.0,0.004678428163524373,1.0392352645478258,-0.050821714485660086,0.0,0.0,0.0,0.968807208391566,-0.07480349483685267,0.0,0.0,0.0,0.9754255817883526,-0.033180798896622066,1.0,0.0,0.004678428163524373,1.0358444607882276,-0.043930665610585784
2021-04-07,17,0.47896443347739315,0,0,-4.748602650883616e-05,0.52,1.0,0.0,-4.748602650883616e-05,1.0391859153945044,-0.050866787190887774,-1.0,1.0,-5.2513973491163844e-05,0.9687563324755064,-0.07485208058159898,0.0,0.0,-0.0,0.9754255817883526,-0.033180798896622066,0.0,1.0,-0.0001,1.0357408763421487,-0.04402627254402469
2021-04-08,17,0.4840962400699377,0,1,0.003538931154240421,0.52,1.0,0.0,0.003538931154240421,1.0428635228055418,-0.04750787009455337,0.0,1.0,-0.0001,0.9686594568422588,-0.07494459537354081,0.0,0.0,0.0,0.9754255817883526,-0.033180798896622066,1.0,1.0,0.0034389311542404213,1.039302717909522,-0.04073874471004102
2021-04-09,17,0.47809380068205054,0,0,-0.0012733601511304427,0.52,1.0,0.0,-0.0012733601511304427,1.0415355819525338,-0.04872073561704027,-1.0,1.0,0.0011733601511304426,0.9697960432489331,-0.07385917222416438,0.0,0.0,-0.0,0.9754255817883526,-0.033180798896622066,0.0,1.0,-0.0001,1.039198787637731,-0.04083467083557002
2021-04-12,17,0.47802034436831947,0,1,0.0011914405802817551,0.52,1.0,0.0,0.0011914405802817551,1.0427765097106794,-0.04758734289827382,-1.0,0.0,-0.0011914405802817551,0.9686405888884096,-0.07496261398943227,0.0,0.0,0.0,0.9754255817883526,-0.033180798896622066,0.0,0.0,0.0,1.039198787637731,-0.04083467083557002
2021-04-13,17,0.4831749123490389,0,1,0.0033112327681075193,0.52,1.0,0.0,0.0033112327681075193,1.0462293854594462,-0.04443368289931826,0.0,1.0,-0.0001,0.9685437248295208,-0.0750551177280333,0.0,0.0,0.0,0.9754255817883526,-0.033180798896622066,1.0,1.0,0.0032112327681075195,1.042535896837171,-0.037754567700524544
2021-04-14,17,0.47441647966547845,0,1,0.0026729526194118054,0.52,1.0,0.0,0.0026729526194118054,1.0490259070358157,-0.04187949940900226,-1.0,1.0,-0.0027729526194118052,0.9658579989707399,-0.07761994606214095,0.0,0.0,0.0,0.9754255817883526,-0.033180798896622066,0.0,1.0,-0.0001,1.0424316432474872,-0.03785079224375454
2021-04-15,17,0.46091818103985843,0,0,-0.0011971556290383267,0.52,1.0,0.0,-0.0011971556290383267,1.0477700597662007,-0.043026518759581744,-1.0,0.0,0.0011971556290383267,0.9670142813110595,-0.07651571358845644,0.0,0.0,-0.0,0.9754255817883526,-0.033180798896622066,0.0,0.0,-0.0,1.0424316432474872,-0.03785079224375454
2021-04-16,17,0.47186617357322214,0,0,-0.00019148372403277047,0.52,1.0,0.0,-0.00019148372403277047,1.0475694288532267,-0.04320976360557027,-1.0,0.0,0.00019148372403277047,0.967199448806838,-0.07633888137820855,0.0,0.0,-0.0,0.9754255817883526,-0.033180798896622066,0.0,0.0,-0.0,1.0424316432474872,-0.03785079224375454
2021-04-19,17,0.4678908853446805,0,1,0.006335809454036445,0.52,1.0,0.0,0.006335809454036445,1.0542066291443146,-0.037147722980292563,-1.0,0.0,-0.006335809454036445,0.9610714573951488,-0.08219102222589836,0.0,0.0,0.0,0.9754255817883526,-0.033180798896622066,0.0,0.0,0.0,1.0424316432474872,-0.03785079224375454
2021-04-20,17,0.4349367097452812,0,0,-0.0010708288987623107,0.52,1.0,0.0,-0.0010708288987623107,1.05307775422056,-0.03817877302376438,-1.0,0.0,0.0010708288987623107,0.9621006004855032,-0.08120820584895427,0.0,0.0,-0.0,0.9754255817883526,-0.033180798896622066,0.0,0.0,-0.0,1.0424316432474872,-0.03785079224375454
2021-04-21,17,0.449636281216383,0,1,0.0004453360191536415,0.52,1.0,0.0,0.0004453360191536415,1.053546727675484,-0.0377504393874053,-1.0,0.0,-0.0004453360191536415,0.9616721424340576,-0.08161737692899251,0.0,0.0,0.0,0.9754255817883526,-0.033180798896622066,0.0,0.0,0.0,1.0424316432474872,-0.03785079224375454
2021-04-22,17,0.449264888875612,0,0,-0.0019103788602828908,0.52,1.0,0.0,-0.0019103788602828908,1.0515340542786125,-0.03958870060631614,-1.0,0.0,0.0019103788602828908,0.9635093005654866,-0.0798629181802265,0.0,0.0,-0.0,0.9754255817883526,-0.033180798896622066,0.0,0.0,-0.0,1.0424316432474872,-0.03785079224375454
2021-04-23,17,0.49131619232748497,0,1,0.0062505047771013195,0.52,1.0,0.0,0.0062505047771013195,1.0581066729081656,-0.03358564519147378,0.0,1.0,-0.0001,0.96341294963543,-0.07995493188840852,0.0,0.0,0.0,0.9754255817883526,-0.033180798896622066,1.0,1.0,0.006150504777101319,1.0488431240490823,-0.031933088945165666
2021-04-26,17,0.4555976169121309,0,0,-0.0006766122021124588,0.52,1.0,0.0,-0.0006766122021124588,1.0573907450221394,-0.03423953293623383,-1.0,1.0,0.0005766122021124587,0.963968465297863,-0.07942442267564198,0.0,0.0,-0.0,0.9754255817883526,-0.033180798896622066,0.0,1.0,-0.0001,1.0487382397366773,-0.03202989563627112
2021-04-27,17,0.4825122197759061,0,1,0.0007145647376214369,0.52,1.0,0.0,0.0007145647376214369,1.0581463191624194,-0.033549434561481295,0.0,1.0,-0.0001,0.9638720684513332,-0.07951648023337443,0.0,0.0,0.0,0.9754255817883526,-0.033180798896622066,1.0,1.0,0.0006145647376214369,1.0493827572778147,-0.03143501534305748
2021-04-28,17,0.4799501974976214,0,1,0.0037730907940705105,0.52,1.0,0.0,0.0037730907940705105,1.0621388012980308,-0.029902928830100928,-1.0,1.0,-0.0038730907940705103,0.9601389044163526,-0.08308159647987612,0.0,0.0,0.0,0.9754255817883526,-0.033180798896622066,0.0,1.0,-0.0001,1.049277819002087,-0.03153187184152306
2021-04-29,17,0.4820990363681211,0,0,-0.0007276763569032951,0.52,1.0,0.0,-0.0007276763569032951,1.0613659080045768,-0.030608845532692275,0.0,1.0,-0.0001,0.960042890525911,-0.08317328832022819,0.0,0.0,-0.0,0.9754255817883526,-0.033180798896622066,1.0,1.0,-0.0008276763569032952,1.048409356559476,-0.032333450013614096
2021-04-30,17,0.48300248326819767,0,0,-0.008190845873297992,0.52,1.0,0.0,-0.008190845873297992,1.0526724234369382,-0.038548979069872424,0.0,0.0,-0.0,0.960042890525911,-0.08317328832022819,0.0,0.0,-0.0,0.9754255817883526,-0.033180798896622066,1.0,0.0,-0.008190845873297992,1.039821997107774,-0.04025945758129845
2021-05-03,17,0.5109310951026884,1,1,0.002786131525111424,0.52,1.0,0.0,0.002786131525111424,1.0556053072614913,-0.03587025007060851,0.0,0.0,0.0,0.960042890525911,-0.08317328832022819,0.0,0.0,0.0,0.9754255817883526,-0.033180798896622066,1.0,0.0,0.002786131525111424,1.0427190779544202,-0.037585494200138236
2021-05-04,17,0.5012784077451687,1,0,-0.00383277747731503,0.52,1.0,0.0,-0.00383277747731503,1.0515594070148853,-0.039565544861347224,0.0,0.0,-0.0,0.960042890525911,-0.08317328832022819,0.0,0.0,-0.0,0.9754255817883526,-0.033180798896622066,1.0,0.0,-0.00383277747731503,1.0387225677572698,-0.041274214841809265
2021-05-05,17,0.5133217000122476,1,0,-0.0005884542128350434,0.52,1.0,0.0,-0.0005884542128350434,1.050940612451781,-0.04013071656262546,0.0,0.0,-0.0,0.960042890525911,-0.08317328832022819,0.0,0.0,-0.0,0.9754255817883526,-0.033180798896622066,1.0,0.0,-0.0005884542128350434,1.0381113270863063,-0.04183838106903914
2021-05-06,17,0.5114607201568461,1,1,0.005044664866080906,0.52,1.0,0.0,0.005044664866080906,1.056242255635754,-0.035288497712438804,0.0,0.0,0.0,0.960042890525911,-0.08317328832022819,0.0,0.0,0.0,0.9754255817883526,-0.033180798896622066,1.0,0.0,0.005044664866080906,1.0433482508251393,-0.037004776813990836
2021-05-07,17,0.5033317913991904,1,1,0.008495398926473772,0.52,1.0,0.0,0.008495398926473772,1.0652154549603783,-0.02709288865154813,0.0,0.0,0.0,0.960042890525911,-0.08317328832022819,0.0,0.0,0.0,0.9754255817883526,-0.033180798896622066,1.0,0.0,0.008495398926473772,1.0522119104351375,-0.02882374822873701
2021-05-10,17,0.4824068142023985,0,0,-0.002476728575249831,0.52,1.0,0.0,-0.002476728575249831,1.0625772054042801,-0.029502515495288595,0.0,0.0,-0.0,0.960042890525911,-0.08317328832022819,0.0,0.0,-0.0,0.9754255817883526,-0.033180798896622066,1.0,0.0,-0.002476728575249831,1.0496058671293447,-0.031229088203102773
2021-05-11,17,0.5066105135389263,1,1,0.00029387645131562223,0.52,1.0,0.0,0.00029387645131562223,1.0628894718226531,-0.02921730913853171,0.0,0.0,0.0,0.960042890525911,-0.08317328832022819,0.0,0.0,0.0,0.9754255817883526,-0.033180798896622066,1.0,0.0,0.00029387645131562223,1.0499143215768567,-0.0309443892454061
2021-05-12,17,0.49871637050673523,0,0,-0.0054340864261213095,0.52,1.0,0.0,-0.0054340864261213095,1.0571136385713544,-0.034492626181655495,0.0,0.0,-0.0,0.960042890525911,-0.08317328832022819,0.0,0.0,-0.0,0.9754255817883526,-0.033180798896622066,1.0,0.0,-0.0054340864261213095,1.0442089964133856,-0.036210321185964345
2021-05-13,17,0.5111050804017014,1,0,-0.0001002745212409506,0.52,1.0,0.0,-0.0001002745212409506,1.0570076370073493,-0.034589441971319745,0.0,0.0,-0.0,0.960042890525911,-0.08317328832022819,0.0,0.0,-0.0,0.9754255817883526,-0.033180798896622066,1.0,0.0,-0.0001002745212409506,1.0441042888561947,-0.0363069647345845
2021-05-14,17,0.5038237179131336,1,1,0.006050930549080791,0.52,1.0,0.0,0.006050930549080791,1.0634035168087288,-0.028747809733338903,0.0,0.0,0.0,0.960042890525911,-0.08317328832022819,0.0,0.0,0.0,0.9754255817883526,-0.033180798896622066,1.0,0.0,0.006050930549080791,1.050422091394061,-0.03047572510756047
2021-05-17,17,0.46906651253596543,0,1,0.000534904584481577,0.52,1.0,0.0,0.000534904584481577,1.0639723362250235,-0.028228282484077605,-1.0,1.0,-0.000634904584481577,0.9594333548934171,-0.08375538580264885,0.0,0.0,0.0,0.9754255817883526,-0.033180798896622066,0.0,1.0,-0.0001,1.0503170491849216,-0.030572677535049664
2021-05-18,17,0.4860938722049449,0,1,0.00552151594775574,0.52,1.0,0.0,0.00552151594775574,1.069847076447461,-0.02286262944823536,0.0,1.0,-0.0001,0.9593374115579277,-0.0838470102640686,0.0,0.0,0.0,0.9754255817883526,-0.033180798896622066,1.0,1.0,0.005421515947755739,1.0560113598172773,-0.02531691184611584
2021-05-19,17,0.4783126208539802,0,0,-0.004183833562572015,0.52,1.0,0.0,-0.004183833562572015,1.0653710143422006,-0.02695080957439322,-1.0,1.0,0.004083833562572014,0.9632551858770788,-0.08010559393613448,0.0,0.0,-0.0,0.9754255817883526,-0.033180798896622066,0.0,1.0,-0.0001,1.0559057586812957,-0.02541438015493125
2021-05-20,17,0.4933454894171062,0,1,0.004315598457791392,0.52,1.0,0.0,0.004315598457791392,1.0699687278486714,-0.0227515199888374,0.0,1.0,-0.0001,0.9631588603584911,-0.08019758337674088,0.0,0.0,0.0,0.9754255817883526,-0.033180798896622066,1.0,1.0,0.004215598457791392,1.0603570333691656,-0.021305918518926603
2021-05-21,17,0.4819021769226998,0,0,-0.003447842784843669,0.52,1.0,0.0,-0.003447842784843669,1.06627964389035,-0.026120919109643315,0.0,0.0,-0.0,0.9631588603584911,-0.08019758337674088,0.0,0.0,-0.0,0.9754255817883526,-0.033180798896622066,1.0,0.0,-0.003447842784843669,1.0567010890223056,-0.024680301846330188
2021-05-24,17,0.49685492381576857,0,1,0.002577289577857744,0.52,1.0,0.0,0.002577289577857744,1.0690277553036305,-0.023610950704370803,0.0,0.0,0.0,0.9631588603584911,-0.08019758337674088,0.0,0.0,0.0,0.9754255817883526,-0.033180798896622066,1.0,0.0,0.002577289577857744,1.0594245137259537,-0.022166620553199512
2021-05-25,17,0.48739922182484313,0,1,0.0028209965686414313,0.52,1.0,0.0,0.0028209965686414313,1.0720434789331246,-0.02085656054664875,0.0,0.0,0.0,0.9631588603584911,-0.08019758337674088,0.0,0.0,0.0,0.9754255817883526,-0.033180798896622066,1.0,0.0,0.0028209965686414313,1.0624131466439093,-0.019408155945076944
2021-05-26,17,0.4863456108017199,0,0,-0.004612427257485008,0.52,1.0,0.0,-0.004612427257485008,1.0670987563696843,-0.025372788435771065,0.0,0.0,-0.0,0.9631588603584911,-0.08019758337674088,0.0,0.0,-0.0,0.9754255817883526,-0.033180798896622066,1.0,0.0,-0.004612427257485008,1.0575128432876184,-0.023931064495063437
2021-05-27,17,0.5039320696315162,1,1,4.869039459753922e-05,0.52,1.0,0.0,4.869039459753922e-05,1.0671507138292065,-0.025325333452254517,0.0,0.0,0.0,0.9631588603584911,-0.08019758337674088,0.0,0.0,0.0,0.9754255817883526,-0.033180798896622066,1.0,0.0,4.869039459753922e-05,1.05756433400525,-0.02388353931343934
2021-05-28,17,0.5035863986283711,1,0,-0.0002559543106890327,0.52,1.0,0.0,-0.0002559543106890327,1.066877572003847,-0.025574805634676734,0.0,0.0,-0.0,0.9631588603584911,-0.08019758337674088,0.0,0.0,-0.0,0.9754255817883526,-0.033180798896622066,1.0,0.0,-0.0002559543106890327,1.0572936458551305,-0.024133380529286486
2021-05-31,17,0.5049450597469629,1,1,0.00351083585881562,0.52,1.0,0.0,0.00351083585881562,1.0706232040406043,-0.022153758720565575,0.0,0.0,0.0,0.9631588603584911,-0.08019758337674088,0.0,0.0,0.0,0.9754255817883526,-0.033180798896622066,1.0,0.0,0.00351083585881562,1.0610056303002966,-0.0207072730082275
2021-06-01,17,0.5017541706563589,1,0,-0.001234009548737203,0.52,1.0,0.0,-0.001234009548737203,1.0693020447837185,-0.023360430319501302,0.0,0.0,-0.0,0.9631588603584911,-0.08019758337674088,0.0,0.0,-0.0,0.9754255817883526,-0.033180798896622066,1.0,0.0,-0.001234009548737203,1.0596963392212422,-0.02191572958434418
2021-06-02,17,0.5066878202876699,1,0,-0.0006471845860595016,0.52,1.0,0.0,-0.0006471845860595016,1.0686100089824926,-0.023992496395134233,0.0,0.0,-0.0,0.9631588603584911,-0.08019758337674088,0.0,0.0,-0.0,0.9754255817883526,-0.033180798896622066,1.0,0.0,-0.0006471845860595016,1.0590105200845945,-0.02254873064802443
2021-06-03,17,0.5079928301808629,1,0,-0.006294536179352939,0.52,1.0,0.0,-0.006294536179352939,1.0618836046193336,-0.030136010937894975,0.0,0.0,-0.0,0.9631588603584911,-0.08019758337674088,0.0,0.0,-0.0,0.9754255817883526,-0.033180798896622066,1.0,0.0,-0.006294536179352939,1.0523445400516067,-0.028701333026514897
2021-06-04,17,0.5290686630154785,1,1,0.002917987829321289,0.52,1.0,0.0,0.002917987829321289,1.0649821680537686,-0.027305959621714893,1.0,1.0,0.0028179878293212893,0.9658730303046843,-0.07760559136131617,1.0,1.0,0.0028179878293212893,0.9781743192062409,-0.03045631415475858,1.0,0.0,0.002917987829321289,1.05541526861173,-0.025867095337650303
2021-06-07,17,0.5102555547487558,1,1,0.0020728666661506967,0.52,1.0,0.0,0.0020728666661506967,1.067189734089972,-0.02528969456905128,0.0,1.0,-0.0001,0.9657764430016539,-0.07769783080218007,0.0,1.0,-0.0001,0.9780765017743203,-0.030553268523343058,1.0,0.0,0.0020728666661506967,1.0576030037409816,-0.02384784771117532
2021-06-08,17,0.5079677101696519,1,0,-0.0017042140583581888,0.52,1.0,0.0,-0.0017042140583581888,1.0653710143422004,-0.02695080957439344,0.0,0.0,-0.0,0.9657764430016539,-0.07769783080218007,0.0,0.0,-0.0,0.9780765017743203,-0.030553268523343058,1.0,0.0,-0.0017042140583581888,1.0558006218338443,-0.025511419932202628
2021-06-09,18,0.5112651719105067,1,1,0.0007517140274577727,0.6,1.0,0.0,0.0007517140274577727,1.0661718686781283,-0.026219354848544096,0.0,0.0,0.0,0.9657764430016539,-0.07769783080218007,0.0,0.0,0.0,0.9780765017743203,-0.030553268523343058,1.0,0.0,0.0007517140274577727,1.0565942819714753,-0.024778883196968304
2021-06-10,18,0.5286525841586676,1,0,-0.0007754178831091972,0.6,1.0,0.0,-0.0007754178831091972,1.0653451399446874,-0.026974441775020064,0.0,0.0,-0.0,0.9657764430016539,-0.07769783080218007,0.0,0.0,-0.0,0.9780765017743203,-0.030553268523343058,1.0,0.0,-0.0007754178831091972,1.0557749798700438,-0.025535087090923003
2021-06-11,18,0.5105127296781251,1,0,-0.005122571731379644,0.6,1.0,0.0,-0.005122571731379644,1.0598878330466441,-0.03195883499349317,0.0,0.0,-0.0,0.9657764430016539,-0.07769783080218007,0.0,0.0,-0.0,0.9780765017743203,-0.030553268523343058,1.0,0.0,-0.005122571731379644,1.0503666968034635,-0.030526853507012452
2021-06-14,18,0.5300865480064845,1,1,0.000993919050279235,0.6,1.0,0.0,0.000993919050279235,1.0609412757550685,-0.030996680438138635,0.0,0.0,0.0,0.9657764430016539,-0.07769783080218007,0.0,0.0,0.0,0.9780765017743203,-0.030553268523343058,1.0,0.0,0.000993919050279235,1.0514106762731954,-0.029563275677978895
2021-06-15,18,0.5142547278374845,1,1,0.0004002410493513242,0.6,1.0,0.0,0.0004002410493513242,1.0613659080045768,-0.030608845532692275,0.0,0.0,0.0,0.9657764430016539,-0.07769783080218007,0.0,0.0,0.0,0.9780765017743203,-0.030553268523343058,1.0,0.0,0.0004002410493513242,1.0518314939855662,-0.02917486706510719
2021-06-16,18,0.5130331651572304,1,0,-0.010843962346389069,0.6,1.0,0.0,-0.010843962346389069,1.0498564960624341,-0.04112088671065839,0.0,0.0,-0.0,0.9657764430016539,-0.07769783080218007,0.0,0.0,-0.0,0.9780765017743203,-0.030553268523343058,1.0,0.0,-0.010843962346389069,1.0404254728700406,-0.03970245825158125
2021-06-17,18,0.5312693857208917,1,0,-0.006850199257112499,0.6,1.0,0.0,-0.006850199257112499,1.0426647698730325,-0.04768939970017372,0.0,0.0,-0.0,0.9657764430016539,-0.07769783080218007,0.0,0.0,-0.0,0.9780765017743203,-0.030553268523343058,1.0,0.0,-0.006850199257112499,1.0332983510687053,-0.04628068775867322
2021-06-18,18,0.5353408168999075,1,0,-0.003336503331700324,0.6,1.0,0.0,-0.003336503331700324,1.0391859153945044,-0.050866787190887774,0.0,0.0,-0.0,0.9657764430016539,-0.07769783080218007,0.0,0.0,-0.0,0.9780765017743203,-0.030553268523343058,1.0,0.0,-0.003336503331700324,1.029850747677724,-0.04946277542147337
2021-06-21,18,0.5404536943808951,1,1,0.0032758882417007746,0.6,1.0,0.0,0.0032758882417007746,1.0425901723156863,-0.04775753285923878,0.0,0.0,0.0,0.9657764430016539,-0.07769783080218007,0.0,0.0,0.0,0.9780765017743203,-0.030553268523343058,1.0,0.0,0.0032758882417007746,1.0332244236327484,-0.046348921704177704
2021-06-22,18,0.5211127395315482,1,1,0.002029224312545042,0.6,1.0,0.0,0.002029224312545042,1.0447058216413698,-0.045825219293478825,0.0,0.0,0.0,0.9657764430016539,-0.07769783080218007,0.0,0.0,0.0,0.9780765017743203,-0.030553268523343058,1.0,0.0,0.002029224312545042,1.0353210677534992,-0.04441374975041501
2021-06-23,18,0.5165500576408105,1,0,-0.000298304478092537,0.6,1.0,0.0,-0.000298304478092537,1.0443941812164848,-0.046109853903446685,0.0,0.0,-0.0,0.9657764430016539,-0.07769783080218007,0.0,0.0,-0.0,0.9780765017743203,-0.030553268523343058,1.0,0.0,-0.000298304478092537,1.0350122268427249,-0.04469880540806803
2021-06-24,18,0.5163180149544313,1,0,-0.00023855495634883542,0.6,1.0,0.0,-0.00023855495634883542,1.0441450358081736,-0.04633740912561035,0.0,0.0,-0.0,0.9657764430016539,-0.07769783080218007,0.0,0.0,-0.0,0.9780765017743203,-0.030553268523343058,1.0,0.0,-0.00023855495634883542,1.03476531954613,-0.04492669724284393
2021-06-25,18,0.5200587252334532,1,1,0.0009912185233162951,0.6,1.0,0.0,0.0009912185233162951,1.0451800117086956,-0.045392121100541694,0.0,0.0,0.0,0.9657764430016539,-0.07769783080218007,0.0,0.0,0.0,0.9780765017743203,-0.030553268523343058,1.0,0.0,0.0009912185233162951,1.0357909980981495,-0.043980010894026034
2021-06-28,18,0.51599168286089,1,0,-0.0011094247801214372,0.6,1.0,0.0,-0.0011094247801214372,1.0440204631040184,-0.04645118673669191,0.0,0.0,-0.0,0.9657764430016539,-0.07769783080218007,0.0,0.0,-0.0,0.9780765017743203,-0.030553268523343058,1.0,0.0,-0.0011094247801214372,1.0346418658978327,-0.0450406431602316
2021-06-29,18,0.5149965743204248,1,0,-0.002261387132008741,0.6,1.0,0.0,-0.002261387132008741,1.041659528663201,-0.048607529752747736,0.0,0.0,-0.0,0.9657764430016539,-0.07769783080218007,0.0,0.0,-0.0,0.9780765017743203,-0.030553268523343058,1.0,0.0,-0.002261387132008741,1.032302140096054,-0.047200175961380264
2021-06-30,18,0.5134557355246806,1,0,-0.0037941474916870503,0.6,1.0,0.0,-0.0037941474916870503,1.0377073187753316,-0.05221725310734637,0.0,0.0,-0.0,0.9657764430016539,-0.07769783080218007,0.0,0.0,-0.0,0.9780765017743203,-0.030553268523343058,1.0,0.0,-0.0037941474916870503,1.0283854335205453,-0.05081523902383622
2021-07-01,18,0.5159275249945464,1,0,-0.0008884818090965084,0.6,1.0,0.0,-0.0008884818090965084,1.0367853346994333,-0.053059340836936086,0.0,0.0,-0.0,0.9657764430016539,-0.07769783080218007,0.0,0.0,-0.0,0.9780765017743203,-0.030553268523343058,1.0,0.0,-0.0008884818090965084,1.0274717317701225,-0.05165857241743521
2021-07-02,18,0.48363821521093925,0,1,0.0008417743052644422,0.6,1.0,0.0,0.0008417743052644422,1.0376580739542582,-0.05226223052144252,0.0,0.0,0.0,0.9657764430016539,-0.07769783080218007,0.0,0.0,0.0,0.9780765017743203,-0.030553268523343058,1.0,0.0,0.0008417743052644422,1.0283366310733122,-0.05086028297107836
2021-07-05,18,0.5115734483076565,1,1,0.0006406783710120045,0.6,1.0,0.0,0.0006406783710120045,1.0383228790387466,-0.05165503543114658,0.0,0.0,0.0,0.9657764430016539,-0.07769783080218007,0.0,0.0,0.0,0.9780765017743203,-0.030553268523343058,1.0,0.0,0.0006406783710120045,1.0289954641109602,-0.05025218968330947
2021-07-06,18,0.5107776027008876,1,0,-0.0033109661497897624,0.6,1.0,0.0,-0.0033109661497897624,1.0348850271336971,-0.05479497350715756,0.0,0.0,-0.0,0.9657764430016539,-0.07769783080218007,0.0,0.0,-0.0,0.9780765017743203,-0.030553268523343058,1.0,0.0,-0.0033109661497897624,1.0255884949610017,-0.05339677253410491
2021-07-07,18,0.5151812512620604,1,0,-0.0026321867575267444,0.6,1.0,0.0,-0.0026321867575267444,1.032161016469713,-0.05728292966103987,0.0,0.0,-0.0,0.9657764430016539,-0.07769783080218007,0.0,0.0,-0.0,0.9780765017743203,-0.030553268523343058,1.0,0.0,-0.0026321867575267444,1.0228889545058935,-0.05588840901407277
2021-07-08,18,0.5151812512620604,1,1,0.004630133164594819,0.6,1.0,0.0,0.004630133164594819,1.0369400594232714,-0.052918024088833726,0.0,0.0,0.0,0.9657764430016539,-0.07769783080218007,0.0,0.0,0.0,0.9780765017743203,-0.030553268523343058,1.0,0.0,0.004630133164594819,1.027625066577849,-0.05151704662557044
2021-07-09,18,0.4953390476780294,0,1,0.002106284987784201,0.6,1.0,0.0,0.002106284987784201,1.0391241507036666,-0.05092319954077107,0.0,0.0,0.0,0.9657764430016539,-0.07769783080218007,0.0,0.0,0.0,0.9780765017743203,-0.030553268523343058,1.0,0.0,0.002106284987784201,1.0297895378286528,-0.04951927121970856
2021-07-12,18,0.516399261477357,1,0,-0.0006526261676987889,0.6,1.0,0.0,-0.0006526261676987889,1.0384459910914297,-0.0515425918959066,0.0,0.0,-0.0,0.9657764430016539,-0.07769783080218007,0.0,0.0,-0.0,0.9780765017743203,-0.030553268523343058,1.0,0.0,-0.0006526261676987889,1.0291174702290433,-0.050139579815204005
2021-07-13,18,0.5281010391532835,1,0,-0.007571489140241527,0.6,1.0,0.0,-0.007571489140241527,1.0305834085471535,-0.05872382686134847,0.0,0.0,-0.0,0.9657764430016539,-0.07769783080218007,0.0,0.0,-0.0,0.9780765017743203,-0.030553268523343058,1.0,0.0,-0.007571489140241527,1.0213255184791712,-0.05733143767137849
2021-07-14,18,0.5196266385750002,1,1,0.0049226055054825135,0.6,1.0,0.0,0.0049226055054825135,1.0356565641079267,-0.05409029558927647,0.0,0.0,0.0,0.9657764430016539,-0.07769783080218007,0.0,0.0,0.0,0.9780765017743203,-0.030553268523343058,1.0,0.0,0.0049226055054825135,1.0263531010993265,-0.05269105221661441
2021-07-15,18,0.4954163022263453,0,0,-0.001818965027435615,0.6,1.0,0.0,-0.001818965027435615,1.0337727410373803,-0.055810872260711575,0.0,0.0,-0.0,0.9657764430016539,-0.07769783080218007,0.0,0.0,-0.0,0.9780765017743203,-0.030553268523343058,1.0,0.0,-0.001818965027435615,1.0244862007026267,-0.05441417406280924
2021-07-16,18,0.5123106626830718,1,1,0.00018549789937249983,0.6,1.0,0.0,0.00018549789937249983,1.0339645037092713,-0.05563572716090559,0.0,0.0,0.0,0.9657764430016539,-0.07769783080218007,0.0,0.0,0.0,0.9780765017743203,-0.030553268523343058,1.0,0.0,0.00018549789937249983,1.0246762407407932,-0.05423876987842147
2021-07-19,18,0.5141325267787983,1,0,-0.00170660724300542,0.6,1.0,0.0,-0.00170660724300542,1.0321999323982305,-0.05724738606896829,0.0,0.0,-0.0,0.9657764430016539,-0.07769783080218007,0.0,0.0,-0.0,0.9780765017743203,-0.030553268523343058,1.0,0.0,-0.00170660724300542,1.0229275208466093,-0.055852812843900757
2021-07-20,18,0.5124749255276311,1,0,-0.0008248939468996631,0.6,1.0,0.0,-0.0008248939468996631,1.031348476922005,-0.058025056993623925,0.0,0.0,-0.0,0.9657764430016539,-0.07769783080218007,0.0,0.0,-0.0,0.9780765017743203,-0.030553268523343058,1.0,0.0,-0.0008248939468996631,1.022083714126546,-0.05663163414356809
2021-07-21,18,0.5120992874123897,1,1,0.0007310905803727951,0.6,1.0,0.0,0.0007310905803727951,1.0321024860785644,-0.05733638798584484,0.0,0.0,0.0,0.9657764430016539,-0.07769783080218007,0.0,0.0,0.0,0.9780765017743203,-0.030553268523343058,1.0,0.0,0.0007310905803727951,1.0228309499022963,-0.055941946417468746
2021-07-22,18,0.5060505849304973,1,0,-0.0016952306802585637,0.6,1.0,0.0,-0.0016952306802585637,1.030352834278993,-0.0589344202620945,0.0,0.0,-0.0,0.9657764430016539,-0.07769783080218007,0.0,0.0,-0.0,0.9780765017743203,-0.030553268523343058,1.0,0.0,-0.0016952306802585637,1.0210970154953039,-0.05754234259384705
2021-07-23,18,0.5131234537326121,1,1,5.8932597006622345e-05,0.6,1.0,0.0,5.8932597006622345e-05,1.0304135556473502,-0.05887896082352695,0.0,0.0,0.0,0.9657764430016539,-0.07769783080218007,0.0,0.0,0.0,0.9780765017743203,-0.030553268523343058,1.0,0.0,5.8932597006622345e-05,1.0211571913942228,-0.057486801116527264
2021-07-26,18,0.5131127227656875,1,1,0.002916485381982747,0.6,1.0,0.0,0.002916485381982747,1.0334187417197924,-0.05613419507009243,0.0,0.0,0.0,0.9657764430016539,-0.07769783080218007,0.0,0.0,0.0,0.9780765017743203,-0.030553268523343058,1.0,0.0,0.002916485381982747,1.0241353814156307,-0.054737975149657836
2021-07-27,18,0.5108625575511748,1,1,0.0013005454274701569,0.6,1.0,0.0,0.0013005454274701569,1.034762749738998,-0.05490665471334555,0.0,0.0,0.0,0.9657764430016539,-0.07769783080218007,0.0,0.0,0.0,0.9780765017743203,-0.030553268523343058,1.0,0.0,0.0013005454274701569,1.0254673160030412,-0.053508618945477426
2021-07-28,18,0.5071067745255273,1,1,0.0019309420276776288,0.6,1.0,0.0,0.0019309420276776288,1.0367608166211442,-0.05308173425285312,0.0,0.0,0.0,0.9657764430016539,-0.07769783080218007,0.0,0.0,0.0,0.9780765017743203,-0.030553268523343058,1.0,0.0,0.0019309420276776288,1.0274474339415212,-0.05168099895896472
2021-07-29,18,0.5070612584676161,1,1,0.003971074884161484,0.6,1.0,0.0,0.003971074884161484,1.040877871460911,-0.049321450910390974,0.0,0.0,0.0,0.9657764430016539,-0.07769783080218007,0.0,0.0,0.0,0.9780765017743203,-0.030553268523343058,1.0,0.0,0.003971074884161484,1.0315275046412424,-0.04791515319175765
2021-07-30,18,0.48760705480762234,0,0,-0.002182413613337375,0.6,1.0,0.0,-0.002182413613337375,1.0386062454244132,-0.051396224717831895,0.0,0.0,-0.0,0.9657764430016539,-0.07769783080218007,0.0,0.0,-0.0,0.9780765017743203,-0.030553268523343058,1.0,0.0,-0.002182413613337375,1.0292762849725814,-0.0499929961224842
2021-08-02,18,0.4912335157667379,0,1,0.0006411984735799071,0.6,1.0,0.0,0.0006411984735799071,1.03927219816363,-0.05078798142508878,0.0,0.0,0.0,0.9657764430016539,-0.07769783080218007,0.0,0.0,0.0,0.9780765017743203,-0.030553268523343058,1.0,0.0,0.0006411984735799071,1.029936255355398,-0.049383853081707674
2021-08-03,18,0.49667239861398843,0,0,-0.0004391046481545535,0.6,1.0,0.0,-0.0004391046481545535,1.0388158489107184,-0.05120478483452928,0.0,0.0,-0.0,0.9657764430016539,-0.07769783080218007,0.0,0.0,-0.0,0.9780765017743203,-0.030553268523343058,1.0,0.0,-0.0004391046481545535,1.0294840055583685,-0.04980127305043025
2021-08-04,18,0.4987611211454541,0,0,-0.0026989581497277593,0.6,1.0,0.0,-0.0026989581497277593,1.0360121284092345,-0.05376554341292272,0.0,0.0,-0.0,0.9657764430016539,-0.07769783080218007,0.0,0.0,-0.0,0.9780765017743203,-0.030553268523343058,1.0,0.0,-0.0026989581497277593,1.0267054713115524,-0.0523658196483916
2021-08-05,18,0.5151106580388235,1,0,-0.00014199493007605035,0.6,1.0,0.0,-0.00014199493007605035,1.0358650199395032,-0.053899903908421365,0.0,0.0,-0.0,0.9657764430016539,-0.07769783080218007,0.0,0.0,-0.0,0.9780765017743203,-0.030553268523343058,1.0,0.0,-0.00014199493007605035,1.026559684339945,-0.0525003788975682
2021-08-06,18,0.4836971810184158,0,0,-0.007284770079574731,0.6,1.0,0.0,-0.007284770079574731,1.0283189814357698,-0.06079202558071206,0.0,0.0,-0.0,0.9657764430016539,-0.07769783080218007,0.0,0.0,-0.0,0.9780765017743203,-0.030553268523343058,1.0,0.0,-0.007284770079574731,1.0190814330665676,-0.05940269578778368
2021-08-09,18,0.5114768126391915,1,0,-0.0009390033374948591,0.6,1.0,0.0,-0.0009390033374948591,1.0273533864801923,-0.061673945003293595,0.0,0.0,-0.0,0.9657764430016539,-0.07769783080218007,0.0,0.0,-0.0,0.9780765017743203,-0.030553268523343058,1.0,0.0,-0.0009390033374948591,1.018124512199739,-0.060285919795677545
2021-08-10,18,0.5143490014445419,1,0,-0.0012895376634771694,0.6,1.0,0.0,-0.0012895376634771694,1.0260285755946252,-0.06288395179183381,0.0,0.0,-0.0,0.9657764430016539,-0.07769783080218007,0.0,0.0,-0.0,0.9780765017743203,-0.030553268523343058,1.0,0.0,-0.0012895376634771694,1.016811602295148,-0.06149771649500091
2021-08-11,18,0.5189665421999796,1,1,0.0015839553267043003,0.6,1.0,0.0,0.0015839553267043003,1.0276537590222892,-0.06139960183553439,0.0,0.0,0.0,0.9657764430016539,-0.07769783080218007,0.0,0.0,0.0,0.9780765017743203,-0.030553268523343058,1.0,0.0,0.0015839553267043003,1.0184221864488583,-0.060011170803918934
2021-08-12,18,0.5122574040728947,1,0,-0.0004801103451749223,0.6,1.0,0.0,-0.0004801103451749223,1.0271603718213247,-0.061850233596678406,0.0,0.0,-0.0,0.9657764430016539,-0.07769783080218007,0.0,0.0,-0.0,0.9780765017743203,-0.030553268523343058,1.0,0.0,-0.0004801103451749223,1.0179332314213885,-0.060462469165164956
2021-08-13,18,0.5142635927407563,1,1,0.004977404980553767,0.6,1.0,0.0,0.004977404980553767,1.0322729649718556,-0.057180682276877226,0.0,0.0,0.0,0.9657764430016539,-0.07769783080218007,0.0,0.0,0.0,0.9780765017743203,-0.030553268523343058,1.0,0.0,0.004977404980553767,1.0229998973573364,-0.05578601037977049
2021-08-16,18,0.491740749111316,0,0,-0.0012487248704858844,0.6,1.0,0.0,-0.0012487248704858844,1.030983940047365,-0.058358004207292535,0.0,0.0,-0.0,0.9657764430016539,-0.07769783080218007,0.0,0.0,-0.0,0.9780765017743203,-0.030553268523343058,1.0,0.0,-0.0012487248704858844,1.0217224519430017,-0.05696507387167005
2021-08-17,18,0.5097860821345156,1,0,-0.0059601863558819135,0.6,1.0,0.0,-0.0059601863558819135,1.0248390836347614,-0.06397036598274164,0.0,0.0,-0.0,0.9657764430016539,-0.07769783080218007,0.0,0.0,-0.0,0.9780765017743203,-0.030553268523343058,1.0,0.0,-0.0059601863558819135,1.0156327957254327,-0.06258573777150034
2021-08-18,18,0.5150154193260836,1,0,-0.0005500445339591264,0.6,1.0,0.0,-0.0005500445339591264,1.0242753764986203,-0.06448522396655665,0.0,0.0,-0.0,0.9657764430016539,-0.07769783080218007,0.0,0.0,-0.0,0.9780765017743203,-0.030553268523343058,1.0,0.0,-0.0005500445339591264,1.0150741524576343,-0.06310135736249445
2021-08-19,18,0.5162687410070068,1,0,-0.002281654337924044,0.6,1.0,0.0,-0.002281654337924044,1.0219383341426034,-0.06661974531348547,0.0,0.0,-0.0,0.9657764430016539,-0.07769783080218007,0.0,0.0,-0.0,0.9780765017743203,-0.030553268523343058,1.0,0.0,-0.002281654337924044,1.0127581041143647,-0.06523903621466354
2021-08-20,18,0.5171845041429535,1,1,0.0017944800214149124,0.6,1.0,0.0,0.0017944800214149124,1.0237721820663404,-0.06494481309406741,0.0,0.0,0.0,0.9657764430016539,-0.07769783080218007,0.0,0.0,0.0,0.9780765017743203,-0.030553268523343058,1.0,0.0,0.0017944800214149124,1.014575478298724,-0.06356162634035223
2021-08-23,18,0.5113472455885496,1,1,0.004016666301490446,0.6,1.0,0.0,0.004016666301490446,1.0278843332904495,-0.06118900843478858,0.0,0.0,0.0,0.9657764430016539,-0.07769783080218007,0.0,0.0,0.0,0.9780765017743203,-0.030553268523343058,1.0,0.0,0.004016666301490446,1.018650689432725,-0.05980026588145104
2021-08-24,18,0.508788458256706,1,1,0.0007286823861358815,0.6,1.0,0.0,0.0007286823861358815,1.0286333344991032,-0.060504913401324245,0.0,0.0,0.0,0.9657764430016539,-0.07769783080218007,0.0,0.0,0.0,0.9780765017743203,-0.030553268523343058,1.0,0.0,0.0007286823861358815,1.0193929622477398,-0.05911515889574914
2021-08-25,18,0.5098403779140311,1,1,0.0018131273830515047,0.6,1.0,0.0,0.0018131273830515047,1.0304983777650032,-0.05880148913356975,0.0,0.0,0.0,0.9657764430016539,-0.07769783080218007,0.0,0.0,0.0,0.9780765017743203,-0.030553268523343058,1.0,0.0,0.0018131273830515047,1.021241251541681,-0.057409214826044996
2021-08-26,18,0.5054355761199136,1,0,-0.001528285068751023,0.6,1.0,0.0,-0.001528285068751023,1.0289234824808928,-0.06023990876445762,0.0,0.0,-0.0,0.9657764430016539,-0.07769783080218007,0.0,0.0,-0.0,0.9780765017743203,-0.030553268523343058,1.0,0.0,-0.001528285068751023,1.0196805037853574,-0.05884976224896865
2021-08-27,18,0.5002048690939358,1,1,0.0036235084018041435,0.6,1.0,0.0,0.0036235084018041435,1.0326517953644758,-0.05683468017818549,0.0,0.0,0.0,0.9657764430016539,-0.07769783080218007,0.0,0.0,0.0,0.9780765017743203,-0.030553268523343058,1.0,0.0,0.0036235084018041435,1.0233753246579795,-0.05543949645511781
2021-08-30,18,0.4904108992889579,0,0,-0.00017812175809306385,0.6,1.0,0.0,-0.00017812175809306385,1.0324678576111876,-0.057002678443124455,0.0,0.0,-0.0,0.9657764430016539,-0.07769783080218007,0.0,0.0,-0.0,0.9780765017743203,-0.030553268523343058,1.0,0.0,-0.00017812175809306385,1.0231930392459625,-0.0556077432326344
2021-08-31,18,0.5178530425940814,1,1,0.0011337958991552988,0.6,1.0,0.0,0.0011337958991552988,1.0336384654341568,-0.05593351194702889,0.0,0.0,0.0,0.9657764430016539,-0.07769783080218007,0.0,0.0,0.0,0.9780765017743203,-0.030553268523343058,1.0,0.0,0.0011337958991552988,1.0243531313179037,-0.05453699516471766
2021-09-01,19,0.4847316498486823,0,1,0.00259316954035671,0.5,1.0,0.0,0.00259316954035671,1.0363188652184618,-0.05348538748613829,-1.0,1.0,-0.00269316954035671,0.9631754433025678,-0.08018174691126856,0.0,0.0,0.0,0.9780765017743203,-0.030553268523343058,0.0,1.0,-0.0001,1.024250696004772,-0.05463154146520122
2021-09-02,19,0.4863736615294198,0,1,0.0030046697470782484,0.5,1.0,0.0,0.0030046697470782484,1.0394326611611102,-0.05064142366475033,-1.0,0.0,-0.0030046697470782484,0.9602814191869479,-0.08294549698913456,0.0,0.0,0.0,0.9780765017743203,-0.030553268523343058,0.0,0.0,0.0,1.024250696004772,-0.05463154146520122
2021-09-03,19,0.48915772519816697,0,1,0.000796369102926464,0.5,1.0,0.0,0.000796369102926464,1.0402604332170315,-0.04988538382695873,-1.0,0.0,-0.000796369102926464,0.9595166807345931,-0.08367581086103193,0.0,0.0,0.0,0.9780765017743203,-0.030553268523343058,0.0,0.0,0.0,1.024250696004772,-0.05463154146520122
2021-09-06,19,0.48706266811114973,0,0,-0.0009143836244995818,0.5,1.0,0.0,-0.0009143836244995818,1.0393092361116831,-0.050754153073385044,-1.0,0.0,0.0009143836244995818,0.960394047074891,-0.0828379390277505,0.0,0.0,-0.0,0.9780765017743203,-0.030553268523343058,0.0,0.0,-0.0,1.024250696004772,-0.05463154146520122
2021-09-07,19,0.4827968777854042,0,0,-0.00265300504922239,0.5,1.0,0.0,-0.00265300504922239,1.0365519434605754,-0.05327250709823461,-1.0,0.0,0.00265300504922239,0.9629419773310237,-0.08040470344903594,0.0,0.0,-0.0,0.9780765017743203,-0.030553268523343058,0.0,0.0,-0.0,1.024250696004772,-0.05463154146520122
2021-09-08,19,0.4855776781306173,0,0,-0.002065906493599612,0.5,1.0,0.0,-0.002065906493599612,1.0344105240696269,-0.05522835757348976,-1.0,0.0,0.002065906493599612,0.9649313254149516,-0.07850490555440748,0.0,0.0,-0.0,0.9780765017743203,-0.030553268523343058,0.0,0.0,-0.0,1.024250696004772,-0.05463154146520122
2021-09-09,19,0.4878360946242049,0,1,0.0005771297849097579,0.5,1.0,0.0,0.0005771297849097579,1.0350075131928915,-0.05468310171870727,-1.0,0.0,-0.0005771297849097579,0.9643744348066622,-0.07903672782006033,0.0,0.0,0.0,0.9780765017743203,-0.030553268523343058,0.0,0.0,0.0,1.024250696004772,-0.05463154146520122
2021-09-10,19,0.4919793327743022,0,0,-0.0011812139205829018,0.5,1.0,0.0,-0.0011812139205829018,1.0337849479104002,-0.055799723198319384,-1.0,0.0,0.0011812139205829018,0.9655135673137101,-0.07794887318261579,0.0,0.0,-0.0,0.9780765017743203,-0.030553268523343058,0.0,0.0,-0.0,1.024250696004772,-0.05463154146520122
2021-09-13,19,0.5025025313366829,1,0,0.0,0.5,1.0,0.0,0.0,1.0337849479104002,-0.055799723198319384,1.0,2.0,-0.0002,0.9653204646002473,-0.07813328340797931,1.0,1.0,-0.0001,0.9779786941241428,-0.03065021319649075,1.0,1.0,-0.0001,1.0241482709351715,-0.05472607831105458
2021-09-14,19,0.5090652219656547,1,0,-0.0005902961926450567,0.5,1.0,0.0,-0.0005902961926450567,1.033174708591635,-0.05635708102680981,1.0,0.0,-0.0005902961926450567,0.9647506396053115,-0.07867745782090974,1.0,0.0,-0.0005902961926450567,0.9774013970245133,-0.031222416684982157,1.0,0.0,-0.0005902961926450567,1.0235437201101345,-0.05528406990803425
2021-09-15,19,0.507023500669071,1,1,0.0012718707234040674,0.5,1.0,0.0,0.0012718707234040674,1.0344887732556542,-0.055156889224820205,1.0,0.0,0.0012718707234040674,0.9659776776992108,-0.07750565465269987,1.0,0.0,0.0012718707234040674,0.9786445252464031,-0.029990256839273588,1.0,0.0,0.0012718707234040674,1.0248455354018666,-0.05408251337461678
2021-09-16,19,0.5036956918618837,1,0,-0.004443422009814957,0.5,1.0,0.0,-0.004443422009814957,1.0298921030716637,-0.059355225899060615,1.0,0.0,-0.004443422009814957,0.9616854312251322,-0.08160468633074602,1.0,0.0,-0.004443422009814957,0.9742959946231383,-0.03430041948176887,1.0,0.0,-0.004443422009814957,1.0202917141932013,-0.05828562395415693
2021-09-17,19,0.49803013078941416,0,0,-0.00319046996268868,0.5,1.0,0.0,-0.00319046996268868,1.0266062632520032,-0.06235632479638975,-1.0,2.0,0.00299046996268868,0.9645613226207661,-0.07885825273134417,0.0,1.0,-0.0001,0.974198565023676,-0.034396989439820835,0.0,1.0,-0.0001,1.020189685021782,-0.058379795391761524
2021-09-20,19,0.5072533654726298,1,1,2.3374508716145218e-05,0.5,1.0,0.0,2.3374508716145218e-05,1.0266302596690517,-0.06233440783613098,1.0,2.0,-0.0001766254912838548,0.9643909565032849,-0.07902094984499752,1.0,1.0,-7.662549128385479e-05,0.9741239165800231,-0.034470979244890065,1.0,1.0,-7.662549128385479e-05,1.0201115124859645,-0.058451947502542345
2021-09-21,19,0.49988978231437636,0,0,-0.0006213408951150079,0.5,1.0,0.0,-0.0006213408951150079,1.0259923723045568,-0.06291701781448467,-1.0,2.0,0.0004213408951150079,0.9647972938521389,-0.07863290370762299,0.0,1.0,-0.0001,0.9740265041883651,-0.03456753214696551,0.0,1.0,-0.0001,1.020009501334716,-0.058546102307792225
2021-09-22,19,0.5043341335279778,1,0,-0.003003692839917416,0.5,1.0,0.0,-0.003003692839917416,1.0229106063620557,-0.06573172725848386,1.0,2.0,-0.003203692839917416,0.9617063796698531,-0.08158468087695037,1.0,1.0,-0.003103692839917416,0.9710034251014259,-0.03756393798486479,1.0,1.0,-0.003103692839917416,1.0168437051487755,-0.061468086029171864
2021-09-23,19,0.5055874857876368,1,1,0.0044965722892382765,0.5,1.0,0.0,0.0044965722892382765,1.0275101978489911,-0.06153072243255986,1.0,0.0,0.0044965722892382765,0.9660307619270602,-0.0774549600029697,1.0,0.0,0.0044965722892382765,0.9753696121954925,-0.03323627465824386,1.0,0.0,0.0044965722892382765,1.021416016375834,-0.05724790943224489
2021-09-24,19,0.4817953008376892,0,0,-0.0014654093037853588,0.5,1.0,0.0,-0.0014654093037853588,1.026004474845329,-0.0629059640432238,-1.0,2.0,0.0012654093037853587,0.9672531862409456,-0.07628756292619643,0.0,1.0,-0.0001,0.975272075234273,-0.033332951030778046,0.0,1.0,-0.0001,1.0213138747741963,-0.0573421846413017
2021-09-27,19,0.5054514674439615,1,0,-0.002239981224344767,0.5,1.0,0.0,-0.002239981224344767,1.0237062440855818,-0.06500503708921246,1.0,2.0,-0.002439981224344767,0.9648931066273301,-0.07854140392935016,1.0,1.0,-0.002339981224344767,0.972989956889597,-0.03559493377555878,1.0,1.0,-0.002339981224344767,1.018924019483062,-0.05954798623022284
2021-09-28,19,0.5006333451233806,1,0,-0.0008940088868886198,0.5,1.0,0.0,-0.0008940088868886198,1.022791041605806,-0.06584093089525078,1.0,0.0,-0.0008940088868886198,0.9640304836151077,-0.0793651961031373,1.0,0.0,-0.0008940088868886198,0.9721200952212843,-0.0364571204753239,1.0,0.0,-0.0008940088868886198,1.0180130923545798,-0.06038875868822535
2021-09-29,19,0.49919041030074374,0,0,-0.007250889529971327,0.5,1.0,0.0,-0.007250889529971327,1.015374896750878,-0.07261441510875011,-1.0,2.0,0.0070508895299713275,0.9708277560586025,-0.0728739018034138,0.0,1.0,-0.0001,0.9720228832117622,-0.036553474763276195,0.0,1.0,-0.0001,1.0179112910453443,-0.060482719812356533
2021-09-30,19,0.5128504579527814,1,0,-0.002338131769523355,0.5,1.0,0.0,-0.002338131769523355,1.0130008164468083,-0.07478276480738233,1.0,2.0,-0.002538131769523355,0.9683636672882151,-0.07522707000760076,1.0,1.0,-0.002438131769523355,0.9696529633394999,-0.03890248434469279,1.0,1.0,-0.002438131769523355,1.0154294891880902,-0.06277338674119814
2021-10-01,19,0.5172486997750113,1,1,0.002832211427842735,0.5,1.0,0.0,0.002832211427842735,1.0158698489355629,-0.07216235398063275,1.0,0.0,0.002832211427842735,0.9711062779330165,-0.0726079175471166,1.0,0.0,0.002832211427842735,0.9723992255433116,-0.036180452977582656,1.0,0.0,0.002832211427842735,1.0183054001915373,-0.06011896281664819
2021-10-04,19,0.5128239984404538,1,1,0.0009642726160647987,0.5,1.0,0.0,0.0009642726160647987,1.0168494244123774,-0.07126766554642228,1.0,0.0,0.0009642726160647987,0.972042689124116,-0.07171365875765201,1.0,0.0,0.0009642726160647987,0.9733368834883857,-0.035251068181560874,1.0,0.0,0.0009642726160647987,1.0192873242037328,-0.059212661270133804
2021-10-05,19,0.5065444269676987,1,0,-0.001924943121783485,0.5,1.0,0.0,-0.001924943121783485,1.0148920471069653,-0.07305542246560648,1.0,0.0,-0.001924943121783485,0.9701715622356065,-0.07350055716527204,1.0,0.0,-0.001924943121783485,0.9714632653493365,-0.03710815500211284,1.0,0.0,-0.001924943121783485,1.0173252540798858,-0.06102362338688272
2021-10-06,19,0.5109800416409316,1,0,-0.0035128241055950586,0.5,1.0,0.0,-0.0035128241055950586,1.0113269098593112,-0.07631161572211997,1.0,0.0,-0.0035128241055950586,0.9667635201852225,-0.07675518674188231,1.0,0.0,-0.0035128241055950586,0.9680506857731173,-0.04049062468630227,1.0,0.0,-0.0035128241055950586,1.0137515694041235,-0.06432208223723346
2021-10-07,19,0.5088564327576739,1,1,0.0003814994434316877,0.5,1.0,0.0,0.0003814994434316877,1.01171273051255,-0.07595922911761377,1.0,0.0,0.0003814994434316877,0.9671323399301032,-0.0764029693594731,1.0,0.0,0.0003814994434316877,0.9684199965709533,-0.040124572393652636,1.0,0.0,0.0003814994434316877,1.0141383150636292,-0.06396512163237567
2021-10-08,19,0.5272996250060141,1,1,0.0005435686067938316,0.5,1.0,0.0,0.0005435686067938316,1.0122626657919502,-0.07545694956316451,1.0,0.0,0.0005435686067938316,0.9676580427087043,-0.07590093100828887,1.0,0.0,0.0005435686067938316,0.9689463992792807,-0.039602814244772966,1.0,0.0,0.0005435686067938316,1.0146895688146444,-0.063456322457631
2021-10-11,19,0.5133415196283071,1,0,-0.0010629439476148583,0.5,1.0,0.0,-0.0010629439476148583,1.0111866873179503,-0.07643968700293569,1.0,0.0,-0.0010629439476148583,0.9666294764488462,-0.07688319652067022,1.0,0.0,-0.0010629439476148583,0.9679164635686036,-0.04062366262067785,1.0,0.0,-0.0010629439476148583,1.013611010678765,-0.06445181589135163
2021-10-12,19,0.5106358080055946,1,0,-0.0017069772903097746,0.5,1.0,0.0,-0.0017069772903097746,1.0094606146064349,-0.07801618348345307,1.0,0.0,-0.0017069772903097746,0.964979461884404,-0.07845893594051279,1.0,0.0,-0.0017069772903097746,0.966264252146375,-0.04226129624144492,1.0,0.0,-0.0017069772903097746,1.0118807997023285,-0.0660487753956156
2021-10-13,19,0.5124514937933438,1,1,0.005683771346053136,0.5,1.0,0.0,0.005683771346053136,1.015198157922704,-0.07277583828561174,1.0,0.0,0.005683771346053136,0.9704641844993923,-0.07322110724640019,1.0,0.0,0.005683771346053136,0.97175627721544,-0.03681772844001607,1.0,0.0,0.005683771346053136,1.017632098797298,-0.060740410186597926
2021-10-14,19,0.4894345826431091,0,0,-0.0006954468119872992,0.5,1.0,0.0,-0.0006954468119872992,1.0144921416002413,-0.07342067337287361,-1.0,2.0,0.0004954468119872992,0.9709449978857504,-0.0727619375985683,0.0,1.0,-0.0001,0.9716591015877185,-0.03691404666717202,0.0,1.0,-0.0001,1.0175303355874183,-0.06083433614557909
2021-10-15,19,0.5062960957570122,1,1,0.00047543786974224567,0.5,1.0,0.0,0.00047543786974224567,1.014974469582914,-0.07298014247167484,1.0,2.0,0.0002754378697422457,0.971212432907605,-0.07250654112191646,1.0,1.0,0.0003754378697422457,0.9720238992109342,-0.03655246772847409,1.0,1.0,0.0003754378697422457,1.0179123550090095,-0.060481737789406576
2021-10-18,19,0.5075127599929313,1,1,0.0014517452243154592,0.5,1.0,0.0,0.0014517452243154592,1.016447953921933,-0.07163434582066242,1.0,0.0,0.0014517452243154592,0.9726223859188744,-0.07116005692240635,1.0,0.0,0.0014517452243154592,0.9734350302645342,-0.03515378737462038,1.0,0.0,0.0014517452243154592,1.0193901044091656,-0.05911779663908512
2021-10-19,19,0.4884823848085798,0,1,0.0015586486059819826,0.5,1.0,0.0,0.0015586486059819826,1.0180322391083667,-0.0701873499879343,-1.0,2.0,-0.0017586486059819827,0.9709118849157313,-0.07279355999348014,0.0,1.0,-0.0001,0.9733376867615077,-0.03525027199588293,0.0,1.0,-0.0001,1.0192881653987247,-0.05921188485942108
2021-10-20,19,0.4821650112863668,0,1,0.001981430062866885,0.5,1.0,0.0,0.001981430062866885,1.0200493987919037,-0.06834499125036653,-1.0,0.0,-0.001981430062866885,0.9689880909185645,-0.0746307547081928,0.0,0.0,0.0,0.9733376867615077,-0.03525027199588293,0.0,0.0,0.0,1.0192881653987247,-0.05921188485942108
2021-10-21,19,0.48806597353505454,0,0,-0.0025459926952552388,0.5,1.0,0.0,-0.0025459926952552388,1.01745236047378,-0.07071697809714106,-1.0,0.0,0.0025459926952552388,0.9714551275198324,-0.07227477136926608,0.0,0.0,-0.0,0.9733376867615077,-0.03525027199588293,0.0,0.0,-0.0,1.0192881653987247,-0.05921188485942108
2021-10-22,19,0.48662696836759556,0,1,0.001268760047255846,0.5,1.0,0.0,0.001268760047255846,1.0187432633787352,-0.06953794092635757,-1.0,0.0,-0.001268760047255846,0.9702225840663334,-0.07345183207418404,0.0,0.0,0.0,0.9733376867615077,-0.03525027199588293,0.0,0.0,0.0,1.0192881653987247,-0.05921188485942108
2021-10-25,19,0.4912732661361607,0,0,-0.002438446382957537,0.5,1.0,0.0,-0.002438446382957537,1.016259112552987,-0.07180682276878492,-1.0,0.0,0.002438446382957537,0.9725884198171136,-0.07119249404546957,0.0,0.0,-0.0,0.9733376867615077,-0.03525027199588293,0.0,0.0,-0.0,1.0192881653987247,-0.05921188485942108
2021-10-26,19,0.4953189986748502,0,0,-0.00115988700495373,0.5,1.0,0.0,-0.00115988700495373,1.0150803668146708,-0.07288342197314224,-1.0,0.0,0.00115988700495373,0.9737165124864279,-0.07011518228920943,0.0,0.0,-0.0,0.9733376867615077,-0.03525027199588293,0.0,0.0,-0.0,1.0192881653987247,-0.05921188485942108
2021-10-27,19,0.49716514207657686,0,1,0.00016239596123290845,0.5,1.0,0.0,0.00016239596123290845,1.0152452117665685,-0.07273286198527851,-1.0,0.0,-0.00016239596123290845,0.9735583848574143,-0.07026619182801752,0.0,0.0,0.0,0.9733376867615077,-0.03525027199588293,0.0,0.0,0.0,1.0192881653987247,-0.05921188485942108
2021-10-28,19,0.49487972513785705,0,1,0.0071971863610365,0.5,1.0,0.0,0.0071971863610365,1.0225521207578023,-0.06605914758652165,-1.0,0.0,-0.0071971863610365,0.9665515037282458,-0.07695765931158738,0.0,0.0,0.0,0.9733376867615077,-0.03525027199588293,0.0,0.0,0.0,1.0192881653987247,-0.05921188485942108
2021-10-29,19,0.5152986498796439,1,0,-0.010863366820322296,0.5,1.0,0.0,-0.010863366820322296,1.0114437619771117,-0.0762048896547739,1.0,2.0,-0.011063366820322296,0.9558581898917662,-0.08716961531731215,1.0,1.0,-0.010963366820322295,0.9626666286614973,-0.04582717715379825,1.0,1.0,-0.010963366820322295,1.0081133353458451,-0.06952609006590693
2021-11-01,19,0.505376219798584,1,1,0.003711917643600238,0.5,1.0,0.0,0.003711917643600238,1.015198157922704,-0.07277583828561174,1.0,0.0,0.003711917643600238,0.9594062567716052,-0.0837812641067941,1.0,0.0,0.003711917643600238,0.9662399679053311,-0.04228536621763157,1.0,0.0,0.003711917643600238,1.011855369022064,-0.0660722475427129
2021-11-02,19,0.4988718170558631,0,0,-0.0017369213195504996,0.5,1.0,0.0,-0.0017369213195504996,1.0134348385986398,-0.07438635370009572,-1.0,2.0,0.0015369213195504995,0.9608807887017475,-0.08237310799822828,0.0,1.0,-0.0001,0.9661433439085405,-0.04238113768100993,0.0,1.0,-0.0001,1.0117541834851618,-0.06616564031795857
2021-11-03,19,0.5019264804430275,1,1,0.003136242689838697,0.5,1.0,0.0,0.003136242689838697,1.0166132162028227,-0.07148340466827252,1.0,2.0,0.002936242689838697,0.9637021678933795,-0.0796787327445887,1.0,1.0,0.003036242689838697,0.9690767895738192,-0.03947357441064214,1.0,1.0,0.003036242689838697,1.0148261147286823,-0.06333029256985379
2021-11-04,19,0.5007197328455139,1,0,-0.0051999189655006495,0.5,1.0,0.0,-0.0051999189655006495,1.0113269098593112,-0.07631161572211997,1.0,0.0,-0.0051999189655006495,0.9586909947134566,-0.08446432875654364,1.0,0.0,-0.0051999189655006495,0.9640376687966877,-0.044468233987928873,1.0,0.0,-0.0051999189655006495,1.0095491011680193,-0.06820089914592975
2021-11-05,19,0.4828266989067206,0,1,0.0011684323137661765,0.5,1.0,0.0,0.0011684323137661765,1.0125085769005722,-0.07523234836607917,-1.0,2.0,-0.0013684323137661766,0.9573790909773742,-0.08571717735347872,0.0,1.0,-0.0001,0.963941265029808,-0.04456378716453013,0.0,1.0,-0.0001,1.0094481462579026,-0.06829407905601514
2021-11-08,19,0.5124830407897616,1,1,0.001959059651367445,0.5,1.0,0.0,0.001959059651367445,1.0144921416002415,-0.07342067337287339,1.0,2.0,0.001759059651367445,0.9590631779073754,-0.08410889933022281,1.0,1.0,0.0018590596513674452,0.965733289341913,-0.04278757425179236,1.0,1.0,0.0018590596513674452,1.0113247705767583,-0.06656198217144804
2021-11-09,19,0.5052510112897207,1,1,0.0003478111346459922,0.5,1.0,0.0,0.0003478111346459922,1.014844993263101,-0.07309839876593971,1.0,0.0,0.0003478111346459922,0.9593967507594805,-0.08379034220728676,1.0,0.0,0.0003478111346459922,0.9660691821330445,-0.04245464511189556,1.0,0.0,0.0003478111346459922,1.0116765205927083,-0.06623732203534527
2021-11-10,19,0.5071208871222695,1,0,-0.009452917379883963,0.5,1.0,0.0,-0.009452917379883963,1.005251747388396,-0.08186032302168744,1.0,0.0,-0.009452917379883963,0.950327652540022,-0.09245119640505306,1.0,0.0,-0.009452917379883963,0.9569370099710888,-0.05150624223914446,1.0,0.0,-0.009452917379883963,1.002113226028377,-0.07506410348256431
2021-11-11,19,0.5088585257550909,1,0,-0.0030573628652154077,0.5,1.0,0.0,-0.0030573628652154077,1.0021783280257377,-0.0846674091751618,1.0,0.0,-0.0030573628652154077,0.9474221560653588,-0.09522590241553486,1.0,0.0,-0.0030573628652154077,0.9540113062924529,-0.05440613183201115,1.0,0.0,-0.0030573628652154077,0.9990494022643766,-0.07789196814528154
2021-11-12,19,0.5100217708176619,1,0,-0.0008008833973945917,0.5,1.0,0.0,-0.0008008833973945917,1.0013757000415933,-0.08540048385024757,1.0,0.0,-0.0008008833973945917,0.9466633813902423,-0.09595052096868295,1.0,0.0,-0.0008008833973945917,0.9532472544763165,-0.055163442261705,1.0,0.0,-0.0008008833973945917,0.998249280184926,-0.07863046915859817
2021-11-15,19,0.5221892581643395,1,0,-0.006569840434676122,0.5,1.0,0.0,-0.006569840434676122,0.9947968214771579,-0.0914092567329835,1.0,0.0,-0.006569840434676122,0.9404439540291575,-0.10188998179097075,1.0,0.0,-0.006569840434676122,0.9469845721196141,-0.06137086768289424,1.0,0.0,-0.006569840434676122,0.9916909417000808,-0.0846837199575986
2021-11-16,19,0.5114725223111927,1,0,-0.003985047341380721,0.5,1.0,0.0,-0.003985047341380721,0.9908325090485163,-0.0950300338588429,1.0,0.0,-0.003985047341380721,0.936696240350436,-0.10546899273130206,1.0,0.0,-0.003985047341380721,0.9432107937681602,-0.06511134921117712,1.0,0.0,-0.003985047341380721,0.9877390063493875,-0.08833129866590406
2021-11-17,19,0.5166794410683767,1,0,0.0,0.5,1.0,0.0,0.0,0.9908325090485163,-0.0950300338588429,1.0,0.0,0.0,0.936696240350436,-0.10546899273130206,1.0,0.0,0.0,0.9432107937681602,-0.06511134921117712,1.0,0.0,0.0,0.9877390063493875,-0.08833129866590406
2021-11-18,19,0.5084837090124158,1,1,0.0041721000208909675,0.5,1.0,0.0,0.0041721000208909675,0.994966361380217,-0.09125440864419976,1.0,0.0,0.0041721000208909675,0.9406042307543705,-0.1017369198971888,1.0,0.0,0.0041721000208909675,0.9471459635405449,-0.06121090025169029,1.0,0.0,0.0041721000208909675,0.9918599522784126,-0.08452772565802236
2021-11-19,19,0.5012183310341413,1,0,-0.008152241730157715,0.5,1.0,0.0,-0.008152241730157715,0.98685515508887,-0.09866272237614726,1.0,0.0,-0.008152241730157715,0.9329361976928519,-0.10905977766346286,1.0,0.0,-0.008152241730157715,0.9394246006920193,-0.06886413592647567,1.0,0.0,-0.008152241730157715,0.9837740701849763,-0.0919908769357154
2021-11-22,19,0.5191758395100942,1,0,-0.0029791387340473152,0.5,1.0,0.0,-0.0029791387340473152,0.9839151766714505,-0.1013479311723573,1.0,0.0,-0.0029791387340473152,0.9301568513299102,-0.11171401218954646,1.0,0.0,-0.0029791387340473152,0.9366259244763807,-0.07163811884579774,1.0,0.0,-0.0029791387340473152,0.9808432707469369,-0.09469596208510456
2021-11-23,19,0.5126997868193154,1,1,0.00024738629959197844,0.5,1.0,0.0,0.00024738629959197844,0.9841585838061195,-0.10112561696242939,1.0,0.0,0.00024738629959197844,0.9303869593914008,-0.11149426240604265,1.0,0.0,0.00024738629959197844,0.9368576328979389,-0.07140845483533664,1.0,0.0,0.00024738629959197844,0.9810859179341667,-0.09447200226915908
2021-11-24,20,0.5109327841891242,1,0,-0.003730654999168914,0.5,1.0,0.0,-0.003730654999168914,0.9804870276654682,-0.10447900717313341,1.0,0.0,-0.003730654999168914,0.9269160066301857,-0.11480897077778784,1.0,0.0,-0.003730654999168914,0.9333625402862586,-0.07487270952549119,1.0,0.0,-0.003730654999168914,0.9774258248498113,-0.09785021482078116
2021-11-25,20,0.5065586883606543,1,1,0.0005940791916181353,0.5,1.0,0.0,0.0005940791916181353,0.9810695146062558,-0.10394699678563779,1.0,0.0,0.0005940791916181353,0.9274666681421024,-0.11428309720671992,1.0,0.0,0.0005940791916181353,0.9339170315496785,-0.07432311065262232,1.0,0.0,0.0005940791916181353,0.9780064931937048,-0.09731426640568341
2021-11-26,20,0.5080996713502602,1,1,0.007453537686689326,0.5,1.0,0.0,0.007453537686689326,0.9883819532066356,-0.09726823195690837,1.0,0.0,0.007453537686689326,0.9343795759062478,-0.1076813728920124,1.0,0.0,0.007453537686689326,0.9408780173405751,-0.06742354307217424,1.0,0.0,0.007453537686689326,0.985296101448551,-0.09058606427110127
2021-11-29,20,0.49509889281216746,0,1,2.2589547499674012e-05,0.5,1.0,0.0,2.2589547499674012e-05,0.9884042803077153,-0.0972478396547547,-1.0,2.0,-0.00022258954749967402,0.9341715927792539,-0.10787999369144585,0.0,1.0,-0.0001,0.940783929538841,-0.06751680071786703,0.0,1.0,-0.0001,0.9851975718384061,-0.09067700566467429
2021-11-30,20,0.5341731151069412,1,1,0.0032631658725670314,0.5,1.0,0.0,0.0032631658725670314,0.9916296074235146,-0.09430200961372992,1.0,2.0,0.0030631658725670313,0.9370331153213769,-0.10514728213388724,1.0,1.0,0.0031631658725670316,0.9437597851582178,-0.06456720168515562,1.0,1.0,0.0031631658725670316,0.9883139151753813,-0.08780066620185223
2021-12-01,20,0.49721976967288917,0,0,-0.0009509143844581568,0.5,1.0,0.0,-0.0009509143844581568,0.9906866525657609,-0.09516325086076316,-1.0,2.0,0.0007509143844581568,0.9377367469663854,-0.10447532435606999,0.0,1.0,-0.0001,0.943665409179702,-0.06466074496498708,0.0,1.0,-0.0001,0.9882150837838637,-0.08789188613523213
2021-12-02,20,0.49370667992881395,0,0,-0.001175820372980918,0.5,1.0,0.0,-0.001175820372980918,0.9895217830164339,-0.09622717634462286,-1.0,0.0,0.001175820372980918,0.9388393569379615,-0.1034223481979406,0.0,0.0,-0.0,0.943665409179702,-0.06466074496498708,0.0,0.0,-0.0,0.9882150837838637,-0.08789188613523213
2021-12-03,20,0.5352822051598489,1,0,-0.0001244157074620222,0.5,1.0,0.0,-0.0001244157074620222,0.9893986709637508,-0.09633961987986295,1.0,2.0,-0.0003244157074620222,0.9385347827037873,-0.10371321207114459,1.0,1.0,-0.00022441570746202223,0.9434536358392935,-0.06487064978562274,1.0,1.0,-0.00022441570746202223,0.9879933127967117,-0.08809657752288691
2021-12-06,20,0.49369146581685647,0,0,-0.0016026315298297569,0.5,1.0,0.0,-0.0016026315298297569,0.9878130294580926,-0.09778785449730143,-1.0,2.0,0.0014026315298297568,0.9398512011818495,-0.10245605196262586,0.0,1.0,-0.0001,0.9433592904757097,-0.0649641627206442,0.0,1.0,-0.0001,0.987894513465432,-0.0881877678651346
2021-12-07,20,0.49712367901632837,0,0,-0.0009020955422791578,0.5,1.0,0.0,-0.0009020955422791578,0.9869219277276131,-0.09860173605194955,-1.0,0.0,0.0009020955422791578,0.9406990367608413,-0.10164638156810168,0.0,0.0,-0.0,0.9433592904757097,-0.0649641627206442,0.0,0.0,-0.0,0.987894513465432,-0.0881877678651346
2021-12-08,20,0.4980021690000603,0,1,0.006126595156951576,0.5,1.0,0.0,0.006126595156951576,0.9929683988303184,-0.09307923381356087,-1.0,0.0,-0.006126595156951576,0.9349357545980733,-0.10715023049601646,0.0,0.0,0.0,0.9433592904757097,-0.0649641627206442,0.0,0.0,0.0,0.987894513465432,-0.0881877678651346
2021-12-09,20,0.4849911063333476,0,0,-0.0046076814514265365,0.5,1.0,0.0,-0.0046076814514265365,0.9883931167571752,-0.0972580358058317,-1.0,0.0,0.0046076814514265365,0.9392436407328102,-0.1030362631741627,0.0,0.0,-0.0,0.9433592904757097,-0.0649641627206442,0.0,0.0,-0.0,0.987894513465432,-0.0881877678651346
2021-12-10,20,0.5049651732786453,1,1,0.0016402570745917,0.5,1.0,0.0,0.0016402570745917,0.9900143355594139,-0.0957773069125315,1.0,2.0,0.0014402570745917,0.940596393031141,-0.101744404806547,1.0,1.0,0.0015402570745917,0.9448123062967467,-0.06352396715727782,1.0,1.0,0.0015402570745917,0.9894161249787474,-0.08678334262388965
2021-12-13,20,0.49544883742755624,0,0,-0.0023361654386201414,0.5,1.0,0.0,-0.0023361654386201414,0.9877014982849415,-0.09788972071693847,-1.0,2.0,0.0021361654386201413,0.9426056625376248,-0.09982558224904758,0.0,1.0,-0.0001,0.944717825066117,-0.06361761476056216,0.0,1.0,-0.0001,0.9893171833662495,-0.08687466428962731
2021-12-14,20,0.49939044062626337,0,0,-0.0021395631044885954,0.5,1.0,0.0,-0.0021395631044885954,0.985588248600963,-0.09981984258667231,-1.0,0.0,0.0021395631044885954,0.9446224268352722,-0.09789960227722327,0.0,0.0,-0.0,0.944717825066117,-0.06361761476056216,0.0,0.0,-0.0,0.9893171833662495,-0.08687466428962731
2021-12-15,20,0.5053287468023278,1,1,0.0026193465162343,0.5,1.0,0.0,0.0026193465162343,0.9881698457463773,-0.09746195882736852,1.0,2.0,0.0024193465162343,0.9469077958127929,-0.09571710882269913,1.0,1.0,0.0025193465162343,0.9470978966275218,-0.06125854306044598,1.0,1.0,0.0025193465162343,0.991809616165614,-0.08457418515622006
2021-12-16,20,0.4988197806262458,0,1,0.0038423143418986343,0.5,1.0,0.0,0.0038423143418986343,0.9919667049169204,-0.09399412396766182,-1.0,2.0,-0.004042314341898634,0.9430800968493233,-0.09937250452283863,0.0,1.0,-0.0001,0.947003186837859,-0.06135241720613993,0.0,1.0,-0.0001,0.9917104352039975,-0.08466572773770442
2021-12-17,20,0.49217682435197896,0,0,-0.007994095774538912,0.5,1.0,0.0,-0.007994095774538912,0.9840368280726608,-0.10123682171295934,-1.0,0.0,0.007994095774538912,0.9506191694665983,-0.092172802066811,0.0,0.0,-0.0,0.947003186837859,-0.06135241720613993,0.0,0.0,-0.0,0.9917104352039975,-0.08466572773770442
2021-12-20,20,0.5054236244321431,1,1,0.0030223412149650297,0.5,1.0,0.0,0.0030223412149650297,0.9870109231351882,-0.09852045271672949,1.0,2.0,0.0028223412149650296,0.9533021411283197,-0.08961060395001796,1.0,1.0,0.00292234121496503,0.9497706532814585,-0.058609368688614216,1.0,1.0,0.00292234121496503,0.994608551482105,-0.08199080866840236
2021-12-21,20,0.5010938304343379,1,1,0.0008917295886046174,0.5,1.0,0.0,0.0008917295886046174,0.9878910699796238,-0.09771657673089507,1.0,0.0,0.0008917295886046174,0.954152228854444,-0.08879878278840836,1.0,0.0,0.0008917295886046174,0.9506175918753779,-0.05776990280823868,1.0,0.0,0.0008917295886046174,0.9954954733565408,-0.08117219270988096
2021-12-22,20,0.5018730194708394,1,1,0.003659212882693552,0.5,1.0,0.0,0.003659212882693552,0.9915059737095911,-0.09441492960462794,1.0,0.0,0.003659212882693552,0.957643674982319,-0.0854645035556616,1.0,0.0,0.003659212882693552,0.9540961040140834,-0.054322082298132957,1.0,0.0,0.003659212882693552,0.9991382032173102,-0.07781000616046785
2021-12-23,20,0.49361520202921905,0,0,-0.00013595204470506772,0.5,1.0,0.0,-0.00013595204470506772,0.9913711764451281,-0.09453804574660252,-1.0,2.0,-6.404795529493229e-05,0.9575823398630352,-0.08552307768425349,0.0,1.0,-0.0001,0.954000694403682,-0.05441665008990315,0.0,1.0,-0.0001,0.9990382893969885,-0.07790222515985179
2021-12-24,20,0.49365797515197474,0,0,-0.00027173057965645947,0.5,1.0,0.0,-0.00027173057965645947,0.9911017905806979,-0.0947840874482887,-1.0,0.0,0.00027173057965645947,0.957842544267315,-0.08527458634007012,0.0,0.0,-0.0,0.954000694403682,-0.05441665008990315,0.0,0.0,-0.0,0.9990382893969885,-0.07790222515985179
2021-12-27,20,0.4950872371921394,0,1,0.0005098175404814054,0.5,1.0,0.0,0.0005098175404814054,0.9916070716579385,-0.094322592498147,-1.0,0.0,-0.0005098175404814054,0.9573542193372282,-0.08574092940067801,0.0,0.0,0.0,0.954000694403682,-0.05441665008990315,0.0,0.0,0.0,0.9990382893969885,-0.07790222515985179
2021-12-28,20,0.49507378783132827,0,0,-0.0013464403555435434,0.5,1.0,0.0,-0.0013464403555435434,0.9902719318798159,-0.09554203310871157,-1.0,0.0,0.0013464403555435434,0.9586432396926936,-0.08450993409260155,0.0,0.0,-0.0,0.954000694403682,-0.05441665008990315,0.0,0.0,-0.0,0.9990382893969885,-0.07790222515985179
2021-12-29,20,0.493729741574423,0,1,0.004010104595437492,0.5,1.0,0.0,0.004010104595437492,0.9942430259045799,-0.09191506205930067,-1.0,0.0,-0.004010104595437492,0.9547989800318168,-0.08818114501297414,0.0,0.0,0.0,0.954000694403682,-0.05441665008990315,0.0,0.0,0.0,0.9990382893969885,-0.07790222515985179
2021-12-30,20,0.4875415715885459,0,0,-0.0030917400915150273,0.5,1.0,0.0,-0.0030917400915150273,0.9911690848806816,-0.09472262466843284,-1.0,0.0,0.0030917400915150273,0.9577509703177189,-0.0853620381028114,0.0,0.0,-0.0,0.954000694403682,-0.05441665008990315,0.0,0.0,-0.0,0.9990382893969885,-0.07790222515985179
2021-12-31,20,0.49758484521423685,0,1,0.0042764713968936885,0.5,1.0,0.0,0.0042764713968936885,0.9954077911216591,-0.0908512318665724,-1.0,0.0,-0.0042764713968936885,0.953655175687808,-0.08927346118537782,0.0,0.0,0.0,0.954000694403682,-0.05441665008990315,0.0,0.0,0.0,0.9990382893969885,-0.07790222515985179
2022-01-03,20,0.4898585816765825,0,0,-0.006261458088877459,0.5,1.0,0.0,-0.006261458088877459,0.9891750869562087,-0.0965438287747945,-1.0,0.0,0.006261458088877459,0.9596264476016184,-0.08357098513216155,0.0,0.0,-0.0,0.954000694403682,-0.05441665008990315,0.0,0.0,-0.0,0.9990382893969885,-0.07790222515985179
2022-01-04,20,0.5047097112540185,1,0,-0.0016473983257058178,0.5,1.0,0.0,-0.0016473983257058178,0.9875455215741271,-0.09803218095861943,1.0,2.0,-0.0018473983257058179,0.9578536353090162,-0.08526399455985656,1.0,1.0,-0.0017473983257058178,0.9523336751875587,-0.05606896085235136,1.0,1.0,-0.0017473983257058178,0.9972925715627802,-0.07951349726774459
2022-01-05,20,0.5042982567749652,1,1,0.002647328567832119,0.5,1.0,0.0,0.002647328567832119,0.990159879045425,-0.09564437578400597,1.0,0.0,0.002647328567832119,0.9603893886015716,-0.08284238780063025,1.0,0.0,0.002647328567832119,0.9548548153319913,-0.05357006524635233,1.0,0.0,0.002647328567832119,0.9999327326779651,-0.07707666705275751
2022-01-06,20,0.49779172146294537,0,0,-0.0014686344133981732,0.5,1.0,0.0,-0.0014686344133981732,0.9887056961722928,-0.09697254357567975,-1.0,2.0,0.0012686344133981732,0.9616077716302139,-0.08167885009128406,0.0,1.0,-0.0001,0.9547593298504582,-0.05366470823982761,0.0,1.0,-0.0001,0.9998327394046973,-0.07716895938605228
2022-01-07,20,0.5887951624111841,1,1,0.005052597944538828,0.5,1.0,0.0,0.005052597944538828,0.9937012285405267,-0.09240990890548817,1.0,2.0,0.004852597944538828,0.9662740675262793,-0.07722260676681048,1.0,1.0,0.004952597944538828,0.9594878689450048,-0.04897789001901165,1.0,1.0,0.004952597944538828,1.0047845089747556,-0.07259854827115109
2022-01-10,20,0.48965596215184753,0,0,-0.002073518183627887,0.5,1.0,0.0,-0.002073518183627887,0.9916407709740546,-0.09429181346265303,-1.0,2.0,0.001873518183627887,0.9680843995621577,-0.07549376654114748,0.0,1.0,-0.0001,0.9593919201581104,-0.049072992230009715,0.0,1.0,-0.0001,1.004684030523858,-0.072691288416324
2022-01-11,20,0.5017203870828353,1,1,0.0031826550455393843,0.5,1.0,0.0,0.0031826550455393843,0.9947968214771578,-0.09140925673298361,1.0,2.0,0.002982655045539384,0.9709718613810198,-0.07273628335928883,1.0,1.0,0.0030826550455393844,0.9623493945014355,-0.04614161229156788,1.0,1.0,0.0030826550455393844,1.0077811248197253,-0.06983271553778791
2022-01-12,20,0.4971332815977686,0,1,0.006613288686092123,0.5,1.0,0.0,0.006613288686092123,1.001375700041593,-0.08540048385024779,-1.0,2.0,-0.006813288686092123,0.9643563497833587,-0.07905399874890073,0.0,1.0,-0.0001,0.9622531595619854,-0.04623699813033866,0.0,1.0,-0.0001,1.0076803467072433,-0.06992573226623422
2022-01-13,20,0.4737170442703117,0,1,0.0013518511765533425,0.5,1.0,0.0,0.0013518511765533425,1.0027294109598661,-0.0841640814182657,-1.0,0.0,-0.0013518511765533425,0.9630526835172873,-0.08029898068423413,0.0,0.0,0.0,0.9622531595619854,-0.04623699813033866,0.0,0.0,0.0,1.0076803467072433,-0.06992573226623422
2022-01-14,20,0.4796162743895295,0,0,-0.004050806764177239,0.5,1.0,0.0,-0.004050806764177239,0.9986675478793104,-0.08787395575213308,-1.0,0.0,0.004050806764177239,0.9669538238419381,-0.07657344957416923,0.0,0.0,-0.0,0.9622531595619854,-0.04623699813033866,0.0,0.0,-0.0,1.0076803467072433,-0.06992573226623422
2022-01-17,20,0.4933000242308224,0,0,-1.1387388185513105e-05,0.5,1.0,0.0,-1.1387388185513105e-05,0.9986561756642744,-0.08788434248547305,-1.0,0.0,1.1387388185513105e-05,0.9669648349204876,-0.07656293415757875,0.0,0.0,-0.0,0.9622531595619854,-0.04623699813033866,0.0,0.0,-0.0,1.0076803467072433,-0.06992573226623422
2022-01-18,20,0.4857365759011503,0,0,-0.007092334173711245,0.5,1.0,0.0,-0.007092334173711245,0.991573372341823,-0.09435337153364043,-1.0,0.0,0.007092334173711245,0.9738228726639712,-0.07001360989823302,0.0,0.0,-0.0,0.9622531595619854,-0.04623699813033866,0.0,0.0,-0.0,1.0076803467072433,-0.06992573226623422
2022-01-19,20,0.5071603796385858,1,1,0.0012138050969503487,0.5,1.0,0.0,0.0012138050969503487,0.9927769491551717,-0.09325409303997212,1.0,2.0,0.0010138050969503486,0.9748101392558047,-0.06907078495585339,1.0,1.0,0.0011138050969503486,0.9633249220356621,-0.04517469203757363,1.0,1.0,0.0011138050969503486,1.0088027062135025,-0.06888981080628986
2022-01-20,20,0.5019673870357032,1,0,-0.0026135162370830582,0.5,1.0,0.0,-0.0026135162370830582,0.9901823104787528,-0.09562388819072076,1.0,0.0,-0.0026135162370830582,0.9722624571287865,-0.07150378357494624,1.0,0.0,-0.0026135162370830582,0.9608072567103352,-0.047670143483511174,1.0,0.0,-0.0026135162370830582,1.0061661839608003,-0.07132328240426111
2022-01-21,20,0.5010538206761902,1,1,0.0024497759060904123,0.5,1.0,0.0,0.0024497759060904123,0.9926080352456006,-0.09340836938196662,1.0,0.0,0.0024497759060904123,0.9746442822706568,-0.06922917591505207,1.0,0.0,0.0024497759060904123,0.963161019178221,-0.04533714874636663,1.0,0.0,0.0024497759060904123,1.0086310656357904,-0.06904823255694792
2022-01-24,20,0.5056228879359091,1,0,-0.0015288134830733213,0.5,1.0,0.0,-0.0015288134830733213,0.9910905226979102,-0.09479437889049691,1.0,0.0,-0.0015288134830733213,0.9731542329507211,-0.07065215090056443,1.0,0.0,-0.0015288134830733213,0.9616885256257306,-0.046796650185152444,1.0,0.0,-0.0015288134830733213,1.0070890568631998,-0.07047148417110571
2022-01-25,20,0.5022296324594031,1,0,-0.0017295885653036967,0.5,1.0,0.0,-0.0017295885653036967,0.989376343862671,-0.09636001218201651,1.0,0.0,-0.0017295885653036967,0.9714710765171327,-0.0722595403135563,1.0,0.0,-0.0017295885653036967,0.9600252001484245,-0.048445299799401376,1.0,0.0,-0.0017295885653036967,1.0053472071462068,-0.07207918606320707
2022-01-26,20,0.5039904006041783,1,0,-0.00539685006937196,0.5,1.0,0.0,-0.00539685006937196,0.9840368280726608,-0.10123682171295934,1.0,0.0,-0.00539685006937196,0.9662281927704384,-0.07726641647777432,1.0,0.0,-0.00539685006937196,0.9548440880804047,-0.053580697849190284,1.0,0.0,-0.00539685006937196,0.9999214990015769,-0.07708703557227359
2022-01-27,20,0.5046268347658122,1,0,-0.00858323276003281,0.5,1.0,0.0,-0.00858323276003281,0.9755906109328688,-0.10895111526834378,1.0,0.0,-0.00858323276003281,0.9579348312925838,-0.0851864536006447,1.0,0.0,-0.00858323276003281,0.9466484390228693,-0.06170403500813837,1.0,0.0,-0.00858323276003281,0.9913389400338855,-0.08500861236320856
2022-01-28,20,0.5142089875918332,1,1,0.00047953085541507784,0.5,1.0,0.0,0.00047953085541507784,0.9760584367330644,-0.10852382983443176,1.0,0.0,0.00047953085541507784,0.9583941906016654,-0.08474777227819463,1.0,0.0,0.00047953085541507784,0.9471023861586113,-0.06125409314141339,1.0,0.0,0.00047953085541507784,0.9918143176438062,-0.08456984576039761
2022-01-31,20,0.5158344306545574,1,1,0.006928700232702534,0.5,1.0,0.0,0.006928700232702534,0.982821253050788,-0.10234705868675686,1.0,0.0,0.006928700232702534,0.965034616653108,-0.07840626395499695,1.0,0.0,0.006928700232702534,0.9536645746819816,-0.0547498041581137,1.0,0.0,0.006928700232702534,0.9986863017372626,-0.07822710463769478
2022-02-01,20,0.49460998763715514,0,1,0.0039458137962296025,0.5,1.0,0.0,0.0039458137962296025,0.9866992827103035,-0.09880508732669702,-1.0,2.0,-0.004145813796229602,0.9610337628255484,-0.08222701998041104,0.0,1.0,-0.0001,0.9535692082245134,-0.05484432917769788,0.0,1.0,-0.0001,0.9985864331070888,-0.07831928192723103
2022-02-02,20,0.523071792716878,1,1,0.0023053140014888123,0.5,1.0,0.0,0.0023053140014888123,0.9889739343819945,-0.09672755007644074,1.0,2.0,0.002105314001488812,0.9630570406623286,-0.08029481967538765,1.0,1.0,0.0022053140014888124,0.9556721277507996,-0.05275996414324691,1.0,1.0,0.0022053140014888124,1.0007886297497166,-0.076286686534763
2022-02-03,20,0.5000504773344266,1,1,0.01201888537307716,0.5,1.0,0.0,0.01201888537307716,1.000860298736293,-0.08587122204015085,1.0,0.0,0.01201888537307716,0.974631912841784,-0.06924098853604099,1.0,0.0,0.01201888537307716,0.9671582415084812,-0.04137519473149509,1.0,0.0,0.01201888537307716,1.0128169935733573,-0.06518468210263906
2022-02-04,20,0.4680976441831551,0,1,0.0016954011306149484,0.5,1.0,0.0,0.0016954011306149484,1.0025571584183581,-0.08432140707646996,-1.0,2.0,-0.0018954011306149484,0.9727845944122503,-0.07100515021869969,0.0,1.0,-0.0001,0.9670615256843303,-0.04147105721202193,0.0,1.0,-0.0001,1.012715711874,-0.06527816363442873
2022-02-07,20,0.4702681087592699,0,0,-0.0010641802908315512,0.5,1.0,0.0,-0.0010641802908315512,1.0014902568499373,-0.0852958541877955,-1.0,0.0,0.0010641802908315512,0.9738198126048484,-0.07001653220927839,0.0,0.0,-0.0,0.9670615256843303,-0.04147105721202193,0.0,0.0,-0.0,1.012715711874,-0.06527816363442873
2022-02-08,20,0.4737179730925674,0,0,-0.001895917178453499,0.5,1.0,0.0,-0.001895917178453499,0.9995915142679217,-0.08703005749104342,-1.0,0.0,0.001895917178453499,0.9756660943162841,-0.06825336057701636,0.0,0.0,-0.0,0.9670615256843303,-0.04147105721202193,0.0,0.0,-0.0,1.012715711874,-0.06527816363442873
2022-02-09,20,0.4760104191859489,0,1,2.2753724643775897e-05,0.5,1.0,0.0,2.2753724643775897e-05,0.9996142586979936,-0.08700928402436359,-1.0,0.0,-2.2753724643775897e-05,0.9756438942786299,-0.06827456128348752,0.0,0.0,0.0,0.9670615256843303,-0.04147105721202193,0.0,0.0,0.0,1.012715711874,-0.06527816363442873
2022-02-10,20,0.4908506644185651,0,0,-0.0005249937193843034,0.5,1.0,0.0,-0.0005249937193843034,0.9990894674903701,-0.08748859841610701,-1.0,0.0,0.0005249937193843034,0.9761561011954818,-0.06778541127997073,0.0,0.0,-0.0,0.9670615256843303,-0.04147105721202193,0.0,0.0,-0.0,1.012715711874,-0.06527816363442873
2022-02-11,20,0.4879297441539768,0,0,-0.004421035549465823,0.5,1.0,0.0,-0.004421035549465823,0.9946724574374983,-0.09152284376180231,-1.0,0.0,0.004421035549465823,0.980471722020695,-0.06366405744350889,0.0,0.0,-0.0,0.9670615256843303,-0.04147105721202193,0.0,0.0,-0.0,1.012715711874,-0.06527816363442873
2022-02-14,20,0.49577610807204,0,0,-0.005166933596931544,0.5,1.0,0.0,-0.005166933596931544,0.989533050899222,-0.0962168849024142,-1.0,0.0,0.005166933596931544,0.985537754302045,-0.058826071803899094,0.0,0.0,-0.0,0.9670615256843303,-0.04147105721202193,0.0,0.0,-0.0,1.012715711874,-0.06527816363442873
2022-02-15,20,0.5005286545420526,1,1,0.00446309909039444,0.5,1.0,0.0,0.00446309909039444,0.9939494349586057,-0.09218321130350826,1.0,2.0,0.00426309909039444,0.9897391994059594,-0.054813754086703415,1.0,1.0,0.00436309909039444,0.9712809109473991,-0.03728890045362698,1.0,1.0,0.00436309909039444,1.0171342908753056,-0.06119987964041029
2022-02-16,21,0.48745040889060204,0,1,0.0016266791759769195,0.5,1.0,0.0,0.0016266791759769195,0.9955662718064269,-0.09070648463773345,-1.0,2.0,-0.0018266791759769196,0.9879312634207565,-0.05654030611953298,0.0,1.0,-0.0001,0.9711837828563044,-0.037385171563581565,0.0,1.0,-0.0001,1.0170325774462181,-0.06129375965244621
2022-02-17,21,0.4992413923227597,0,0,-0.0007728770560625485,0.5,1.0,0.0,-0.0007728770560625485,0.994796821477158,-0.09140925673298339,-1.0,0.0,0.0007728770560625485,0.9886948128272213,-0.05581112776881303,0.0,0.0,-0.0,0.9711837828563044,-0.037385171563581565,0.0,0.0,-0.0,1.0170325774462181,-0.06129375965244621
2022-02-18,21,0.5056905778073496,1,0,-0.004334500659839645,0.5,1.0,0.0,-0.004334500659839645,0.9904848739980588,-0.09534754390919842,1.0,2.0,-0.004534500659839645,0.9842115755460762,-0.06009255283295867,1.0,1.0,-0.004434500659839646,0.9668770677304025,-0.0416538876554543,1.0,1.0,-0.004434500659839646,1.0125225458104545,-0.06545645309466297
2022-02-21,21,0.5110554883322354,1,0,-0.0006672941795093923,0.5,1.0,0.0,-0.0006672941795093923,0.9898239292067479,-0.09595121322762667,1.0,0.0,-0.0006672941795093923,0.9835548168903085,-0.06071974760173071,1.0,0.0,-0.0006672941795093923,0.9662318762908049,-0.04229338643817726,1.0,0.0,-0.0006672941795093923,1.0118468954090132,-0.06608006856401105
2022-02-22,21,0.5082825013558017,1,1,0.0017219991211343548,0.5,1.0,0.0,0.0017219991211343548,0.9915284051429196,-0.09439444201134217,1.0,0.0,0.0017219991211343548,0.9852484974205811,-0.05910230783260206,1.0,0.0,0.0017219991211343548,0.9678957267325896,-0.04064421649131933,1.0,0.0,0.0017219991211343548,1.01358929487363,-0.06447185926286836
2022-02-23,21,0.5077235855674052,1,0,-0.0020689076079442037,0.5,1.0,0.0,-0.0020689076079442037,0.9894770244820267,-0.0962680562400614,1.0,0.0,-0.0020689076079442037,0.983210109308552,-0.06104893822622437,1.0,0.0,-0.0020689076079442037,0.9658932398998559,-0.04262903497054571,1.0,0.0,-0.0020689076079442037,1.0114922722701352,-0.06640738055068529
2022-02-24,21,0.5093286987788064,1,0,-0.010172287699242834,0.5,1.0,0.0,-0.010172287699242834,0.9794117795172047,-0.10546107757498346,1.0,0.0,-0.010172287699242834,0.9732086132078615,-0.07060021856209675,1.0,0.0,-0.010172287699242834,0.9560678959768407,-0.052367687861727075,1.0,0.0,-0.010172287699242834,1.0012030818710425,-0.07590415326961353
2022-02-25,21,0.5099701147693916,1,0,-0.0008610449440320522,0.5,1.0,0.0,-0.0008610449440320522,0.978568461956326,-0.10623131579137746,1.0,0.0,-0.0008610449440320522,0.9723706368519703,-0.07140047354488832,1.0,0.0,-0.0008610449440320522,0.9552446785488585,-0.05318364187289515,1.0,0.0,-0.0008610449440320522,1.000341001019448,-0.07669984132624186
2022-02-28,21,0.5124102843381638,1,1,0.0031181271875186933,0.5,1.0,0.0,0.0031181271875186933,0.9816197628824004,-0.10344443135779369,1.0,0.0,0.0031181271875186933,0.9754026121710834,-0.06850498211513167,1.0,0.0,0.0031181271875186933,0.9582232529517742,-0.0502313480450316,1.0,0.0,0.0031181271875186933,1.0034601914915164,-0.07382087399924075
2022-03-01,21,0.5066770520195832,1,0,-0.007414391565838674,0.5,1.0,0.0,-0.007414391565838674,0.9743416495916245,-0.11009184540424022,1.0,0.0,-0.007414391565838674,0.9681705952701051,-0.07541145091935797,1.0,0.0,-0.007414391565838674,0.9511186105468981,-0.05727330472758452,1.0,0.0,-0.007414391565838674,0.9960201447110669,-0.08068792869951658
2022-03-02,21,0.5640488835574446,1,0,-0.0018336334242975427,0.5,1.0,0.0,-0.0018336334242975427,0.9725550641762482,-0.11172361074106185,1.0,0.0,-0.0018336334242975427,0.9663953253061958,-0.07710680738667497,1.0,0.0,-0.0018336334242975427,0.9493746076721278,-0.05900191990601367,1.0,0.0,-0.0018336334242975427,0.994193808882451,-0.08237361004081345
2022-03-03,21,0.5215557875115128,1,0,-0.00409463455796899,0.5,1.0,0.0,-0.00409463455796899,0.9685728066009444,-0.11536077794154942,1.0,0.0,-0.00409463455796899,0.9624382896105373,-0.0808857177464638,1.0,0.0,-0.00409463455796899,0.9454872655950952,-0.06285496316374894,1.0,0.0,-0.00409463455796899,0.9901229485552822,-0.08613095476844457
2022-03-04,21,0.5180359616898595,1,0,-0.01737752681034888,0.5,1.0,0.0,-0.01737752681034888,0.9517414066864616,-0.13073361974035635,1.0,0.0,-0.01737752681034888,0.945713492429524,-0.09685765082809916,1.0,0.0,-0.01737752681034888,0.929057035288373,-0.07914022616655625,1.0,0.0,-0.01737752681034888,0.9729170604712211,-0.10201173860310386
2022-03-07,21,0.5413155437034923,1,0,-0.0008476009724390775,0.5,1.0,0.0,-0.0008476009724390775,0.9509347097446436,-0.131470410769573,1.0,0.0,-0.0008476009724390775,0.9449119047536919,-0.09762315516150821,1.0,0.0,-0.0008476009724390775,0.9282695656418112,-0.07992074780633762,1.0,0.0,-0.0008476009724390775,0.972092415024663,-0.10277287432670279
2022-03-08,21,0.5440772539665236,1,1,0.003029792687134769,0.5,1.0,0.0,0.003029792687134769,0.9538158447741705,-0.12883894617156255,1.0,0.0,0.003029792687134769,0.9477747919327012,-0.09488914039597685,1.0,0.0,0.003029792687134769,0.9310820299834826,-0.07713309841645677,1.0,0.0,0.003029792687134769,0.9750376535149239,-0.10005446214263891
2022-03-09,21,0.5369212342576324,1,1,0.016112381181566663,0.5,1.0,0.0,0.016112381181566663,0.9691840892421899,-0.11480246720174347,1.0,0.0,0.016112381181566663,0.9630457006546009,-0.08030564921446137,1.0,0.0,0.016112381181566663,0.9460839785618833,-0.06226351511829131,1.0,0.0,0.016112381181566663,0.9907478318547367,-0.08555419659403107
2022-03-10,21,0.49448150102432964,0,0,-0.005407776023448663,0.5,1.0,0.0,-0.005407776023448663,0.963942958762078,-0.11958941719562577,-1.0,2.0,0.005207776023448663,0.9680610269639552,-0.07551608702553925,0.0,1.0,-0.0001,0.9459893701640272,-0.062357288766779484,0.0,1.0,-0.0001,0.9906487570715512,-0.08564564117437168
2022-03-11,21,0.5075487945238693,1,0,-0.00743389608975531,0.5,1.0,0.0,-0.00743389608975531,0.9567771069701895,-0.12613429798451448,1.0,2.0,-0.007633896089755309,0.9606709496755707,-0.08257350115383666,1.0,1.0,-0.00753389608975531,0.9388623845471983,-0.06942139152252702,1.0,1.0,-0.00753389608975531,0.9831853122743289,-0.0925342919029788
2022-03-14,21,0.5186403679431515,1,1,0.0010177217492250976,0.5,1.0,0.0,0.0010177217492250976,0.9577508398411138,-0.1252449458536714,1.0,0.0,0.0010177217492250976,0.9616486453949042,-0.08163981625264538,1.0,0.0,0.0010177217492250976,0.9398178852154813,-0.06847432143331589,1.0,0.0,0.0010177217492250976,0.9841859213501492,-0.09161074431517258
2022-03-15,21,0.49817783922188325,0,1,0.0023914422685595853,0.5,1.0,0.0,0.0023914422685595853,0.9600412456822582,-0.12315301964254965,-1.0,2.0,-0.0025914422685595854,0.9591565884477249,-0.08401969365057038,0.0,1.0,-0.0001,0.9397239034269598,-0.06856747400117258,0.0,1.0,-0.0001,0.9840875027580142,-0.09170158324074096
2022-03-16,21,0.4840723538427218,0,1,0.004794404206408531,0.5,1.0,0.0,0.004794404206408531,0.964644071468883,-0.11894906079154732,-1.0,0.0,-0.004794404206408531,0.9545580040654666,-0.08841127348431954,0.0,0.0,0.0,0.9397239034269598,-0.06856747400117258,0.0,0.0,0.0,0.9840875027580142,-0.09170158324074096
2022-03-17,21,0.47928215666129687,0,1,0.007037183889137211,0.5,1.0,0.0,0.007037183889137211,0.9714324491873755,-0.11274894331664043,-1.0,0.0,-0.007037183889137211,0.9478406038580102,-0.0948262909840748,0.0,0.0,0.0,0.9397239034269598,-0.06856747400117258,0.0,0.0,0.0,0.9840875027580142,-0.09170158324074096
2022-03-18,21,0.4636135041287271,0,0,-0.005079824821331403,0.5,1.0,0.0,-0.005079824821331403,0.9664977425197467,-0.11725602325713302,-1.0,0.0,0.005079824821331403,0.9526554680841539,-0.09022816710939896,0.0,0.0,-0.0,0.9397239034269598,-0.06856747400117258,0.0,0.0,-0.0,0.9840875027580142,-0.09170158324074096
2022-03-21,21,0.4824195724968295,0,0,-0.002346698435271688,0.5,1.0,0.0,-0.002346698435271688,0.964229663779682,-0.119327557166101,-1.0,0.0,0.002346698435271688,0.9548910631804599,-0.0880932069727004,0.0,0.0,-0.0,0.9397239034269598,-0.06856747400117258,0.0,0.0,-0.0,0.9840875027580142,-0.09170158324074096
2022-03-22,21,0.4925889439625772,0,1,0.001136020092807666,0.5,1.0,0.0,0.001136020092807666,0.9653250480518168,-0.11832709557585974,-1.0,0.0,-0.001136020092807666,0.9538062877462444,-0.08912915141234723,0.0,0.0,0.0,0.9397239034269598,-0.06856747400117258,0.0,0.0,0.0,0.9840875027580142,-0.09170158324074096
2022-03-23,21,0.483564374546077,0,0,-0.0021242026269255865,0.5,1.0,0.0,-0.0021242026269255865,0.9632745020489081,-0.12019994747552665,-1.0,0.0,0.0021242026269255865,0.9558323655682532,-0.08719427716298733,0.0,0.0,-0.0,0.9397239034269598,-0.06856747400117258,0.0,0.0,-0.0,0.9840875027580142,-0.09170158324074096
2022-03-24,21,0.49399559285109645,0,1,0.00029731091215534633,0.5,1.0,0.0,0.00029731091215534633,0.9635608940697682,-0.11993837331939627,-1.0,0.0,-0.00029731091215534633,0.9555481861757785,-0.08746566426506464,0.0,0.0,0.0,0.9397239034269598,-0.06856747400117258,0.0,0.0,0.0,0.9840875027580142,-0.09170158324074096
2022-03-25,21,0.4945937618492714,0,0,-0.0025148600444545584,0.5,1.0,0.0,-0.0025148600444545584,0.9611376732768733,-0.12215160514099299,-1.0,0.0,0.0025148600444545584,0.9579512561297429,-0.08517076812493218,0.0,0.0,-0.0,0.9397239034269598,-0.06856747400117258,0.0,0.0,-0.0,0.9840875027580142,-0.09170158324074096
2022-03-28,21,0.5062764103387749,1,1,0.0010883301611175344,0.5,1.0,0.0,0.0010883301611175344,0.9621837083956868,-0.12119621625597932,1.0,2.0,0.0008883301611175345,0.9588022331234434,-0.08435809772598546,1.0,1.0,0.0009883301611175344,0.9406526609038397,-0.06764691114268206,1.0,1.0,0.0009883301611175344,0.9850601061181687,-0.09080388452016253
2022-03-29,21,0.5022039367600611,1,1,0.008884330857017899,0.5,1.0,0.0,0.008884330857017899,0.9707320668063065,-0.11338863268279831,1.0,0.0,0.008884330857017899,0.9673205493889596,-0.07622323211963389,1.0,0.0,0.008884330857017899,0.9490097303648437,-0.059363577825711,1.0,0.0,0.008884330857017899,0.9938117060149717,-0.08272628541632421
2022-03-30,21,0.4834867249704972,0,1,0.006339906610299595,0.5,1.0,0.0,0.006339906610299595,0.9768864174534816,-0.10776759941437719,-1.0,2.0,-0.0065399066102995946,0.9609943633337321,-0.08226464591033589,0.0,1.0,-0.0001,0.9489148293918073,-0.059457641467928424,0.0,1.0,-0.0001,0.9937123248443702,-0.08281801278778256
2022-03-31,21,0.47173432116803504,0,0,-0.008016361027705641,0.5,1.0,0.0,-0.008016361027705641,0.9690553432481125,-0.114920056458088,-1.0,0.0,0.008016361027705641,0.9686980410958054,-0.07490774798406397,0.0,0.0,-0.0,0.9489148293918073,-0.059457641467928424,0.0,0.0,-0.0,0.9937123248443702,-0.08281801278778256
2022-04-01,21,0.5381333058762824,1,0,-0.0022647094954257874,0.5,1.0,0.0,-0.0022647094954257874,0.9668607144106653,-0.11692450541043842,1.0,2.0,-0.0024647094954257875,0.9663104818357162,-0.07718783164175247,1.0,1.0,-0.002364709495425787,0.9466709214843941,-0.0616817509139993,1.0,1.0,-0.002364709495425787,0.9913624838740891,-0.08498688174197677
2022-04-04,21,0.5046865728269974,1,0,-0.00646478327922817,0.5,1.0,0.0,-0.00646478327922817,0.9606101694308007,-0.12263339710215715,1.0,0.0,-0.00646478327922817,0.9600634939902017,-0.0831536123176232,1.0,0.0,-0.00646478327922817,0.9405508991402503,-0.06774777504128515,1.0,0.0,-0.00646478327922817,0.9849535402646857,-0.09090224324916574
2022-04-05,21,0.5079038486918566,1,0,-0.00632579512039566,0.5,1.0,0.0,-0.00632579512039566,0.9545335463084129,-0.1281834384775664,1.0,0.0,-0.00632579512039566,0.9539903290246485,-0.0889533947229767,1.0,0.0,-0.00632579512039566,0.9346011668519851,-0.07364501161690695,1.0,0.0,-0.00632579512039566,0.978722925965863,-0.09665300940278276
2022-04-06,21,0.5079861015883008,1,0,-0.0007518871777932867,0.5,1.0,0.0,-0.0007518871777932867,0.95381584477417,-0.128838946171563,1.0,0.0,-0.0007518871777932867,0.9532730359285161,-0.08963839898385662,1.0,0.0,-0.0007518871777932867,0.9338984522182785,-0.07434152605475708,1.0,0.0,-0.0007518871777932867,0.9779870367472169,-0.09733222442211098
2022-04-07,21,0.5022380581467477,1,0,-0.003063956858927353,0.5,1.0,0.0,-0.003063956858927353,0.9508933941744206,-0.13150814605767092,1.0,0.0,-0.003063956858927353,0.9503522484716524,-0.0924277076553941,1.0,0.0,-0.003063956858927353,0.9310370276500627,-0.07717770368502586,1.0,0.0,-0.003063956858927353,0.9749905266580332,-0.10009795954442557
2022-04-08,21,0.5106321230476282,1,1,0.0018505415077689769,0.5,1.0,0.0,0.0018505415077689769,0.9526530618698037,-0.12990096583279143,1.0,0.0,0.0018505415077689769,0.9521109147544509,-0.09074820745710932,1.0,0.0,0.0018505415077689769,0.932759950314999,-0.07546998272140026,1.0,0.0,0.0018505415077689769,0.9767947870972954,-0.09843265346563657
2022-04-11,21,0.5132343300605023,1,0,-0.000641882475600819,0.5,1.0,0.0,-0.000641882475600819,0.952041570564062,-0.13045946715486056,1.0,0.0,-0.000641882475600819,0.9514997714434417,-0.09133184024865126,1.0,0.0,-0.000641882475600819,0.9321612280489495,-0.07606342233765828,1.0,0.0,-0.000641882475600819,0.9761677996411994,-0.09901135374595094
2022-04-12,21,0.503816683412045,1,0,-0.004763457779174639,0.5,1.0,0.0,-0.004763457779174639,0.947506560738661,-0.13460148677034944,1.0,0.0,-0.004763457779174639,0.9469673424552765,-0.09566024266290718,1.0,0.0,-0.004763457779174639,0.9277209173957548,-0.08046455521598794,1.0,0.0,-0.004763457779174639,0.9715178655422188,-0.1033031751218978
2022-04-13,21,0.5195107317002017,1,1,0.006505222026846002,0.5,1.0,0.0,0.006505222026846002,0.9536703012881592,-0.1289718773000882,1.0,0.0,0.006505222026846002,0.9531275752701204,-0.08977731175372528,1.0,0.0,0.006505222026846002,0.9337559479423635,-0.07448277298611328,1.0,0.0,0.006505222026846002,0.9778378049606185,-0.09746996318529777
2022-04-14,21,0.4989034964077526,0,0,-0.006936226472684549,0.5,1.0,0.0,-0.006936226472684549,0.9470554280981512,-0.135013525623212,-1.0,2.0,0.006736226472684549,0.9595480584745005,-0.08364584558512278,0.0,1.0,-0.0001,0.9336625723475692,-0.07457532470881467,0.0,1.0,-0.0001,0.9777400211801224,-0.09756021618897925
2022-04-15,21,0.5167281215510593,1,0,-0.0005298930750686771,0.5,1.0,0.0,-0.0005298930750686771,0.9465535899850959,-0.1354718759660123,1.0,2.0,-0.0007298930750686771,0.9588476909914244,-0.08431468613674054,1.0,1.0,-0.0006298930750686772,0.9330744647587967,-0.07515824330327825,1.0,1.0,-0.0006298930750686772,0.9771241495115636,-0.09812865675946825
2022-04-18,21,0.5143368516576458,1,0,-0.003094408560028627,0.5,1.0,0.0,-0.003094408560028627,0.9436245664537202,-0.13814707919340852,1.0,0.0,-0.003094408560028627,0.9558806244886568,-0.08714819061025159,1.0,0.0,-0.003094408560028627,0.930187151147903,-0.07802008155187257,1.0,0.0,-0.003094408560028627,0.9741005281791043,-0.10091941516403635
2022-04-19,21,0.5134162792748517,1,1,0.001176526651407883,0.5,1.0,0.0,0.001176526651407883,0.9447347659050762,-0.13713308626248588,1.0,0.0,0.001176526651407883,0.9570052435189321,-0.0860741961277186,1.0,0.0,0.001176526651407883,0.9312815411220257,-0.07693534760575538,1.0,0.0,0.001176526651407883,0.9752465834116575,-0.09986162289421341
2022-04-20,21,0.5074596547040437,1,1,0.00513204771696718,0.5,1.0,0.0,0.00513204771696718,0.9495831898035789,-0.13270481208779272,1.0,0.0,0.00513204771696718,0.9619166400940591,-0.08138388529247853,1.0,0.0,0.00513204771696718,0.9360609224289946,-0.07219813576382239,1.0,0.0,0.00513204771696718,0.9802515954135353,-0.09524206979103311
2022-04-21,21,0.4950296293848348,0,0,-0.00135438752007766,0.5,1.0,0.0,-0.00135438752007766,0.9482970861820335,-0.13387946586652433,-1.0,2.0,0.00115438752007766,0.9630270646587388,-0.08032344631391786,0.0,1.0,-0.0001,0.9359673163367518,-0.07229091595024606,0.0,1.0,-0.0001,0.980153570253994,-0.09533254558405402
2022-04-22,21,0.5049556334496547,1,0,-0.002227037703191659,0.5,1.0,0.0,-0.002227037703191659,0.9461851928172793,-0.13580834895154803,1.0,2.0,-0.002427037703191659,0.9606897616636181,-0.08255553598445531,1.0,1.0,-0.0023270377031916587,0.9337892851026811,-0.07444972996642307,1.0,1.0,-0.0023270377031916587,0.977872715941095,-0.09743774085933032
2022-04-25,21,0.5117195935235175,1,0,-0.008957144158284079,0.5,1.0,0.0,-0.008957144158284079,0.9377100756447811,-0.14354903815037456,1.0,0.0,-0.008957144158284079,0.9520847249770095,-0.09077321830586216,1.0,0.0,-0.008957144158284079,0.9254251998625553,-0.08274001716085266,1.0,0.0,-0.008957144158284079,0.9691137690559579,-0.10552212112627979
2022-04-26,21,0.5111386134304352,1,0,-0.006588426666132573,0.5,1.0,0.0,-0.006588426666132573,0.9315320415773019,-0.1491917025056595,1.0,0.0,-0.006588426666132573,0.9458119845865535,-0.0967635922799377,1.0,0.0,-0.006588426666132573,0.9193281037982698,-0.08878331729156641,1.0,0.0,-0.006588426666132573,0.9627288340573934,-0.1114153230357171
2022-04-27,21,0.5092621340976525,1,0,-0.008317396565946322,0.5,1.0,0.0,-0.008317396565946322,0.9237841201736179,-0.15626821251751755,1.0,0.0,-0.008317396565946322,0.9379452912339223,-0.10427616767574632,1.0,0.0,-0.008317396565946322,0.9116816873847601,-0.09636226779915857,1.0,0.0,-0.008317396565946322,0.9547214365590669,-0.11880603417645241
2022-04-28,21,0.5194889634700701,1,0,-0.004821411811928078,0.5,1.0,0.0,-0.004821411811928078,0.9193301765049412,-0.16033619092378482,1.0,0.0,-0.004821411811928078,0.9334230707278248,-0.10859482114113994,1.0,0.0,-0.004821411811928078,0.9072860945284846,-0.10071907743489561,1.0,0.0,-0.004821411811928078,0.9501183313477402,-0.1230546331718737
2022-04-29,21,0.5580267083984635,1,1,0.003023867615768116,0.5,1.0,0.0,0.003023867615768116,0.9221101092538728,-0.15779715872338673,1.0,0.0,0.003023867615768116,0.9362456185232095,-0.10589932988826056,1.0,0.0,0.003023867615768116,0.910029607567966,-0.09799977097567303,1.0,0.0,0.003023867615768116,0.9529913634010502,-0.12040286647632437
2022-05-02,21,0.5177386147573292,1,0,-0.002553798236022531,0.5,1.0,0.0,-0.002553798236022531,0.9197552260834417,-0.15994797485381218,1.0,0.0,-0.002553798236022531,0.9338546361141411,-0.10818268260241859,1.0,0.0,-0.002553798236022531,0.9077055755614307,-0.10030329756944723,1.0,0.0,-0.002553798236022531,0.9505576157382518,-0.12264918008432757
2022-05-03,21,0.5224711818619805,1,1,0.0018530708557986666,0.5,1.0,0.0,0.0018530708557986666,0.9214595976873655,-0.1583912989286591,1.0,0.0,0.0018530708557986666,0.9355851349238767,-0.10653008192285252,1.0,0.0,0.0018530708557986666,0.9093876183091496,-0.09863609583111488,1.0,0.0,0.0018530708557986666,0.9523190663527339,-0.12102338684963077
2022-05-04,21,0.5189386096023675,1,1,0.00892292129969152,0.5,1.0,0.0,0.00892292129969152,0.9296817091583753,-0.15088169072386381,1.0,0.0,0.00892292129969152,0.9439332874519638,-0.09855772016020825,1.0,0.0,0.00892292129969152,0.917502012458236,-0.09059329665183324,1.0,0.0,0.00892292129969152,0.9608165344339951,-0.11318034770622065
2022-05-05,21,0.48998339593804663,0,0,-0.0077888804347093785,0.5,1.0,0.0,-0.0077888804347093785,0.9224405294834045,-0.15749537170973826,-1.0,2.0,0.007588880434709379,0.9510966843087788,-0.09171678247971238,0.0,1.0,-0.0001,0.9174102622569902,-0.09068423732216813,0.0,1.0,-0.0001,0.9607204527805516,-0.11326902967145003
2022-05-06,21,0.5220691235679549,1,0,-0.0007161781962646829,0.5,1.0,0.0,-0.0007161781962646829,0.9217798976888376,-0.1580987551547718,1.0,2.0,-0.0009161781962646829,0.9502253102640755,-0.09254893175963752,1.0,1.0,-0.000816178196264683,0.9166614920039066,-0.0914264010211856,1.0,1.0,-0.000816178196264683,0.9599363336942867,-0.11399276015538473
2022-05-09,21,0.5159513225030286,1,1,0.003190816388782825,0.5,1.0,0.0,0.003190816388782825,0.9247211280932337,-0.15541240286498303,1.0,0.0,0.003190816388782825,0.9532573047571024,-0.08965342201907767,1.0,0.0,0.003190816388782825,0.9195863905155588,-0.08852730949114851,1.0,0.0,0.003190816388782825,0.9629993142800265,-0.11116567373390829
2022-05-10,21,0.5031332084607469,1,0,-0.003107217974838483,0.5,1.0,0.0,-0.003107217974838483,0.9218478179823095,-0.15803672062812657,1.0,0.0,-0.003107217974838483,0.950295326525115,-0.0924820672695128,1.0,0.0,-0.003107217974838483,0.916729035153532,-0.09135945381867205,1.0,0.0,-0.003107217974838483,0.9600070655009385,-0.11392747572913575
2022-05-11,22,0.5210596457936376,1,0,-0.0019448387415861301,0.5,1.0,0.0,-0.0019448387415861301,0.9200549726320509,-0.1596742034328419,1.0,0.0,-0.0019448387415861301,0.9484471553581406,-0.0942470433037712,1.0,0.0,-0.0019448387415861301,0.9149461450104285,-0.09312661315506154,1.0,0.0,-0.0019448387415861301,0.9581400065677559,-0.11565074390219265
2022-05-12,22,0.5115761757416768,1,0,-0.01264227176699917,0.5,1.0,0.0,-0.01264227176699917,0.9084233876274576,-0.1702978305258639,1.0,0.0,-0.01264227176699917,0.9364566286634657,-0.10569781833608805,1.0,0.0,-0.01264227176699917,0.9033791471930385,-0.10459155296981415,1.0,0.0,-0.01264227176699917,0.946026940213892,-0.1268309275347247
2022-05-13,22,0.5105055814713136,1,1,0.0020281326891944396,0.5,1.0,0.0,0.0020281326891944396,0.9102657907955336,-0.1686150844336578,1.0,0.0,0.0020281326891944396,0.9383558869640709,-0.10388405484743746,1.0,0.0,0.0020281326891944396,0.9052113199721973,-0.10277554582821136,1.0,0.0,0.0020281326891944396,0.9479456083761983,-0.12506002479566436
2022-05-16,22,0.5109209425203325,1,1,0.003684947636492853,0.5,1.0,0.0,0.003684947636492853,0.9136200725699059,-0.16555147455402586,1.0,0.0,0.003684947636492853,0.9418136792719283,-0.1005819145133241,1.0,0.0,0.003684947636492853,0.9085469762862554,-0.09946932069640746,1.0,0.0,0.003684947636492853,0.951438738305308,-0.12183591680196193
2022-05-17,22,0.4959338416490608,0,1,0.010431853616484466,0.5,1.0,0.0,0.010431853616484466,0.923150823428037,-0.1568466296860822,-1.0,2.0,-0.010631853616484466,0.9318004540999065,-0.1101443959382371,0.0,1.0,-0.0001,0.9084561215886268,-0.09955937376433788,0.0,1.0,-0.0001,0.9513435944314775,-0.12192373321028172
2022-05-18,22,0.4706167667593206,0,0,-0.007121462112616772,0.5,1.0,0.0,-0.007121462112616772,0.9165766398147632,-0.1628511144678979,-1.0,0.0,0.007121462112616772,0.9384362357302981,-0.10380732296821149,0.0,0.0,-0.0,0.9084561215886268,-0.09955937376433788,0.0,0.0,-0.0,0.9513435944314775,-0.12192373321028172
2022-05-19,22,0.4865289699746013,0,1,0.010145163935909808,0.5,1.0,0.0,0.010145163935909808,0.9258754600855094,-0.15435810178541054,-1.0,0.0,-0.010145163935909808,0.9289156462754161,-0.11289934459486084,0.0,0.0,0.0,0.9084561215886268,-0.09955937376433788,0.0,0.0,0.0,0.9513435944314775,-0.12192373321028172
2022-05-20,22,0.46603650216304743,0,0,-0.000866660100889094,0.5,1.0,0.0,-0.000866660100889094,0.9250730407658609,-0.15509098587823322,-1.0,0.0,0.000866660100889094,0.9297207004031346,-0.11213052985134875,0.0,0.0,-0.0,0.9084561215886268,-0.09955937376433788,0.0,0.0,-0.0,0.9513435944314775,-0.12192373321028172
2022-05-23,22,0.479007247253384,0,1,0.010617928594331525,0.5,1.0,0.0,0.010617928594331525,0.934895400257254,-0.14611980229758126,-1.0,0.0,-0.010617928594331525,0.9198489923935822,-0.1215578644864741,0.0,0.0,0.0,0.9084561215886268,-0.09955937376433788,0.0,0.0,0.0,0.9513435944314775,-0.12192373321028172
2022-05-24,22,0.4364453085583896,0,1,0.005099795195760314,0.5,1.0,0.0,0.005099795195760314,0.9396631753280243,-0.14176518816758366,-1.0,0.0,-0.005099795195760314,0.9151579509213484,-0.12603773946891939,0.0,0.0,0.0,0.9084561215886268,-0.09955937376433788,0.0,0.0,0.0,0.9513435944314775,-0.12192373321028172
2022-05-25,22,0.4351715910867233,0,0,-0.004648668454274474,0.5,1.0,0.0,-0.004648668454274474,0.9352949927672336,-0.14575483726370908,-1.0,0.0,0.004648668454274474,0.9194122168184751,-0.1219749786781621,0.0,0.0,-0.0,0.9084561215886268,-0.09955937376433788,0.0,0.0,-0.0,0.9513435944314775,-0.12192373321028172
2022-05-26,22,0.4414036730029192,0,1,0.00433617540672837,0.5,1.0,0.0,0.00433617540672837,0.939350595912907,-0.14205068039773538,-1.0,0.0,-0.00433617540672837,0.9154254841752612,-0.12578224918211,0.0,0.0,0.0,0.9084561215886268,-0.09955937376433788,0.0,0.0,0.0,0.9513435944314775,-0.12192373321028172
2022-05-27,22,0.4415868916524988,0,0,-0.00013950201778112348,0.5,1.0,0.0,-0.00013950201778112348,0.9392195546093733,-0.14217036605897382,-1.0,0.0,0.00013950201778112348,0.9155531878774318,-0.12566029404189094,0.0,0.0,-0.0,0.9084561215886268,-0.09955937376433788,0.0,0.0,-0.0,0.9513435944314775,-0.12192373321028172
2022-05-30,22,0.4493910730597797,0,1,0.003921486730240842,0.5,1.0,0.0,0.003921486730240842,0.9429026916295568,-0.13880639853266663,-1.0,0.0,-0.003921486730240842,0.9119628582003407,-0.12908900559652836,0.0,0.0,0.0,0.9084561215886268,-0.09955937376433788,0.0,0.0,0.0,0.9513435944314775,-0.12192373321028172
2022-05-31,22,0.5061018627732247,1,0,-0.0036603042876901526,0.5,1.0,0.0,-0.0036603042876901526,0.9394513808645105,-0.14195862916464885,1.0,2.0,-0.0038603042876901527,0.9084424040686158,-0.13245098704242053,1.0,1.0,-0.0037603042876901524,0.9050400501394387,-0.10294530451198225,1.0,1.0,-0.0037603042876901524,0.9477662530342703,-0.12522556716121003
2022-06-01,22,0.47133733336883354,0,0,-0.0074472314707665355,0.5,1.0,0.0,-0.0074472314707665355,0.9324550689756813,-0.14834866186475348,-1.0,2.0,0.007247231470766536,0.9150260964487607,-0.12616365853328193,0.0,1.0,-0.0001,0.9049495461344247,-0.10303500998153103,0.0,1.0,-0.0001,0.9476714764089669,-0.12531304460449388
2022-06-02,22,0.4798592800683848,0,1,0.0090954131655403,0.5,1.0,0.0,0.0090954131655403,0.9409361330863175,-0.1406025410714281,-1.0,0.0,-0.0090954131655403,0.9067035560443076,-0.13411156109798594,0.0,0.0,0.0,0.9049495461344247,-0.10303500998153103,0.0,0.0,0.0,0.9476714764089669,-0.12531304460449388
2022-06-03,22,0.43381488815476005,0,0,-0.0023275099568660362,0.5,1.0,0.0,-0.0023275099568660362,0.938746094867784,-0.14260279721398983,-1.0,0.0,0.0023275099568660362,0.9088139175989266,-0.13209619713490628,0.0,0.0,-0.0,0.9049495461344247,-0.10303500998153103,0.0,0.0,-0.0,0.9476714764089669,-0.12531304460449388
2022-06-06,22,0.48707614257205056,0,0,-0.0032288394982695756,0.5,1.0,0.0,-0.0032288394982695756,0.9357150343978287,-0.14537119516805108,-1.0,0.0,0.0032288394982695756,0.9117483318726471,-0.12929387505551704,0.0,0.0,-0.0,0.9049495461344247,-0.10303500998153103,0.0,0.0,-0.0,0.9476714764089669,-0.12531304460449388
2022-06-07,22,0.49662615332145504,0,1,0.00067401764019559,0.5,1.0,0.0,0.00067401764019559,0.9363457228372091,-0.14479516027777506,-1.0,0.0,-0.00067401764019559,0.911133797413546,-0.12988074634315605,0.0,0.0,0.0,0.9049495461344247,-0.10303500998153103,0.0,0.0,0.0,0.9476714764089669,-0.12531304460449388
2022-06-08,22,0.49666900209677395,0,1,0.0017791217108895643,0.5,1.0,0.0,0.0017791217108895643,0.9380115958416073,-0.1432736467801674,-1.0,0.0,-0.0017791217108895643,0.9095127794930423,-0.13142879439839994,0.0,0.0,0.0,0.9049495461344247,-0.10303500998153103,0.0,0.0,0.0,0.9476714764089669,-0.12531304460449388
2022-06-09,22,0.4943808715262746,0,0,-0.009185684635764857,0.5,1.0,0.0,-0.009185684635764857,0.9293953171375158,-0.15114326487999374,-1.0,0.0,0.009185684635764857,0.9178672770576635,-0.12345037322003749,0.0,0.0,-0.0,0.9049495461344247,-0.10303500998153103,0.0,0.0,-0.0,0.9476714764089669,-0.12531304460449388
2022-06-10,22,0.5135969301711194,1,0,-0.012168340155825576,0.5,1.0,0.0,-0.012168340155825576,0.9180861187793551,-0.1614724423764975,1.0,2.0,-0.012368340155825577,0.9065147823571129,-0.13429183716751403,1.0,1.0,-0.012268340155825576,0.8938473172785876,-0.11403928158694432,1.0,1.0,-0.012268340155825576,0.9360451203804082,-0.13604400170314945
2022-06-13,22,0.510123927071802,1,0,-0.007134383580962855,0.5,1.0,0.0,-0.007134383580962855,0.9115361402476257,-0.16745481961579145,1.0,0.0,-0.007134383580962855,0.9000473581779642,-0.14046813127033164,1.0,0.0,-0.007134383580962855,0.8874702676543075,-0.1203600651897686,1.0,0.0,-0.007134383580962855,0.9293670154425259,-0.14220779519207283
2022-06-14,22,0.5271255012969651,1,1,0.002443097685335127,0.5,1.0,0.0,0.002443097685335127,0.913763112081964,-0.16542083041265787,1.0,0.0,0.002443097685335127,0.9022462617954208,-0.13836821095136642,1.0,0.0,0.002443097685335127,0.8896384442110175,-0.1182110189011053,1.0,0.0,0.002443097685335127,0.9316375498467803,-0.1401121250420081
2022-06-15,22,0.5111982068929679,1,1,0.001495283736254516,0.5,1.0,0.0,0.001495283736254516,0.9151294472022495,-0.1641728977537571,1.0,0.0,0.001495283736254516,0.9035953759567799,-0.1370798269505621,1.0,0.0,0.001495283736254516,0.890968706107793,-0.11689249417885972,1.0,0.0,0.001495283736254516,0.9330306123231502,-0.13882634868758092
2022-06-16,22,0.49994167750579716,0,1,0.008669524471857093,0.5,1.0,0.0,0.008669524471857093,0.9230631843396865,-0.1569266742365919,-1.0,2.0,-0.008869524471857093,0.8955809146570743,-0.14473351854268324,0.0,1.0,-0.0001,0.8908796092371822,-0.11698080492944174,0.0,1.0,-0.0001,0.9329373092619179,-0.13891246605271224
2022-06-17,22,0.47852866403147654,0,0,-0.005256267333593855,0.5,1.0,0.0,-0.005256267333593855,0.9182113174769987,-0.16135809301862647,-1.0,0.0,0.005256267333593855,0.9002883273633764,-0.14023800927468144,0.0,0.0,-0.0,0.8908796092371822,-0.11698080492944174,0.0,0.0,-0.0,0.9329373092619179,-0.13891246605271224
2022-06-20,22,0.5144271235776302,1,1,0.0027985968155990197,0.5,1.0,0.0,0.0027985968155990197,0.9207810207461368,-0.15901107244832047,1.0,2.0,0.0025985968155990196,0.9026278137439838,-0.13800383450340958,1.0,1.0,0.00269859681559902,0.8932837341137518,-0.1145978921415115,1.0,1.0,0.00269859681559902,0.9354549309138456,-0.13658873797565008
2022-06-21,22,0.5044217001381046,1,1,0.0011269656037542486,0.5,1.0,0.0,0.0011269656037542486,0.9218187092851073,-0.15806330685383163,1.0,0.0,0.0011269656037542486,0.9036450442430651,-0.1370323944743269,1.0,0.0,0.0011269656037542486,0.8942904341564912,-0.11360007442046349,1.0,0.0,0.0011269656037542486,0.9365091564448478,-0.13561570318145455
2022-06-22,22,0.49913387316767993,0,1,0.002989672811067656,0.5,1.0,0.0,0.002989672811067656,0.9245746456169905,-0.15554619161369232,-1.0,2.0,-0.003189672811067656,0.900762712214587,-0.1397849787825043,0.0,1.0,-0.0001,0.8942010051130755,-0.11368871441302142,0.0,1.0,-0.0001,0.9364155055292033,-0.13570214161113647
2022-06-23,22,0.4833998167082172,0,0,-0.00416595669291786,0.5,1.0,0.0,-0.00416595669291786,0.9207229076839802,-0.15906414960859927,-1.0,0.0,0.00416595669291786,0.9045152506642682,-0.13620136025751484,0.0,0.0,-0.0,0.8942010051130755,-0.11368871441302142,0.0,0.0,-0.0,0.9364155055292033,-0.13570214161113647
2022-06-24,22,0.4921330825408416,0,1,0.004374321239690505,0.5,1.0,0.0,0.004374321239690505,0.9247504454549319,-0.1553856260570149,-1.0,0.0,-0.004374321239690505,0.9005586103916635,-0.13997989299415614,0.0,0.0,0.0,0.8942010051130755,-0.11368871441302142,0.0,0.0,0.0,0.9364155055292033,-0.13570214161113647
2022-06-27,22,0.4762659310678076,0,1,0.0013967370732717033,0.5,1.0,0.0,0.0013967370732717033,0.9260420786856234,-0.1542059218483105,-1.0,0.0,-0.0013967370732717033,0.8993007667938754,-0.1411811149613703,0.0,0.0,0.0,0.8942010051130755,-0.11368871441302142,0.0,0.0,0.0,0.9364155055292033,-0.13570214161113647
2022-06-28,22,0.4922561783782183,0,0,-0.005419735136569348,0.5,1.0,0.0,-0.005419735136569348,0.9210231758938292,-0.1587899017319715,-1.0,0.0,0.005419735136569348,0.9041747387580118,-0.1365265440741772,0.0,0.0,-0.0,0.8942010051130755,-0.11368871441302142,0.0,0.0,-0.0,0.9364155055292033,-0.13570214161113647
2022-06-29,22,0.49534986393141023,0,0,-0.00731258899452747,0.5,1.0,0.0,-0.00731258899452747,0.9142881119540832,-0.1649413254386517,-1.0,0.0,0.00731258899452747,0.9107865970017834,-0.13021231758330742,0.0,0.0,-0.0,0.8942010051130755,-0.11368871441302142,0.0,0.0,-0.0,0.9364155055292033,-0.13570214161113647
2022-06-30,22,0.49901088448745456,0,1,0.002975727231356196,0.5,1.0,0.0,0.002975727231356196,0.9170087839861302,-0.16245641860097937,-1.0,0.0,-0.002975727231356196,0.908076344523131,-0.13280056847537292,0.0,0.0,0.0,0.8942010051130755,-0.11368871441302142,0.0,0.0,0.0,0.9364155055292033,-0.13570214161113647
2022-07-01,22,0.5035433468451922,1,0,-0.004173591269306276,0.5,1.0,0.0,-0.004173591269306276,0.9131815641314085,-0.16595198317996973,1.0,2.0,-0.004373591269306276,0.9041047897508611,-0.13659334433783643,1.0,1.0,-0.004273591269306276,0.8903795555046194,-0.11747644658499357,1.0,1.0,-0.004273591269306276,0.9324136484003307,-0.13939579739282715
2022-07-04,22,0.5102620692911448,1,0,-7.300662772213862e-05,0.5,1.0,0.0,-7.300662772213862e-05,0.9131148958249132,-0.16601287421303612,1.0,0.0,-7.300662772213862e-05,0.9040387841090539,-0.13665637874611913,1.0,0.0,-7.300662772213862e-05,0.8903145518958793,-0.11754087665351376,1.0,0.0,-7.300662772213862e-05,0.9323455760242189,-0.13945862720346303
2022-07-05,22,0.5045384050449508,1,0,-0.01682257214386984,0.5,1.0,0.0,-0.01682257214386984,0.8977539546142564,-0.180042682803646,1.0,0.0,-0.01682257214386984,0.888830526442523,-0.15118003909961242,1.0,0.0,-0.01682257214386984,0.8753371711158737,-0.1323861089200261,1.0,0.0,-0.01682257214386984,0.9166611253085336,-0.15393514653011753
2022-07-06,22,0.5104192165605397,1,0,-0.0069472013164806334,0.5,1.0,0.0,-0.0069472013164806334,0.8915170771588846,-0.1857390913571304,1.0,0.0,-0.0069472013164806334,0.8826556418390934,-0.15707696224943457,1.0,0.0,-0.0069472013164806334,0.8692560275683331,-0.13841359728633384,1.0,0.0,-0.0069472013164806334,0.9102928959320236,-0.15981292939397151
2022-07-07,22,0.5285680121080717,1,0,-0.0016271539983530037,0.5,1.0,0.0,-0.0016271539983530037,0.8900664415821855,-0.18706401925033123,1.0,0.0,-0.0016271539983530037,0.8812194251823061,-0.15844852784061425,1.0,0.0,-0.0016271539983530037,0.8678416141474828,-0.13981553104643596,1.0,0.0,-0.0016271539983530037,0.9088117092067355,-0.16118004314527257
2022-07-08,22,0.5056032164227385,1,0,-0.0003659561389494082,0.5,1.0,0.0,-0.0003659561389494082,0.8897407163038157,-0.18736151816305946,1.0,0.0,-0.0003659561389494082,0.8808969375238992,-0.15875649876809284,1.0,0.0,-0.0003659561389494082,0.8675240221811498,-0.14013032083347843,1.0,0.0,-0.0003659561389494082,0.9084791239826022,-0.16148701445795677
2022-07-11,22,0.540227825128078,1,0,-0.011665164743481891,0.5,1.0,0.0,-0.011665164743481891,0.879361744269148,-0.19684107993058042,1.0,0.0,-0.011665164743481891,0.8706211296256542,-0.16856974279934656,1.0,0.0,-0.011665164743481891,0.8574042115434786,-0.15016084229888094,1.0,0.0,-0.011665164743481891,0.897881565335331,-0.17126840657385356
2022-07-12,22,0.5624234418962232,1,0,-0.001434779126710306,0.5,1.0,0.0,-0.001434779126710306,0.8781000543936431,-0.1979934355845272,1.0,0.0,-0.001434779126710306,0.8693719806015944,-0.16976266157769349,1.0,0.0,-0.001434779126710306,0.8561740258776025,-0.1513801737834115,1.0,0.0,-0.001434779126710306,0.89659330360713,-0.1724574533657467
2022-07-13,22,0.5778201170314164,1,0,-4.0159774116754754e-05,0.5,1.0,0.0,-4.0159774116754754e-05,0.8780647900938068,-0.19802564398699418,1.0,0.0,-4.0159774116754754e-05,0.86933706681923,-0.1697960037216678,1.0,0.0,-4.0159774116754754e-05,0.8561396421221186,-0.15141425416394338,1.0,0.0,-4.0159774116754754e-05,0.8965572966225825,-0.1724906872874915
2022-07-14,22,0.5578456118641392,1,0,-0.0007017548862624512,0.5,1.0,0.0,-0.0007017548862624512,0.8774486038369035,-0.19858843340998344,1.0,0.0,-0.0007017548862624512,0.8687270052847805,-0.17037860343265065,1.0,0.0,-0.0007017548862624512,0.8555388419449363,-0.15200975335749656,1.0,0.0,-0.0007017548862624512,0.8959281331588634,-0.1730713959911152
2022-07-15,22,0.535690478248568,1,1,0.007047208975643481,0.5,1.0,0.0,0.007047208975643481,0.8836321675135288,-0.19294071862472584,1.0,0.0,0.007047208975643481,0.8748491060338073,-0.16453208808037545,1.0,0.0,0.007047208975643481,0.8615680029509023,-0.14603378888009944,1.0,0.0,0.007047208975643481,0.9022419259403921,-0.16724385731072744
2022-07-18,22,0.5063577773528841,1,1,0.004839300418470805,0.5,1.0,0.0,0.004839300418470805,0.8879083290315513,-0.18903511630663572,1.0,0.0,0.004839300418470805,0.8790827636787355,-0.16048900786460385,1.0,0.0,0.004839300418470805,0.8657373893481236,-0.14190118983726707,1.0,0.0,0.004839300418470805,0.9066081456701574,-0.16321390016092707
2022-07-19,22,0.5042964997855954,1,1,0.008491970757633636,0.5,1.0,0.0,0.008491970757633636,0.8954484205971466,-0.18214842622884386,1.0,0.0,0.008491970757633636,0.8865479088014351,-0.15335990506867803,1.0,0.0,0.008491970757633636,0.8730892059422579,-0.13461423983420495,1.0,0.0,0.008491970757633636,0.9143070355318208,-0.15610793707069937
2022-07-20,22,0.4734984096356346,0,0,-0.004745147834086861,0.5,1.0,0.0,-0.004745147834086861,0.8911993854636135,-0.18602925285272853,-1.0,2.0,0.0045451478340868615,0.890577400108938,-0.14951180067494996,0.0,1.0,-0.0001,0.8730018970216638,-0.13470077841022143,0.0,1.0,-0.0001,0.9142156048282676,-0.1561923262769923
2022-07-21,22,0.4834295929826803,0,1,0.003761325301430584,0.5,1.0,0.0,0.003761325301430584,0.8945514762607772,-0.18296764408685917,-1.0,0.0,-0.003761325301430584,0.887227648801026,-0.15271076345763945,0.0,0.0,0.0,0.8730018970216638,-0.13470077841022143,0.0,0.0,0.0,0.9142156048282676,-0.1561923262769923
2022-07-22,22,0.4773139688866237,0,0,-0.002039989199988601,0.5,1.0,0.0,-0.002039989199988601,0.8927266009103714,-0.18463438126896325,-1.0,0.0,0.002039989199988601,0.8890375836225113,-0.15098230256582656,0.0,0.0,-0.0,0.8730018970216638,-0.13470077841022143,0.0,0.0,-0.0,0.9142156048282676,-0.1561923262769923
2022-07-25,22,0.47703365716360624,0,1,0.002423282963485151,0.5,1.0,0.0,0.002423282963485151,0.8948899300734074,-0.18265851965608082,-1.0,0.0,-0.002423282963485151,0.8868831939922208,-0.1530397126877162,0.0,0.0,0.0,0.8730018970216638,-0.13470077841022143,0.0,0.0,0.0,0.9142156048282676,-0.1561923262769923
2022-07-26,22,0.47545279822432446,0,0,-0.009329266323505392,0.5,1.0,0.0,-0.009329266323505392,0.8865412635855295,-0.1902837160034574,-1.0,0.0,0.009329266323505392,0.8951571635068153,-0.14513819460194732,0.0,0.0,-0.0,0.8730018970216638,-0.13470077841022143,0.0,0.0,-0.0,0.9142156048282676,-0.1561923262769923
2022-07-27,22,0.4883910455162929,0,1,0.007871334021945176,0.5,1.0,0.0,0.007871334021945176,0.8935195259954486,-0.18391016866911236,-1.0,0.0,-0.007871334021945176,0.8881110824707161,-0.1518670974148385,0.0,0.0,0.0,0.8730018970216638,-0.13470077841022143,0.0,0.0,0.0,0.9142156048282676,-0.1561923262769923
2022-07-28,22,0.4610597066252254,0,0,-0.0016614562011467715,0.5,1.0,0.0,-0.0016614562011467715,0.8920349824381377,-0.1852660661800699,-1.0,0.0,0.0016614562011467715,0.8895866401359943,-0.1504579617444417,0.0,0.0,-0.0,0.8730018970216638,-0.13470077841022143,0.0,0.0,-0.0,0.9142156048282676,-0.1561923262769923
2022-07-29,22,0.526167207967936,1,1,0.0015618813922195776,0.5,1.0,0.0,0.0015618813922195776,0.8934282352784167,-0.18399354840922666,1.0,2.0,0.0013618813922195775,0.8907981516279627,-0.14930098625063315,1.0,1.0,0.0014618813922195775,0.8742781222502921,-0.1334358135794773,1.0,1.0,0.0014618813922195775,0.9155520796094428,-0.15495877954016446
2022-08-01,22,0.4857378033645846,0,1,0.005202551026187496,0.5,1.0,0.0,0.005202551026187496,0.8980763412606894,-0.17974823320712752,-1.0,2.0,-0.005402551026187496,0.8859855691597591,-0.15389693108034153,0.0,1.0,-0.0001,0.8741906944380671,-0.13352246999811934,0.0,1.0,-0.0001,0.915460524401482,-0.15504328366221043
2022-08-02,22,0.4701901228867218,0,0,-0.010297809557554993,0.5,1.0,0.0,-0.010297809557554993,0.888828122130241,-0.18819502969080848,-1.0,0.0,0.010297809557554993,0.8951092798217083,-0.14518392281054404,0.0,0.0,-0.0,0.8741906944380671,-0.13352246999811934,0.0,0.0,-0.0,0.915460524401482,-0.15504328366221043
2022-08-03,23,0.49659541305058896,0,1,0.00019285830326021272,0.52,1.0,0.0,0.00019285830326021272,0.888999540013765,-0.18803846636165644,0.0,1.0,-0.0001,0.8950197688937261,-0.14526940441826297,0.0,0.0,0.0,0.8741906944380671,-0.13352246999811934,1.0,1.0,9.285830326021272e-05,0.9155455325124796,-0.15496482241520293
2022-08-04,23,0.500165904529279,1,1,0.008874700426048987,0.52,1.0,0.0,0.008874700426048987,0.8968891446102826,-0.18083255099314077,0.0,0.0,0.0,0.8950197688937261,-0.14526940441826297,0.0,0.0,0.0,0.8741906944380671,-0.13352246999811934,1.0,0.0,0.008874700426048987,0.9236707248399354,-0.14746538836466472
2022-08-05,23,0.4409004226824257,0,0,-0.00750610337660651,0.52,1.0,0.0,-0.00750610337660651,0.8901570019734816,-0.18698130654813738,-1.0,1.0,0.00740610337660651,0.9016483778262595,-0.13893918126823623,0.0,0.0,-0.0,0.8741906944380671,-0.13352246999811934,0.0,1.0,-0.0001,0.9235783577674515,-0.14755064182582822
2022-08-08,23,0.5011753781397756,1,1,0.0026309358534308824,0.52,1.0,0.0,0.0026309358534308824,0.8924989479451562,-0.18484230651802536,0.0,1.0,-0.0001,0.9015582129884769,-0.13902528735010933,0.0,0.0,0.0,0.8741906944380671,-0.13352246999811934,1.0,1.0,0.0025309358534308826,0.9259158753465779,-0.14539314718199103
2022-08-09,23,0.49203593220565744,0,1,0.0010310493136156398,0.52,1.0,0.0,0.0010310493136156398,0.8934191583728377,-0.18400183873767229,0.0,0.0,0.0,0.9015582129884769,-0.13902528735010933,0.0,0.0,0.0,0.8741906944380671,-0.13352246999811934,1.0,0.0,0.0010310493136156398,0.9268705402743198,-0.14451200537298192
2022-08-10,23,0.4950262726144359,0,1,0.009074982611664948,0.52,1.0,0.0,0.009074982611664948,0.9015269216999995,-0.17659666961306608,0.0,0.0,0.0,0.9015582129884769,-0.13902528735010933,0.0,0.0,0.0,0.8741906944380671,-0.13352246999811934,1.0,0.0,0.009074982611664948,0.9352818743105737,-0.1367484666972536
2022-08-11,23,0.45815975160500827,0,1,0.0015475198656440534,0.52,1.0,0.0,0.0015475198656440534,0.9029220525207432,-0.17532243660185476,-1.0,1.0,-0.0016475198656440535,0.9000728779225439,-0.1404437602930172,0.0,0.0,0.0,0.8741906944380671,-0.13352246999811934,0.0,1.0,-0.0001,0.9351883461231427,-0.13683479185058378
2022-08-12,23,0.4751240824662483,0,0,-0.00584623010886498,0.52,1.0,0.0,-0.00584623010886498,0.8976433624313382,-0.1801436914030985,-1.0,0.0,0.00584623010886498,0.9053349110816273,-0.13541859672417955,0.0,0.0,-0.0,0.8741906944380671,-0.13352246999811934,0.0,0.0,-0.0,0.9351883461231427,-0.13683479185058378
2022-08-15,23,0.48681319706497794,0,0,-0.00920673663656335,0.52,1.0,0.0,-0.00920673663656335,0.8893789963998737,-0.18769189251617513,0.0,1.0,-0.0001,0.9052443775905192,-0.13550505486450704,0.0,0.0,-0.0,0.8741906944380671,-0.13352246999811934,1.0,1.0,-0.00930673663656335,0.9264847944801914,-0.14486804311667478
2022-08-16,23,0.5040078741159195,1,1,0.0008543621622787435,0.52,1.0,0.0,0.0008543621622787435,0.8901388481623232,-0.18699788720502863,0.0,0.0,0.0,0.9052443775905192,-0.13550505486450704,0.0,0.0,0.0,0.8741906944380671,-0.13352246999811934,1.0,0.0,0.0008543621622787435,0.9272763480325219,-0.14413745072895834
2022-08-17,23,0.49854951372366,0,1,0.0009366167938638094,0.52,1.0,0.0,0.0009366167938638094,0.8909725671563826,-0.1862364157727382,0.0,0.0,0.0,0.9052443775905192,-0.13550505486450704,0.0,0.0,0.0,0.8741906944380671,-0.13352246999811934,1.0,0.0,0.0009366167938638094,0.9281448506326418,-0.14333583549207196
2022-08-18,23,0.500952808194162,1,0,-0.008869099630645416,0.52,1.0,0.0,-0.008869099630645416,0.8830704426901007,-0.1934537660770409,0.0,0.0,-0.0,0.9052443775905192,-0.13550505486450704,0.0,0.0,-0.0,0.8741906944380671,-0.13352246999811934,1.0,0.0,-0.008869099630645416,0.9199130414807104,-0.15093367531709645
2022-08-19,23,0.49865332441730603,0,0,-0.005418936765523519,0.52,1.0,0.0,-0.005418936765523519,0.8782851398016602,-0.1978243891171405,0.0,0.0,-0.0,0.9052443775905192,-0.13550505486450704,0.0,0.0,-0.0,0.8741906944380671,-0.13352246999811934,1.0,0.0,-0.005418936765523519,0.9149280908791461,-0.15553471204028846
2022-08-22,23,0.507285272435182,1,0,-0.009541994707629509,0.52,1.0,0.0,-0.009541994707629509,0.8699045476458831,-0.2054787445507743,0.0,0.0,-0.0,0.9052443775905192,-0.13550505486450704,0.0,0.0,-0.0,0.8741906944380671,-0.13352246999811934,1.0,0.0,-0.009541994707629509,0.9061978518781156,-0.1635925953487769
2022-08-23,23,0.5044628669791904,1,1,0.0027609102128491876,0.52,1.0,0.0,0.0027609102128491876,0.8723062759956826,-0.20328514270227882,0.0,0.0,0.0,0.9052443775905192,-0.13550505486450704,0.0,0.0,0.0,0.8741906944380671,-0.13352246999811934,1.0,0.0,0.0027609102128491876,0.908699782782228,-0.1612833496031727
2022-08-24,23,0.5064830389101902,1,1,0.00021929588498781347,0.52,1.0,0.0,0.00021929588498781347,0.8724975691724575,-0.20311042641256472,0.0,0.0,0.0,0.9052443775905192,-0.13550505486450704,0.0,0.0,0.0,0.8741906944380671,-0.13352246999811934,1.0,0.0,0.00021929588498781347,0.9088990569052814,-0.16109942249306985
2022-08-25,23,0.5061313790766314,1,1,0.00021942717310774462,0.52,1.0,0.0,0.00021942717310774462,0.8726890188476043,-0.20293556718615346,0.0,0.0,0.0,0.9052443775905192,-0.13550505486450704,0.0,0.0,0.0,0.8741906944380671,-0.13352246999811934,1.0,0.0,0.00021942717310774462,0.9090984940559784,-0.16091534491082904
2022-08-26,23,0.5051767503185932,1,0,-0.003269883377028826,0.52,1.0,0.0,-0.003269883377028826,0.869835427531559,-0.2055418749254323,0.0,0.0,-0.0,0.9052443775905192,-0.13550505486450704,0.0,0.0,-0.0,0.8741906944380671,-0.13352246999811934,1.0,0.0,-0.003269883377028826,0.9061258480021829,-0.1636590538764251
2022-08-29,23,0.5128880688432205,1,1,0.00758057217874053,0.52,1.0,0.0,0.00758057217874053,0.8764292777735876,-0.19951942776531773,0.0,0.0,0.0,0.9052443775905192,-0.13550505486450704,0.0,0.0,0.0,0.8741906944380671,-0.13352246999811934,1.0,0.0,0.00758057217874053,0.9129948003959859,-0.1573191109682992
2022-08-30,23,0.4791810035234645,0,1,0.0011028088293274507,0.52,1.0,0.0,0.0011028088293274507,0.8773958117193974,-0.1986366507225522,-1.0,1.0,-0.0012028088293274508,0.9041555416604543,-0.13654487701742501,0.0,0.0,0.0,0.8741906944380671,-0.13352246999811934,0.0,1.0,-0.0001,0.9129035009159463,-0.15740337905720236
2022-08-31,23,0.5329153876731219,1,1,0.001395423723653977,0.52,1.0,0.0,0.001395423723653977,0.8786201506501052,-0.19751840929370368,1.0,2.0,0.001195423723653977,0.9052363906448284,-0.13551268227910107,1.0,1.0,0.001295423723653977,0.8753231418026397,-0.1324000144497418,1.0,1.0,0.001295423723653977,0.9140860977684396,-0.1563118594049624
2022-09-01,23,0.5051476955864543,1,0,-0.008638561886686547,0.52,1.0,0.0,-0.008638561886686547,0.8710301361038244,-0.20445069617794676,0.0,1.0,-0.0001,0.9051458670057639,-0.13559913101087318,0.0,1.0,-0.0001,0.8752356094884595,-0.13248677444829682,1.0,0.0,-0.008638561886686547,0.9061897084431072,-0.163600111620556
2022-09-02,23,0.5075931602508779,1,0,-0.004310653313479351,0.52,1.0,0.0,-0.004310653313479351,0.8672754271614881,-0.20788003342050343,0.0,0.0,-0.0,0.9051458670057639,-0.13559913101087318,0.0,0.0,-0.0,0.8752356094884595,-0.13248677444829682,1.0,0.0,-0.004310653313479351,0.902283438773766,-0.1672055415707926
2022-09-05,23,0.5085664804060102,1,1,0.0043193306859965475,0.52,1.0,0.0,0.0043193306859965475,0.8710214765272375,-0.204458605341866,0.0,0.0,0.0,0.9051458670057639,-0.13559913101087318,0.0,0.0,0.0,0.8752356094884595,-0.13248677444829682,1.0,0.0,0.0043193306859965475,0.906180699318328,-0.16360842691137156
2022-09-06,23,0.4922570357730176,0,0,-0.005453890685378271,0.52,1.0,0.0,-0.005453890685378271,0.8662710206096411,-0.2087974011440249,0.0,0.0,-0.0,0.9051458670057639,-0.13559913101087318,0.0,0.0,-0.0,0.8752356094884595,-0.13248677444829682,1.0,0.0,-0.005453890685378271,0.9012384888430462,-0.16817001512116847
2022-09-07,23,0.5066609273559388,1,1,0.009875823850971521,0.52,1.0,0.0,0.009875823850971521,0.8748261606163833,-0.2009836236472924,0.0,0.0,0.0,0.9051458670057639,-0.13559913101087318,0.0,0.0,0.0,0.8752356094884595,-0.13248677444829682,1.0,0.0,0.009875823850971521,0.9101389614065759,-0.15995500871654877
2022-09-08,23,0.4635776132080288,0,1,0.001632020980315785,0.52,1.0,0.0,0.001632020980315785,0.8762538952646384,-0.19967961215746888,-1.0,1.0,-0.001732020980315785,0.9035781353738639,-0.13709629145136548,0.0,0.0,0.0,0.8752356094884595,-0.13248677444829682,0.0,1.0,-0.0001,0.9100479475104353,-0.16003901321567715
2022-09-09,23,0.49556297334760435,0,1,0.00593199865645655,0.52,1.0,0.0,0.00593199865645655,0.881451832194063,-0.19493211269205224,0.0,1.0,-0.0001,0.9034877775603265,-0.13718258182222032,0.0,0.0,0.0,0.8752356094884595,-0.13248677444829682,1.0,1.0,0.005831998656456549,0.9153553459176271,-0.15514036186927516
2022-09-12,23,0.46141866864668046,0,1,0.005773918897869378,0.52,1.0,0.0,0.005773918897869378,0.8865412635855299,-0.19028371600345706,-1.0,1.0,-0.005873918897869378,0.8981807636297209,-0.14225070136026563,0.0,0.0,0.0,0.8752356094884595,-0.13248677444829682,0.0,1.0,-0.0001,0.9152638103830354,-0.1552248478330881
2022-09-13,23,0.45320148190773346,0,0,-0.014563821472942773,0.52,1.0,0.0,-0.014563821472942773,0.8736298348942731,-0.20207627940731732,-1.0,0.0,0.014563821472942773,0.9112617079216556,-0.12975859370633458,0.0,0.0,-0.0,0.8752356094884595,-0.13248677444829682,0.0,0.0,-0.0,0.9152638103830354,-0.1552248478330881
2022-09-14,23,0.47472855761522664,0,1,0.00019961698379278303,0.52,1.0,0.0,0.00019961698379278303,0.8738042262468662,-0.20191700028091586,-1.0,0.0,-0.00019961698379278303,0.9110798046080745,-0.12993230867103056,0.0,0.0,0.0,0.8752356094884595,-0.13248677444829682,0.0,0.0,0.0,0.9152638103830354,-0.1552248478330881
2022-09-15,23,0.49011968741600553,0,1,0.0004294818964187819,0.52,1.0,0.0,0.0004294818964187819,0.8741795093430534,-0.20157423808069685,0.0,1.0,-0.0001,0.9109886966276137,-0.13001931544016332,0.0,0.0,0.0,0.8752356094884595,-0.13248677444829682,1.0,1.0,0.00032948189641878194,0.9155653732390039,-0.15494650971390467
2022-09-16,23,0.4892612332602227,0,1,0.0034075863686757746,0.52,1.0,0.0,0.0034075863686757746,0.8771583515228665,-0.19885353333798117,0.0,0.0,0.0,0.9109886966276137,-0.13001931544016332,0.0,0.0,0.0,0.8752356094884595,-0.13248677444829682,1.0,0.0,0.0034075863686757746,0.9186852413244847,-0.15206691695960395
2022-09-19,23,0.4878471402353324,0,1,0.0007222246803870735,0.52,1.0,0.0,0.0007222246803870735,0.8777918569329439,-0.19827492558715287,0.0,0.0,0.0,0.9109886966276137,-0.13001931544016332,0.0,0.0,0.0,0.8752356094884595,-0.13248677444829682,1.0,0.0,0.0007222246803870735,0.9193487384792766,-0.1514545187597155
2022-09-20,23,0.4887178731338649,0,0,-0.005862889656867543,0.52,1.0,0.0,-0.005862889656867543,0.8726454601340492,-0.20297535123357935,0.0,0.0,-0.0,0.9109886966276137,-0.13001931544016332,0.0,0.0,-0.0,0.8752356094884595,-0.13248677444829682,1.0,0.0,-0.005862889656867543,0.9139586982693921,-0.15642944728506092
2022-09-21,23,0.5043277629998623,1,0,-0.014048072829345282,0.52,1.0,0.0,-0.014048072829345282,0.8603864731558886,-0.21417201154623333,0.0,0.0,-0.0,0.9109886966276137,-0.13001931544016332,0.0,0.0,-0.0,0.8752356094884595,-0.13248677444829682,1.0,0.0,-0.014048072829345282,0.9011193399130901,-0.1682799878462914
2022-09-22,23,0.49739576422365317,0,1,0.0011022116201444554,0.52,1.0,0.0,0.0011022116201444554,0.8613348011244161,-0.2133058628059249,0.0,0.0,0.0,0.9109886966276137,-0.13001931544016332,0.0,0.0,0.0,0.8752356094884595,-0.13248677444829682,1.0,0.0,0.0011022116201444554,0.9021125641206792,-0.16736325638418892
2022-09-23,23,0.48817390927776194,0,0,-0.015406887200598905,0.52,1.0,0.0,-0.015406887200598905,0.848064313001542,-0.22542637063904647,0.0,0.0,-0.0,0.9109886966276137,-0.13001931544016332,0.0,0.0,-0.0,0.8752356094884595,-0.13248677444829682,1.0,0.0,-0.015406887200598905,0.8882138176030289,-0.18019159677215169
2022-09-26,23,0.49271425123441004,0,0,-0.0068329364477182075,0.52,1.0,0.0,-0.0068329364477182075,0.8422695434472246,-0.23071898302254834,0.0,0.0,-0.0,0.9109886966276137,-0.13001931544016332,0.0,0.0,-0.0,0.8752356094884595,-0.13248677444829682,1.0,0.0,-0.0068329364477182075,0.8821447090353622,-0.18579329549071288
2022-09-27,23,0.5008642698004478,1,0,-0.0028596715824626973,0.52,1.0,0.0,-0.0028596715824626973,0.8398609291690547,-0.23291887408572676,0.0,0.0,-0.0,0.9109886966276137,-0.13001931544016332,0.0,0.0,-0.0,0.8752356094884595,-0.13248677444829682,1.0,0.0,-0.0028596715824626973,0.8796220648793139,-0.18812165926584867
2022-09-28,23,0.519758416187859,1,1,0.011669258220226908,0.52,1.0,0.0,0.011669258220226908,0.8496614832206082,-0.22396760635157065,0.0,0.0,0.0,0.9109886966276137,-0.13001931544016332,0.0,0.0,0.0,0.8752356094884595,-0.13248677444829682,1.0,0.0,0.011669258220226908,0.8898866018905999,-0.17864764126441246
2022-09-29,23,0.5052945925172385,1,1,0.01250324633264177,0.52,1.0,0.0,0.01250324633264177,0.8602850100446733,-0.2142646821716746,0.0,0.0,0.0,0.9109886966276137,-0.13001931544016332,0.0,0.0,0.0,0.8752356094884595,-0.13248677444829682,1.0,0.0,0.01250324633264177,0.9010130732821555,-0.16837807039724517
2022-09-30,23,0.4799730360989776,0,0,-0.003750653831260165,0.52,1.0,0.0,-0.003750653831260165,0.8570583787757735,-0.21721170335184392,-1.0,1.0,0.003650653831260165,0.9143144010031921,-0.12684331712095265,0.0,0.0,-0.0,0.8752356094884595,-0.13248677444829682,0.0,1.0,-0.0001,0.9009229719748273,-0.1684612325902054
2022-10-03,23,0.49832316279761213,0,1,0.004021387262654884,0.52,1.0,0.0,0.004021387262654884,0.860504942423534,-0.21406380846634776,0.0,1.0,-0.0001,0.9142229695630918,-0.12693063278924044,0.0,0.0,0.0,0.8752356094884595,-0.13248677444829682,1.0,1.0,0.003921387262654884,0.9044558398417626,-0.16520044705928094
2022-10-04,23,0.48676305593135594,0,1,0.01548564169783795,0.52,1.0,0.0,0.01548564169783795,0.8738304136411236,-0.20189308220689417,0.0,0.0,0.0,0.9142229695630918,-0.12693063278924044,0.0,0.0,0.0,0.8752356094884595,-0.13248677444829682,1.0,0.0,0.01548564169783795,0.9184619189090693,-0.15227304029292554
2022-10-05,23,0.4365988292466802,0,0,-0.007344075551207085,0.52,1.0,0.0,-0.007344075551207085,0.8674129370644006,-0.20775443970910779,-1.0,1.0,0.007244075551207084,0.9208456698252557,-0.12060605233172117,0.0,0.0,-0.0,0.8752356094884595,-0.13248677444829682,0.0,1.0,-0.0001,0.9183700727171784,-0.15235781298889628
2022-10-06,23,0.44783299235190305,0,0,-0.01230486332697389,0.52,1.0,0.0,-0.01230486332697389,0.8567395394257742,-0.2175029130498891,-1.0,0.0,0.01230486332697389,0.9321765499376912,-0.10978522999509499,0.0,0.0,-0.0,0.8752356094884595,-0.13248677444829682,0.0,0.0,-0.0,0.9183700727171784,-0.15235781298889628
2022-10-07,23,0.4709938552986672,0,0,-0.005519721288538171,0.52,1.0,0.0,-0.005519721288538171,0.8520105759512734,-0.22182207887894667,-1.0,0.0,0.005519721288538171,0.9373219046850584,-0.10487149257772777,0.0,0.0,-0.0,0.8752356094884595,-0.13248677444829682,0.0,0.0,-0.0,0.9183700727171784,-0.15235781298889628
2022-10-10,23,0.5075420963391474,1,0,-0.0025634555979036078,0.52,1.0,0.0,-0.0025634555979036078,0.8498264846708781,-0.22381690342700944,0.0,1.0,-0.0001,0.9372281724945899,-0.10496100542846998,0.0,0.0,-0.0,0.8752356094884595,-0.13248677444829682,1.0,1.0,-0.0026634555979036076,0.9159240348060527,-0.15461547031691025
2022-10-11,23,0.5030680328917885,1,0,-0.0010184906511189198,0.52,1.0,0.0,-0.0010184906511189198,0.8489609443411675,-0.22460743865442545,0.0,0.0,-0.0,0.9372281724945899,-0.10496100542846998,0.0,0.0,-0.0,0.8752356094884595,-0.13248677444829682,1.0,0.0,-0.0010184906511189198,0.9149911747394676,-0.1554764865569931
2022-10-12,23,0.4960370621407206,0,1,0.0008058162804014389,0.52,1.0,0.0,0.0008058162804014389,0.8496450508915426,-0.22398261470479108,0.0,0.0,0.0,0.9372281724945899,-0.10496100542846998,0.0,0.0,0.0,0.8752356094884595,-0.13248677444829682,1.0,0.0,0.0008058162804014389,0.9157284895244963,-0.15479595576067884
2022-10-13,23,0.4878933666898553,0,1,0.0044659963486877174,0.52,1.0,0.0,0.0044659963486877174,0.8534395625865049,-0.22051692389554445,0.0,0.0,0.0,0.9372281724945899,-0.10496100542846998,0.0,0.0,0.0,0.8752356094884595,-0.13248677444829682,1.0,0.0,0.0044659963486877174,0.919818129615102,-0.1510212775852099
2022-10-14,23,0.487954217685209,0,0,-0.0012270756894514623,0.52,1.0,0.0,-0.0012270756894514623,0.8523923276468389,-0.221473408628571,0.0,0.0,-0.0,0.9372281724945899,-0.10496100542846998,0.0,0.0,-0.0,0.8752356094884595,-0.13248677444829682,1.0,0.0,-0.0012270756894514623,0.9186894431495346,-0.15206303873634675
2022-10-17,23,0.5100665053892732,1,1,0.010988583263886964,0.52,1.0,0.0,0.010988583263886964,0.8617589117126846,-0.21291850435613602,0.0,0.0,0.0,0.9372281724945899,-0.10496100542846998,0.0,0.0,0.0,0.8752356094884595,-0.13248677444829682,1.0,0.0,0.010988583263886964,0.9287845385892373,-0.14274541283497366
2022-10-18,23,0.4646349454197219,0,1,0.001775476176293811,0.52,1.0,0.0,0.001775476176293811,0.8632889441301393,-0.2115210599118187,-1.0,1.0,-0.001875476176293811,0.9354704233853249,-0.1066396297396428,0.0,0.0,0.0,0.8752356094884595,-0.13248677444829682,0.0,1.0,-0.0001,0.9286916601353783,-0.1428311382936902
2022-10-19,23,0.4800625050467591,0,0,-0.009873983931927068,0.52,1.0,0.0,-0.009873983931927068,0.854764842967188,-0.21930648829691224,0.0,1.0,-0.0001,0.9353768763429864,-0.1067289657766689,0.0,0.0,-0.0,0.8752356094884595,-0.13248677444829682,1.0,1.0,-0.009973983931927067,0.9194289044394733,-0.15138052674729718
2022-10-20,23,0.4983424383539194,0,1,0.0012713727108562,0.52,1.0,0.0,0.0012713727108562,0.8558515676627357,-0.21831393587059056,0.0,0.0,0.0,0.9353768763429864,-0.1067289657766689,0.0,0.0,0.0,0.8752356094884595,-0.13248677444829682,1.0,0.0,0.0012713727108562,0.9205978412581501,-0.1503016151071025
2022-10-21,23,0.49195846479630445,0,1,0.008302191277957059,0.52,1.0,0.0,0.008302191277957059,0.8629570110830111,-0.21182422864687478,0.0,0.0,0.0,0.9353768763429864,-0.1067289657766689,0.0,0.0,0.0,0.8752356094884595,-0.13248677444829682,1.0,0.0,0.008302191277957059,0.9282408206263496,-0.14324725658715054
2022-10-24,23,0.46116214172227804,0,1,0.0026792235915789053,0.52,1.0,0.0,0.0026792235915789053,0.8652690658656231,-0.20971252952595465,-1.0,1.0,-0.002779223591578905,0.9327772548612366,-0.10921156570865642,0.0,0.0,0.0,0.8752356094884595,-0.13248677444829682,0.0,1.0,-0.0001,0.928147996544287,-0.14333293186149176
2022-10-25,23,0.4799916527551048,0,1,0.007811452480285475,0.52,1.0,0.0,0.007811452480285475,0.8720280740562935,-0.2035392365045816,-1.0,0.0,-0.007811452480285475,0.925490909660197,-0.1161699172331111,0.0,0.0,0.0,0.8752356094884595,-0.13248677444829682,0.0,0.0,0.0,0.928147996544287,-0.14333293186149176
2022-10-26,24,0.43998041869794724,0,1,0.012867329366482496,0.5,1.0,0.0,0.012867329366482496,0.8832487465019951,-0.19329091353320593,-1.0,0.0,-0.012867329366482496,0.9135823132999137,-0.1275424500120782,0.0,0.0,0.0,0.8752356094884595,-0.13248677444829682,0.0,0.0,0.0,0.928147996544287,-0.14333293186149176
2022-10-27,24,0.4232454627511539,0,0,-0.012300296335898242,0.5,1.0,0.0,-0.012300296335898242,0.87238452518171,-0.20321367435360926,-1.0,0.0,0.012300296335898242,0.924819646480738,-0.11681096360673504,0.0,0.0,-0.0,0.8752356094884595,-0.13248677444829682,0.0,0.0,-0.0,0.928147996544287,-0.14333293186149176
2022-10-28,24,0.4326307119516201,0,0,-0.0012842637772675358,0.5,1.0,0.0,-0.0012842637772675358,0.8712641533361704,-0.20423695816985898,-1.0,0.0,0.0012842637772675358,0.9260073588532187,-0.11567671591881523,0.0,0.0,-0.0,0.8752356094884595,-0.13248677444829682,0.0,0.0,-0.0,0.928147996544287,-0.14333293186149176
2022-10-31,24,0.4622864461056093,0,0,-0.006900545530541979,0.5,1.0,0.0,-0.006900545530541979,0.865251955376945,-0.2097281572715305,-1.0,0.0,0.006900545530541979,0.9323973147946023,-0.10957440283329456,0.0,0.0,-0.0,0.8752356094884595,-0.13248677444829682,0.0,0.0,-0.0,0.928147996544287,-0.14333293186149176
2022-11-01,24,0.48521859875466333,0,0,-0.000849487461830334,0.5,1.0,0.0,-0.000849487461830334,0.8645169346895281,-0.21039948329336589,-1.0,0.0,0.000849487461830334,0.9331893746229646,-0.10881799745280862,0.0,0.0,-0.0,0.8752356094884595,-0.13248677444829682,0.0,0.0,-0.0,0.928147996544287,-0.14333293186149176
2022-11-02,24,0.5043582446275834,1,0,-0.006428526689766123,0.5,1.0,0.0,-0.006428526689766123,0.8589593645011216,-0.2154754512892676,1.0,2.0,-0.006628526689766123,0.9270037039466701,-0.11472522114213202,1.0,1.0,-0.006528526689766123,0.8695216104520803,-0.13815035769503614,1.0,1.0,-0.006528526689766123,0.9220885575767948,-0.14892570568007768
2022-11-03,24,0.5078605700560314,1,0,-0.0066003896793398464,0.5,1.0,0.0,-0.0066003896793398464,0.8532898979766961,-0.2206536190237668,1.0,0.0,-0.0066003896793398464,0.9208851182664307,-0.1205683796558853,1.0,0.0,-0.0066003896793398464,0.8637824289884894,-0.14383890117924858,1.0,0.0,-0.0066003896793398464,0.9160024137779275,-0.1545431276686584
2022-11-04,24,0.49443708244080703,0,1,0.018378184728221614,0.5,1.0,0.0,0.018378184728221614,0.8689718173484372,-0.20633064726691452,-1.0,2.0,-0.018578184728221613,0.9037767444258068,-0.1369066227544774,0.0,1.0,-0.0001,0.8636960507455906,-0.1439245172891307,0.0,1.0,-0.0001,0.9159108135365497,-0.15462767335589145
2022-11-07,24,0.4846823667217469,0,1,0.009046823766432288,0.5,1.0,0.0,0.009046823766432288,0.8768332522379849,-0.19915046050391993,-1.0,0.0,-0.009046823766432288,0.8956004354947866,-0.14471487643239256,0.0,0.0,0.0,0.8636960507455906,-0.1439245172891307,0.0,0.0,0.0,0.9159108135365497,-0.15462767335589145
2022-11-08,24,0.4534623678745983,0,1,0.006209722711393307,0.5,1.0,0.0,0.006209722711393307,0.882278143598512,-0.19417740693010221,-1.0,0.0,-0.006209722711393307,0.8900390051301609,-0.1500259598889272,0.0,0.0,0.0,0.8636960507455906,-0.1439245172891307,0.0,0.0,0.0,0.9159108135365497,-0.15462767335589145
2022-11-09,24,0.44730972851891937,0,0,-0.006081764073436191,0.5,1.0,0.0,-0.006081764073436191,0.8769123360819966,-0.19907822982619794,-1.0,0.0,0.006081764073436191,0.8954520123755183,-0.14485661830842633,0.0,0.0,-0.0,0.8636960507455906,-0.1439245172891307,0.0,0.0,-0.0,0.9159108135365497,-0.15462767335589145
2022-11-10,24,0.46996450914263704,0,1,0.01723498328018636,0.5,1.0,0.0,0.01723498328018636,0.892025905532559,-0.1852743565085151,-1.0,0.0,-0.01723498328018636,0.880018911914017,-0.1595950001940426,0.0,0.0,0.0,0.8636960507455906,-0.1439245172891307,0.0,0.0,0.0,0.9159108135365497,-0.15462767335589145
2022-11-11,24,0.41592847116411896,0,1,0.013375543780961062,0.5,1.0,0.0,0.013375543780961062,0.9039572370857611,-0.17437695799452313,-1.0,0.0,-0.013375543780961062,0.8682481804296374,-0.17083587406268574,0.0,0.0,0.0,0.8636960507455906,-0.1439245172891307,0.0,0.0,0.0,0.9159108135365497,-0.15462767335589145
2022-11-14,24,0.40572531687305313,0,0,-0.0008978306983770112,0.5,1.0,0.0,-0.0008978306983770112,0.9031456365282855,-0.1751182277069231,-1.0,0.0,0.0008978306983770112,0.869027720299837,-0.17009142505642638,0.0,0.0,-0.0,0.8636960507455906,-0.1439245172891307,0.0,0.0,-0.0,0.9159108135365497,-0.15462767335589145
2022-11-15,24,0.41030223525344894,0,1,0.0037391823288055455,0.5,1.0,0.0,0.0037391823288055455,0.9065226627327299,-0.17203384436061098,-1.0,0.0,-0.0037391823288055455,0.8657782672048496,-0.17319460453437963,0.0,0.0,0.0,0.8636960507455906,-0.1439245172891307,0.0,0.0,0.0,0.9159108135365497,-0.15462767335589145
2022-11-16,24,0.39414179227452883,0,1,0.0035863385602117326,0.5,1.0,0.0,0.0035863385602117326,0.9097737599137941,-0.16906447741009123,-1.0,0.0,-0.0035863385602117326,0.8626732932205796,-0.17615980860592906,0.0,0.0,0.0,0.8636960507455906,-0.1439245172891307,0.0,0.0,0.0,0.9159108135365497,-0.15462767335589145
2022-11-17,24,0.3914998612599293,0,0,-0.0032017323001336533,0.5,1.0,0.0,-0.0032017323001336533,0.906860907880864,-0.1717249105120957,-1.0,0.0,0.0032017323001336533,0.8654353421679466,-0.17352209285499443,0.0,0.0,-0.0,0.8636960507455906,-0.1439245172891307,0.0,0.0,-0.0,0.9159108135365497,-0.15462767335589145
2022-11-18,24,0.41765423010723546,0,0,-0.0029753632285509646,0.5,1.0,0.0,-0.0029753632285509646,0.904162667282145,-0.17418932975648282,-1.0,0.0,0.0029753632285509646,0.8680103266617215,-0.17106302088086534,0.0,0.0,-0.0,0.8636960507455906,-0.1439245172891307,0.0,0.0,-0.0,0.9159108135365497,-0.15462767335589145
2022-11-21,24,0.438007370084965,0,0,-0.008247803589722214,0.5,1.0,0.0,-0.008247803589722214,0.8967053111892426,-0.18100045396694808,-1.0,0.0,0.008247803589722214,0.875169505349878,-0.16422611148883304,0.0,0.0,-0.0,0.8636960507455906,-0.1439245172891307,0.0,0.0,-0.0,0.9159108135365497,-0.15462767335589145
2022-11-22,24,0.46459731843091734,0,1,0.00638264774293118,0.5,1.0,0.0,0.00638264774293118,0.9024286653197789,-0.17577306836299866,-1.0,0.0,-0.00638264774293118,0.8695836066818744,-0.16956056181193968,0.0,0.0,0.0,0.8636960507455906,-0.1439245172891307,0.0,0.0,0.0,0.9159108135365497,-0.15462767335589145
2022-11-23,24,0.46519097178501506,0,1,0.010197505863299927,0.5,1.0,0.0,0.010197505863299927,0.9116311869255873,-0.16736800939494056,-1.0,0.0,-0.010197505863299927,0.8607160227541065,-0.17802897285197794,0.0,0.0,0.0,0.8636960507455906,-0.1439245172891307,0.0,0.0,0.0,0.9159108135365497,-0.15462767335589145
2022-11-24,24,0.42960514878814443,0,0,-0.000780633960381194,0.5,1.0,0.0,-0.000780633960381194,0.9109195366617305,-0.16801799020330677,-1.0,0.0,0.000780633960381194,0.8613879269117127,-0.17738731435373667,0.0,0.0,-0.0,0.8636960507455906,-0.1439245172891307,0.0,0.0,-0.0,0.9159108135365497,-0.15462767335589145
2022-11-25,24,0.47658433729010985,0,0,-0.0038983162082381066,0.5,1.0,0.0,-0.0038983162082381066,0.9073684842675613,-0.17126131915705978,-1.0,0.0,0.0038983162082381066,0.8647458894287734,-0.17418050998817947,0.0,0.0,-0.0,0.8636960507455906,-0.1439245172891307,0.0,0.0,-0.0,0.9159108135365497,-0.15462767335589145
2022-11-28,24,0.5126411257306791,1,0,-0.002120752501491019,0.5,1.0,0.0,-0.002120752501491019,0.9054441802847768,-0.1730188687875398,1.0,2.0,-0.002320752501491019,0.8627390282427275,-0.17609703263540444,1.0,1.0,-0.0022207525014910187,0.8617779955803695,-0.1458256490588259,1.0,1.0,-0.0022207525014910187,0.9138768023062457,-0.15650503606497768
2022-11-29,24,0.5028194491445257,1,0,-0.002033884087158655,0.5,1.0,0.0,-0.002033884087158655,0.9036026117746851,-0.17470085255069334,1.0,0.0,-0.002033884087158655,0.8609843170618139,-0.1777727557700901,1.0,0.0,-0.002033884087158655,0.8600252390284951,-0.14756294067886422,1.0,0.0,-0.002033884087158655,0.9120180828204115,-0.15822060704972363
2022-11-30,24,0.4829555079809353,0,1,0.009768476834405291,0.5,1.0,0.0,0.009768476834405291,0.9124294329553143,-0.1666389369473803,-1.0,2.0,-0.009968476834405292,0.852401614842397,-0.18596910900681285,0.0,1.0,-0.0001,0.8599392365045923,-0.14764818438479632,0.0,1.0,-0.0001,0.9119268810121295,-0.15830478498901868
2022-12-01,24,0.46122918452589073,0,1,0.009886202162251445,0.5,1.0,0.0,0.009886202162251445,0.921449894788299,-0.15840016100389331,-1.0,0.0,-0.009886202162251445,0.8439746001546354,-0.19401678296148916,0.0,0.0,0.0,0.8599392365045923,-0.14764818438479632,0.0,0.0,0.0,0.9119268810121295,-0.15830478498901868
2022-12-02,24,0.44146791020564147,0,1,0.0014973029524858463,0.5,1.0,0.0,0.0014973029524858463,0.9228295844363332,-0.15714003108015284,-1.0,0.0,-0.0014973029524858463,0.8427109144940008,-0.1952235840120149,0.0,0.0,0.0,0.8599392365045923,-0.14764818438479632,0.0,0.0,0.0,0.9119268810121295,-0.15830478498901868
2022-12-05,24,0.4693464522807276,0,0,-0.0044822536852026085,0.5,1.0,0.0,-0.0044822536852026085,0.9186932281306794,-0.16091794328195363,-1.0,0.0,0.0044822536852026085,0.8464881585960519,-0.1916163719556888,0.0,0.0,-0.0,0.8599392365045923,-0.14764818438479632,0.0,0.0,-0.0,0.9119268810121295,-0.15830478498901868
2022-12-06,24,0.46255564425267176,0,0,-0.0026591461795627542,0.5,1.0,0.0,-0.0026591461795627542,0.9162502885429056,-0.16314918512741505,-1.0,0.0,0.0026591461795627542,0.8487390943490276,-0.18946676171955368,0.0,0.0,-0.0,0.8599392365045923,-0.14764818438479632,0.0,0.0,-0.0,0.9119268810121295,-0.15830478498901868
2022-12-07,24,0.474703987845811,0,1,0.004226465299703052,0.5,1.0,0.0,0.004226465299703052,0.9201227885932751,-0.15961226419732788,-1.0,0.0,-0.004226465299703052,0.84515192801826,-0.1928924523254021,0.0,0.0,0.0,0.8599392365045923,-0.14764818438479632,0.0,0.0,0.0,0.9119268810121295,-0.15830478498901868
2022-12-08,24,0.4684494436685586,0,1,0.004413799046621314,0.5,1.0,0.0,0.004413799046621314,0.9241840256803426,-0.15590296161024975,-1.0,0.0,-0.004413799046621314,0.8414215972441228,-0.19645486284984903,0.0,0.0,0.0,0.8599392365045923,-0.14764818438479632,0.0,0.0,0.0,0.9119268810121295,-0.15830478498901868
2022-12-09,24,0.46852826221213456,0,0,-0.003545912740065993,0.5,1.0,0.0,-0.003545912740065993,0.9209069497695173,-0.158896056052528,-1.0,0.0,0.003545912740065993,0.8444052048055575,-0.19360556191081024,0.0,0.0,-0.0,0.8599392365045923,-0.14764818438479632,0.0,0.0,-0.0,0.9119268810121295,-0.15830478498901868
2022-12-12,24,0.4937021928012981,0,1,0.0018552850472817182,0.5,1.0,0.0,0.0018552850472817182,0.9226154946633625,-0.1573355684821125,-1.0,0.0,-0.0018552850472817182,0.8428385924552348,-0.1951016534540082,0.0,0.0,0.0,0.8599392365045923,-0.14764818438479632,0.0,0.0,0.0,0.9119268810121295,-0.15830478498901868
2022-12-13,24,0.5028452769030795,1,1,0.008055024441787852,0.5,1.0,0.0,0.008055024441787852,0.930047185023248,-0.15054788589001067,1.0,2.0,0.007855024441787851,0.8494591101994527,-0.18877915726873495,1.0,1.0,0.007955024441787853,0.8667800741494387,-0.14086770485857514,1.0,1.0,0.007955024441787853,0.9191812816397044,-0.15160907898107046
2022-12-14,24,0.4739608460220618,0,1,0.004676315526442209,0.5,1.0,0.0,0.004676315526442209,0.9343963791148961,-0.14657557977982894,-1.0,2.0,-0.004876315526442208,0.8453168795513094,-0.19273492605951892,0.0,1.0,-0.0001,0.8666933961420238,-0.14095361808808926,0.0,1.0,-0.0001,0.9190893635115404,-0.15169391807317234
2022-12-15,24,0.46693111159820655,0,0,-0.003351842776588399,0.5,1.0,0.0,-0.003351842776588399,0.9312644293610896,-0.14943612425810804,-1.0,0.0,0.003351842776588399,0.8481502488279618,-0.19002910045263932,0.0,0.0,-0.0,0.8666933961420238,-0.14095361808808926,0.0,0.0,-0.0,0.9190893635115404,-0.15169391807317234
2022-12-16,24,0.47770638080738775,0,0,-0.005218380116402189,0.5,1.0,0.0,-0.005218380116402189,0.926404737579799,-0.15387468987500952,-1.0,0.0,0.005218380116402189,0.8525762192221672,-0.18580236441557696,0.0,0.0,-0.0,0.8666933961420238,-0.14095361808808926,0.0,0.0,-0.0,0.9190893635115404,-0.15169391807317234
2022-12-19,24,0.5038545898962419,1,1,0.0027916391825502096,0.5,1.0,0.0,0.0027916391825502096,0.928990925344127,-0.15151261330591714,1.0,2.0,0.0025916391825502095,0.854785789158014,-0.18369225792085653,1.0,1.0,0.0026916391825502098,0.8690262220463372,-0.1386413751869071,1.0,1.0,0.0026916391825502098,0.9215632204546331,-0.14941058418426245
2022-12-20,24,0.4871773526287177,0,1,0.0011690042821561606,0.5,1.0,0.0,0.0011690042821561606,0.9300769197139385,-0.15052072791751625,-1.0,2.0,-0.0013690042821561607,0.8536155837523304,-0.1848097867153201,0.0,1.0,-0.0001,0.8689393194241325,-0.13872751104938852,0.0,1.0,-0.0001,0.9214710641325877,-0.14949564312584396
2022-12-21,24,0.48640389110666893,0,0,-0.0015915521649506603,0.5,1.0,0.0,-0.0015915521649506603,0.9285966537787971,-0.15187271849207984,-1.0,0.0,0.0015915521649506603,0.8549741574826869,-0.18351236896652046,0.0,0.0,-0.0,0.8689393194241325,-0.13872751104938852,0.0,0.0,-0.0,0.9214710641325877,-0.14949564312584396
2022-12-22,24,0.4949979254330404,0,0,-0.0006361526137086404,0.5,1.0,0.0,-0.0006361526137086404,0.9280059245904146,-0.15241225687896864,-1.0,0.0,0.0006361526137086404,0.8555180515276228,-0.18299295822597772,0.0,0.0,-0.0,0.8689393194241325,-0.13872751104938852,0.0,0.0,-0.0,0.9214710641325877,-0.14949564312584396
2022-12-23,24,0.5140721787206189,1,1,0.0060805750109222964,0.5,1.0,0.0,0.0060805750109222964,0.933648734225467,-0.1472584360285829,1.0,2.0,0.005880575010922297,0.8605489896028291,-0.1781884870323739,1.0,1.0,0.005980575010922296,0.8741360762038883,-0.1335766063243755,1.0,1.0,0.005980575010922296,0.926981990952027,-0.14440913802244193
2022-12-26,24,0.4968288231868796,0,0,-0.00258559720221796,0.5,1.0,0.0,-0.00258559720221796,0.9312346946703993,-0.14946328223060235,-1.0,2.0,0.00238559720221796,0.8626019128647971,-0.1762279757862878,0.0,1.0,-0.0001,0.8740486625962679,-0.13366324866374313,0.0,1.0,-0.0001,0.9268892927529319,-0.1444946971086396
2022-12-27,24,0.5131363304212182,1,0,-0.0002871494728964308,0.5,1.0,0.0,-0.0002871494728964308,0.9309672911186818,-0.14970751340078892,1.0,2.0,-0.00048714947289643076,0.8621816967976256,-0.17662927589367028,1.0,1.0,-0.00038714947289643077,0.873710275117258,-0.13399865048037374,1.0,1.0,-0.00038714947289643077,0.9265304480518092,-0.14482590553571417
2022-12-28,24,0.5046703936163293,1,0,-0.0007441358397561881,0.5,1.0,0.0,-0.0007441358397561881,0.9302745249917197,-0.15034024651434275,1.0,0.0,-0.0007441358397561881,0.8615401164966566,-0.17724197555888388,1.0,0.0,-0.0007441358397561881,0.87306011598798,-0.13464307312182855,1.0,0.0,-0.0007441358397561881,0.9258409835387884,-0.1454622712286361
2022-12-29,24,0.5123038424512224,1,1,0.002963731578736084,0.5,1.0,0.0,0.002963731578736084,0.9330316089783314,-0.14782208307175615,1.0,0.0,0.002963731578736084,0.8640934901462657,-0.1748035416201893,1.0,0.0,0.002963731578736084,0.8756476318238685,-0.13207838747076173,1.0,0.0,0.002963731578736084,0.9285849276985904,-0.1429296507766551
2022-12-30,24,0.4968412299812627,0,1,0.004594488939143604,0.5,1.0,0.0,0.004594488939143604,0.9373184123856537,-0.14390676105824685,-1.0,2.0,-0.0047944889391436036,0.8599506034653734,-0.17875993691251169,0.0,1.0,-0.0001,0.8755600670606861,-0.13216517963201468,0.0,1.0,-0.0001,0.9284920692058205,-0.14301535781157737
2023-01-02,24,0.4805988795334049,0,0,-0.0029897675594858786,0.5,1.0,0.0,-0.0029897675594858786,0.9345160482033943,-0.14646628085193014,-1.0,0.0,0.0029897675594858786,0.8625216558823745,-0.17630462001334268,0.0,0.0,-0.0,0.8755600670606861,-0.13216517963201468,0.0,0.0,-0.0,0.9284920692058205,-0.14301535781157737
2023-01-03,24,0.49639810960003566,0,0,-0.012255395598315342,0.5,1.0,0.0,-0.012255395598315342,0.9230631843396874,-0.15692667423659112,-1.0,0.0,0.012255395598315342,0.873092199987327,-0.16620990727910145,0.0,0.0,-0.0,0.8755600670606861,-0.13216517963201468,0.0,0.0,-0.0,0.9284920692058205,-0.14301535781157737
2023-01-04,24,0.5210747057866253,1,1,0.005642484981084106,0.5,1.0,0.0,0.005642484981084106,0.9282715544939157,-0.15216964565801838,1.0,2.0,0.005442484981084106,0.8778439911728597,-0.16167201722209124,1.0,1.0,0.005542484981084106,0.880412845582407,-0.12735521817406326,1.0,1.0,0.005542484981084106,0.9336382225544495,-0.13826553330322833
2023-01-05,24,0.49514137264168245,0,0,-0.007933674891517195,0.5,1.0,0.0,-0.007933674891517195,0.9209069497695177,-0.15889605605252755,-1.0,2.0,0.007733674891517195,0.8846329512060624,-0.15518866115082552,0.0,1.0,-0.0001,0.8803248042978488,-0.12744248265224578,0.0,1.0,-0.0001,0.9335448587321941,-0.13835170674989794
2023-01-06,24,0.4875744916217249,0,1,0.012745001629152375,0.5,1.0,0.0,0.012745001629152375,0.9326439103446279,-0.14817618491663054,-1.0,0.0,-0.012745001629152375,0.8733583028017393,-0.16595578304078462,0.0,0.0,0.0,0.8803248042978488,-0.12744248265224578,0.0,0.0,0.0,0.9335448587321941,-0.13835170674989794
2023-01-09,24,0.48924964535691956,0,1,0.007212636696105611,0.5,1.0,0.0,0.007212636696105611,0.939370732036779,-0.14203228920934363,-1.0,0.0,-0.007212636696105611,0.8670590866581029,-0.17197144096619943,0.0,0.0,0.0,0.8803248042978488,-0.12744248265224578,0.0,0.0,0.0,0.9335448587321941,-0.13835170674989794
2023-01-10,24,0.47025855916919085,0,1,0.0005368935499137084,0.5,1.0,0.0,0.0005368935499137084,0.9398750741237872,-0.14157165187938592,-1.0,0.0,-0.0005368935499137084,0.8665935682270821,-0.17241600415868907,0.0,0.0,0.0,0.8803248042978488,-0.12744248265224578,0.0,0.0,0.0,0.9335448587321941,-0.13835170674989794
2023-01-11,24,0.4788223325896152,0,1,0.0025192926532231485,0.5,1.0,0.0,0.0025192926532231485,0.9422428944929748,-0.13940901964864716,-1.0,0.0,-0.0025192926532231485,0.8644103654173172,-0.17450093043933712,0.0,0.0,0.0,0.8803248042978488,-0.12744248265224578,0.0,0.0,0.0,0.9335448587321941,-0.13835170674989794
2023-01-12,24,0.4668610554811541,0,1,0.008753345079312027,0.5,1.0,0.0,0.008753345079312027,0.9504906716970016,-0.13187596982548833,-1.0,0.0,-0.008753345079312027,0.8568438831986852,-0.18172680865785262,0.0,0.0,0.0,0.8803248042978488,-0.12744248265224578,0.0,0.0,0.0,0.9335448587321941,-0.13835170674989794
2023-01-13,24,0.45536551107504736,0,0,-0.003279829738637719,0.5,1.0,0.0,-0.003279829738637719,0.947373224125672,-0.13472326883648078,-1.0,0.0,0.003279829738637719,0.8596541852481702,-0.1790430119105585,0.0,0.0,-0.0,0.8803248042978488,-0.12744248265224578,0.0,0.0,-0.0,0.9335448587321941,-0.13835170674989794
2023-01-16,24,0.47275236764657935,0,1,0.000509011272584292,0.5,1.0,0.0,0.000509011272584292,0.9478554477760965,-0.13428283322641366,-1.0,0.0,-0.000509011272584292,0.8592166115773546,-0.17946088827180284,0.0,0.0,0.0,0.8803248042978488,-0.12744248265224578,0.0,0.0,0.0,0.9335448587321941,-0.13835170674989794
2023-01-17,24,0.4663374403722634,0,0,-0.0033999007811912345,0.5,1.0,0.0,-0.0033999007811912345,0.9446328332987463,-0.1372261856980178,-1.0,0.0,0.0033999007811912345,0.862137862806269,-0.17667113670484014,0.0,0.0,-0.0,0.8803248042978488,-0.12744248265224578,0.0,0.0,-0.0,0.9335448587321941,-0.13835170674989794
2023-01-18,25,0.4878117365715699,0,1,0.00042113596705495304,0.6,1.0,0.0,0.00042113596705495304,0.9450306521605094,-0.13686284061338194,0.0,1.0,-0.0001,0.8620516490199884,-0.17675346959116967,0.0,0.0,0.0,0.8803248042978488,-0.12744248265224578,1.0,1.0,0.00032113596705495305,0.9338446535631922,-0.13807500049198385
2023-01-19,25,0.49723021636953874,0,1,0.003336757233688647,0.6,1.0,0.0,0.003336757233688647,0.9481839900251635,-0.13398276145313315,0.0,0.0,0.0,0.8620516490199884,-0.17675346959116967,0.0,0.0,0.0,0.8803248042978488,-0.12744248265224578,1.0,0.0,0.003336757233688647,0.9369606664661106,-0.13519896601497838
2023-01-20,25,0.49586322935584415,0,1,0.002879363388687661,0.6,1.0,0.0,0.002879363388687661,0.9509141562917818,-0.13148918312248892,0.0,0.0,0.0,0.8620516490199884,-0.17675346959116967,0.0,0.0,0.0,0.8803248042978488,-0.12744248265224578,1.0,0.0,0.002879363388687661,0.9396585167057736,-0.13270888957922267
2023-01-23,25,0.5064259855301464,1,1,0.0008481189095626006,0.6,1.0,0.0,0.0008481189095626006,0.9517206445691037,-0.13075258267553536,0.0,0.0,0.0,0.8620516490199884,-0.17675346959116967,0.0,0.0,0.0,0.8803248042978488,-0.12744248265224578,1.0,0.0,0.0008481189095626006,0.9404554588623233,-0.1319733235883792
2023-01-24,25,0.5189947565459625,1,1,0.0012739505666399256,0.6,1.0,0.0,0.0012739505666399256,0.9529330896235354,-0.1296452044356846,0.0,0.0,0.0,0.8620516490199884,-0.17675346959116967,0.0,0.0,0.0,0.8803248042978488,-0.12744248265224578,1.0,0.0,0.0012739505666399256,0.9416535526270405,-0.13086750051210616
2023-01-25,25,0.5040473156550792,1,1,0.00311277903582563,0.6,1.0,0.0,0.00311277903582563,0.9558993597674601,-0.12693598227432168,0.0,0.0,0.0,0.8620516490199884,-0.17675346959116967,0.0,0.0,0.0,0.8803248042978488,-0.12744248265224578,1.0,0.0,0.00311277903582563,0.9445847120646688,-0.12816208308834542
2023-01-26,25,0.47953491093275963,0,0,-0.0025275947466020243,0.6,1.0,0.0,-0.0025275947466020243,0.9534832335674316,-0.12914273429897238,0.0,0.0,-0.0,0.8620516490199884,-0.17675346959116967,0.0,0.0,-0.0,0.8803248042978488,-0.12744248265224578,1.0,0.0,-0.0025275947466020243,0.9421971847087335,-0.13036573602701984
2023-01-27,25,0.4950455818777939,0,0,-0.002109003785133235,0.6,1.0,0.0,-0.002109003785133235,0.9514723338187768,-0.13097937556864658,0.0,0.0,-0.0,0.8620516490199884,-0.17675346959116967,0.0,0.0,-0.0,0.8803248042978488,-0.12744248265224578,1.0,0.0,-0.002109003785133235,0.9402100872798409,-0.13219979798142034
2023-01-30,25,0.5060828513375761,1,0,-0.0019097249254850235,0.6,1.0,0.0,-0.0019097249254850235,0.9496552833869737,-0.13263896591588376,0.0,0.0,-0.0,0.8620516490199884,-0.17675346959116967,0.0,0.0,-0.0,0.8803248042978488,-0.12744248265224578,1.0,0.0,-0.0019097249254850235,0.9384145446409702,-0.13385705765755618
2023-01-31,25,0.5107834871685333,1,1,0.0009449341051008807,0.6,1.0,0.0,0.0009449341051008807,0.9505526450523353,-0.13181936689334206,0.0,0.0,0.0,0.8620516490199884,-0.17675346959116967,0.0,0.0,0.0,0.8803248042978488,-0.12744248265224578,1.0,0.0,0.0009449341051008807,0.9393012845489241,-0.13303860965144432
2023-02-01,25,0.5135999988002469,1,1,0.013986332519027034,0.6,1.0,0.0,0.013986332519027034,0.9638473904228779,-0.11967670387213292,0.0,0.0,0.0,0.8620516490199884,-0.17675346959116967,0.0,0.0,0.0,0.8803248042978488,-0.12744248265224578,1.0,0.0,0.013986332519027034,0.9524386646501746,-0.12091299936487154
2023-02-02,25,0.4783610245195209,0,0,-0.00978193922009041,0.6,1.0,0.0,-0.00978193922009041,0.9544190938323186,-0.12828797284888538,0.0,0.0,-0.0,0.8620516490199884,-0.17675346959116967,0.0,0.0,-0.0,0.8803248042978488,-0.12744248265224578,1.0,0.0,-0.00978193922009041,0.9431219675217025,-0.12951217497425593
2023-02-03,25,0.4958993357907396,0,0,-0.010477944512183313,0.6,1.0,0.0,-0.010477944512183313,0.9444187435257753,-0.1374217230999777,0.0,0.0,-0.0,0.8620516490199884,-0.17675346959116967,0.0,0.0,-0.0,0.8803248042978488,-0.12744248265224578,1.0,0.0,-0.010477944512183313,0.933239987877789,-0.13863309810340685
2023-02-06,25,0.5060658090003631,1,0,-0.005569247387685716,0.6,1.0,0.0,-0.005569247387685716,0.9391590419055129,-0.1422256349152775,0.0,0.0,-0.0,0.8620516490199884,-0.17675346959116967,0.0,0.0,-0.0,0.8803248042978488,-0.12744248265224578,1.0,0.0,-0.005569247387685716,0.9280425435132167,-0.14343026347163335
2023-02-07,25,0.5098456847198127,1,0,-9.653820013244552e-05,0.6,1.0,0.0,-9.653820013244552e-05,0.9390683771819692,-0.14230844290860256,0.0,0.0,-0.0,0.8620516490199884,-0.17675346959116967,0.0,0.0,-0.0,0.8803248042978488,-0.12744248265224578,1.0,0.0,-9.653820013244552e-05,0.9279529519564196,-0.1435129551722858
2023-02-08,25,0.5082296868365678,1,0,-0.0012966698660300535,0.6,1.0,0.0,-0.0012966698660300535,0.9378507155151357,-0.14342058570503136,0.0,0.0,-0.0,0.8620516490199884,-0.17675346959116967,0.0,0.0,-0.0,0.8803248042978488,-0.12744248265224578,1.0,0.0,-0.0012966698660300535,0.9267497033265241,-0.14462353611395895
2023-02-09,25,0.5063176568983796,1,1,0.0024707762019642305,0.6,1.0,0.0,0.0024707762019642305,0.9401679347440256,-0.1413041696730989,0.0,0.0,0.0,0.8620516490199884,-0.17675346959116967,0.0,0.0,0.0,0.8803248042978488,-0.12744248265224578,1.0,0.0,0.0024707762019642305,0.9290394944386806,-0.14251009230326905
2023-02-10,25,0.5081702172191016,1,0,-0.00601157126484031,0.6,1.0,0.0,-0.00601157126484031,0.9345160482033942,-0.14646628085193025,0.0,0.0,-0.0,0.8620516490199884,-0.17675346959116967,0.0,0.0,-0.0,0.8803248042978488,-0.12744248265224578,1.0,0.0,-0.00601157126484031,0.9234545073100112,-0.1476649539922693
2023-02-13,25,0.5160900937393231,1,1,0.004935963763336383,0.6,1.0,0.0,0.004935963763336383,0.9391287855535825,-0.14225326934342963,0.0,0.0,0.0,0.8620516490199884,-0.17675346959116967,0.0,0.0,0.0,0.8803248042978488,-0.12744248265224578,1.0,0.0,0.004935963763336383,0.9280126452951831,-0.14345785909095354
2023-02-14,25,0.5017466856159399,1,1,0.0004939271183097561,0.6,1.0,0.0,0.0004939271183097561,0.9395926467283527,-0.14182960497251673,0.0,0.0,0.0,0.8620516490199884,-0.17675346959116967,0.0,0.0,0.0,0.8803248042978488,-0.12744248265224578,1.0,0.0,0.0004939271183097561,0.9284710159068288,-0.1430347896995834
2023-02-15,25,0.511981445066397,1,0,-0.004094928431470746,0.6,1.0,0.0,-0.004094928431470746,0.935745082085264,-0.14534375132216126,0.0,0.0,-0.0,0.8620516490199884,-0.17675346959116967,0.0,0.0,-0.0,0.8803248042978488,-0.12744248265224578,1.0,0.0,-0.004094928431470746,0.9246689935459954,-0.14654400090402386
2023-02-16,25,0.5131746428021912,1,0,-0.0024318489142922672,0.6,1.0,0.0,-0.0024318489142922672,0.9334694914233406,-0.14742214619260163,0.0,0.0,-0.0,0.8620516490199884,-0.17675346959116967,0.0,0.0,-0.0,0.8803248042978488,-0.12744248265224578,1.0,0.0,-0.0024318489142922672,0.9224203382579609,-0.1486194769488216
2023-02-17,25,0.5092251731992546,1,1,0.0017521907973379047,0.6,1.0,0.0,0.0017521907973379047,0.9351051080758083,-0.1459282671231461,0.0,0.0,0.0,0.8620516490199884,-0.17675346959116967,0.0,0.0,0.0,0.8803248042978488,-0.12744248265224578,1.0,0.0,0.0017521907973379047,0.9240365946859338,-0.1471276958312986
2023-02-20,25,0.5131010883607889,1,0,-0.00017081787957773376,0.6,1.0,0.0,-0.00017081787957773376,0.9349453754040644,-0.14607415784556343,0.0,0.0,-0.0,0.8620516490199884,-0.17675346959116967,0.0,0.0,-0.0,0.8803248042978488,-0.12744248265224578,1.0,0.0,-0.00017081787957773376,0.9238787527141773,-0.14727338166984727
2023-02-21,25,0.5104259550737722,1,0,-0.002865454534092482,0.6,1.0,0.0,-0.002865454534092482,0.932266331938984,-0.14852104352174367,0.0,0.0,-0.0,0.8620516490199884,-0.17675346959116967,0.0,0.0,-0.0,0.8803248042978488,-0.12744248265224578,1.0,0.0,-0.002865454534092482,0.9212314201532608,-0.1497168310246828
2023-02-22,25,0.5146415787432087,1,0,-0.0043377281741824305,0.6,1.0,0.0,-0.0043377281741824305,0.9282224140050905,-0.15221452778098288,0.0,0.0,-0.0,0.8620516490199884,-0.17675346959116967,0.0,0.0,-0.0,0.8803248042978488,-0.12744248265224578,1.0,0.0,-0.0043377281741824305,0.9172353686671199,-0.1534051282827802
2023-02-23,25,0.5119699140817441,1,0,-0.0007312747413590338,0.6,1.0,0.0,-0.0007312747413590338,0.9275436283993653,-0.15283449188290776,0.0,0.0,-0.0,0.8620516490199884,-0.17675346959116967,0.0,0.0,-0.0,0.8803248042978488,-0.12744248265224578,1.0,0.0,-0.0007312747413590338,0.9165646176101324,-0.15402422172863106
2023-02-24,25,0.5080454485139471,1,0,-0.004084682530496431,0.6,1.0,0.0,-0.004084682530496431,0.9237549071441692,-0.15629489403435282,0.0,0.0,-0.0,0.8620516490199884,-0.17675346959116967,0.0,0.0,-0.0,0.8803248042978488,-0.12744248265224578,1.0,0.0,-0.004084682530496431,0.9128207421285092,-0.15747976421135923
2023-02-27,25,0.5090119674098353,1,1,0.005347994623430719,0.6,1.0,0.0,0.005347994623430719,0.928695143420944,-0.15178276366388743,0.0,0.0,0.0,0.8620516490199884,-0.17675346959116967,0.0,0.0,0.0,0.8803248042978488,-0.12744248265224578,1.0,0.0,0.005347994623430719,0.9177025025495684,-0.1529739705202301
2023-02-28,25,0.4985461603101974,0,0,-0.0031943562553166105,0.6,1.0,0.0,-0.0031943562553166105,0.9257285602802751,-0.1544922716986451,0.0,0.0,-0.0,0.8620516490199884,-0.17675346959116967,0.0,0.0,-0.0,0.8803248042978488,-0.12744248265224578,1.0,0.0,-0.0031943562553166105,0.9147710338200296,-0.1556796734159147
2023-03-01,25,0.505760162984309,1,1,0.008663242754052058,0.6,1.0,0.0,0.008663242754052058,0.9337483715223422,-0.14716743299794333,0.0,0.0,0.0,0.8620516490199884,-0.17675346959116967,0.0,0.0,0.0,0.8803248042978488,-0.12744248265224578,1.0,0.0,0.008663242754052058,0.9226959173503876,-0.1483651214645363
2023-03-02,25,0.5120865463374665,1,0,-0.006487102779762277,0.6,1.0,0.0,-0.006487102779762277,0.9276910498658412,-0.15269984551401417,0.0,0.0,-0.0,0.8620516490199884,-0.17675346959116967,0.0,0.0,-0.0,0.8803248042978488,-0.12744248265224578,1.0,0.0,-0.006487102779762277,0.9167102941000685,-0.1538897644524263
2023-03-03,25,0.503332285062464,1,1,0.002497160273063681,0.6,1.0,0.0,0.002497160273063681,0.9300076431012428,-0.15058400122887106,0.0,0.0,0.0,0.8620516490199884,-0.17675346959116967,0.0,0.0,0.0,0.8803248042978488,-0.12744248265224578,1.0,0.0,0.002497160273063681,0.9189994666284037,-0.15177689158558438
2023-03-06,25,0.5137405691597092,1,1,0.005846596508106927,0.6,1.0,0.0,0.005846596508106927,0.9354450225399114,-0.14561780861652562,0.0,0.0,0.0,0.8620516490199884,-0.17675346959116967,0.0,0.0,0.0,0.8803248042978488,-0.12744248265224578,1.0,0.0,0.005846596508106927,0.9243724857009454,-0.14681767332183304
2023-03-07,25,0.4838054938261156,0,0,-0.012871932027811672,0.6,1.0,0.0,-0.012871932027811672,0.9234040377940228,-0.15661535810978655,0.0,0.0,-0.0,0.8620516490199884,-0.17675346959116967,0.0,0.0,-0.0,0.8803248042978488,-0.12744248265224578,1.0,0.0,-0.012871932027811672,0.9124740258966235,-0.1577997782381647
2023-03-08,25,0.5061246129594551,1,0,-0.0001160371996958842,0.6,1.0,0.0,-0.0001160371996958842,0.9232968885752894,-0.15671322210189798,0.0,0.0,-0.0,0.8620516490199884,-0.17675346959116967,0.0,0.0,-0.0,0.8803248042978488,-0.12744248265224578,1.0,0.0,-0.0001160371996958842,0.9123681449658633,-0.1578975047934812
2023-03-09,25,0.4987058051716274,0,1,0.0033341684009291486,0.6,1.0,0.0,0.0033341684009291486,0.9263753158858533,-0.15390156197410876,0.0,0.0,0.0,0.8620516490199884,-0.17675346959116967,0.0,0.0,0.0,0.8803248042978488,-0.12744248265224578,1.0,0.0,0.0033341684009291486,0.9154101340048229,-0.15508979326361994
2023-03-10,25,0.4913527476682362,0,1,0.009348143711590318,0.6,1.0,0.0,0.009348143711590318,0.9350352054696242,-0.1459921121812906,0.0,0.0,0.0,0.8620516490199884,-0.17675346959116967,0.0,0.0,0.0,0.8803248042978488,-0.12744248265224578,1.0,0.0,0.009348143711590318,0.9239675194925461,-0.14719145122765875
2023-03-13,25,0.4830452475457983,0,1,0.003871752264984484,0.6,1.0,0.0,0.003871752264984484,0.9386554301442414,-0.142685605207314,0.0,0.0,0.0,0.8620516490199884,-0.17675346959116967,0.0,0.0,0.0,0.8803248042978488,-0.12744248265224578,1.0,0.0,0.003871752264984484,0.9275448928289134,-0.1438895877973514
2023-03-14,25,0.47675329223628204,0,1,0.00024675464840751,0.6,1.0,0.0,0.00024675464840751,0.9388870477348824,-0.1424740588952521,0.0,0.0,0.0,0.8620516490199884,-0.17675346959116967,0.0,0.0,0.0,0.8803248042978488,-0.12744248265224578,1.0,0.0,0.00024675464840751,0.9277737688428256,-0.14367833857359025
2023-03-15,25,0.4778028054021406,0,0,-0.01345147816798975,0.6,1.0,0.0,-0.01345147816798975,0.9262576291100683,-0.1540090503705076,0.0,0.0,-0.0,0.8620516490199884,-0.17675346959116967,0.0,0.0,-0.0,0.8803248042978488,-0.12744248265224578,1.0,0.0,-0.01345147816798975,0.9152938402464027,-0.15519713070704444
2023-03-16,25,0.4931147101311304,0,1,0.0029083254589652445,0.6,1.0,0.0,0.0029083254589652445,0.9289514877543699,-0.15154863335364588,0.0,0.0,0.0,0.8620516490199884,-0.17675346959116967,0.0,0.0,0.0,0.8803248042978488,-0.12744248265224578,1.0,0.0,0.0029083254589652445,0.9179558126244254,-0.15274016901447285
2023-03-17,25,0.48644608010290336,0,1,0.006097634252235195,0.6,1.0,0.0,0.006097634252235195,0.9346158941647658,-0.14637508723902737,0.0,0.0,0.0,0.8620516490199884,-0.17675346959116967,0.0,0.0,0.0,0.8803248042978488,-0.12744248265224578,1.0,0.0,0.006097634252235195,0.9235531714295224,-0.1475738884485125
2023-03-20,25,0.48279069096051863,0,1,0.003773132904811183,0.6,1.0,0.0,0.003773132904811183,0.9381423241483984,-0.14315424699232238,0.0,0.0,0.0,0.8620516490199884,-0.17675346959116967,0.0,0.0,0.0,0.8803248042978488,-0.12744248265224578,1.0,0.0,0.003773132904811183,0.9270378602899859,-0.14435757143809724
2023-03-21,25,0.48473115262202593,0,1,0.005139307461304199,0.6,1.0,0.0,0.005139307461304199,0.9429637259946595,-0.13875065322070312,0.0,0.0,0.0,0.8620516490199884,-0.17675346959116967,0.0,0.0,0.0,0.8803248042978488,-0.12744248265224578,1.0,0.0,0.005139307461304199,0.9318021928822857,-0.13996016192078065
2023-03-22,25,0.479139945528853,0,1,0.008924567538366901,0.6,1.0,0.0,0.008924567538366901,0.9513792694535289,-0.13106437525799697,0.0,0.0,0.0,0.8620516490199884,-0.17675346959116967,0.0,0.0,0.0,0.8803248042978488,-0.12744248265224578,1.0,0.0,0.008924567538366901,0.940118124485062,-0.13228467830015656
2023-03-23,25,0.45284945581147185,0,0,-0.0032505566006554303,0.6,1.0,0.0,-0.0032505566006554303,0.94828675728948,-0.13388889968854678,0.0,0.0,-0.0,0.8620516490199884,-0.17675346959116967,0.0,0.0,-0.0,0.8803248042978488,-0.12744248265224578,1.0,0.0,-0.0032505566006554303,0.9370622173101213,-0.13510523606659786
2023-03-24,25,0.44326239054053446,0,0,-0.005248921648501104,0.6,1.0,0.0,-0.005248921648501104,0.9433092744001563,-0.13843504899297865,0.0,0.0,-0.0,0.8620516490199884,-0.17675346959116967,0.0,0.0,-0.0,0.8803248042978488,-0.12744248265224578,1.0,0.0,-0.005248921648501104,0.9321436511516897,-0.1396450009166832
2023-03-27,25,0.4794152547099364,0,1,0.002680116800534149,0.6,1.0,0.0,0.002680116800534149,0.9458374534345758,-0.13612595429303342,0.0,0.0,0.0,0.8620516490199884,-0.17675346959116967,0.0,0.0,0.0,0.8803248042978488,-0.12744248265224578,1.0,0.0,0.002680116800534149,0.9346419050116527,-0.1373391490292164
2023-03-28,25,0.4934246482305415,0,1,0.003002549519729891,0.6,1.0,0.0,0.003002549519729891,0.9486773772261283,-0.1335321296919888,0.0,0.0,0.0,0.8620516490199884,-0.17675346959116967,0.0,0.0,0.0,0.8803248042978488,-0.12744248265224578,1.0,0.0,0.003002549519729891,0.9374482136146648,-0.13474896710544426
2023-03-29,25,0.4929343312577445,0,1,0.00037952901230409175,0.6,1.0,0.0,0.00037952901230409175,0.9490374278141022,-0.13320327999697767,0.0,0.0,0.0,0.8620516490199884,-0.17675346959116967,0.0,0.0,0.0,0.8803248042978488,-0.12744248265224578,1.0,0.0,0.00037952901230409175,0.9378040024092642,-0.13442057923553474
2023-03-30,25,0.4843653134184982,0,1,0.005626793311566346,0.6,1.0,0.0,0.005626793311566346,0.9543774652653527,-0.12832599401037692,0.0,0.0,0.0,0.8620516490199884,-0.17675346959116967,0.0,0.0,0.0,0.8803248042978488,-0.12744248265224578,1.0,0.0,0.005626793311566346,0.9430808316975808,-0.12955014274014776
2023-03-31,25,0.4801908423679875,0,0,-0.009290861759458813,0.6,1.0,0.0,-0.009290861759458813,0.9455104761692297,-0.13642459669934015,0.0,0.0,-0.0,0.8620516490199884,-0.17675346959116967,0.0,0.0,-0.0,0.8803248042978488,-0.12744248265224578,1.0,0.0,-0.009290861759458813,0.9343187980622831,-0.1376373720324897
2023-04-03,25,0.5025830097655837,1,1,0.010082984873371004,0.6,1.0,0.0,0.010082984873371004,0.9550440439980579,-0.12771717897084434,0.0,0.0,0.0,0.8620516490199884,-0.17675346959116967,0.0,0.0,0.0,0.8803248042978488,-0.12744248265224578,1.0,0.0,0.010082984873371004,0.9437395203700513,-0.12894218269933289
2023-04-04,25,0.48639209694332686,0,1,0.004384046445045308,0.6,1.0,0.0,0.004384046445045308,0.9592310014440093,-0.12389305057023736,0.0,0.0,0.0,0.8620516490199884,-0.17675346959116967,0.0,0.0,0.0,0.8803248042978488,-0.12744248265224578,1.0,0.0,0.004384046445045308,0.9478769182593784,-0.12512342477196692
2023-04-05,25,0.48179319147197897,0,0,-0.005179136878680545,0.6,1.0,0.0,-0.005179136878680545,0.954263012789257,-0.12843052838169733,0.0,0.0,-0.0,0.8620516490199884,-0.17675346959116967,0.0,0.0,-0.0,0.8803248042978488,-0.12744248265224578,1.0,0.0,-0.005179136878680545,0.9429677339555712,-0.12965453030702412
2023-04-06,25,0.49387689097137494,0,1,0.0015397338358560386,0.6,1.0,0.0,0.0015397338358560386,0.9557323238383545,-0.12708854337594744,0.0,0.0,0.0,0.8620516490199884,-0.17675346959116967,0.0,0.0,0.0,0.8803248042978488,-0.12744248265224578,1.0,0.0,0.0015397338358560386,0.9444196532816631,-0.12831442993845388
2023-04-07,25,0.4850414698834466,0,0,-0.0006001876104815285,0.6,1.0,0.0,-0.0006001876104815285,0.95515870513865,-0.12761245401726062,0.0,0.0,-0.0,0.8620516490199884,-0.17675346959116967,0.0,0.0,-0.0,0.8803248042978488,-0.12744248265224578,1.0,0.0,-0.0006001876104815285,0.9438528243066682,-0.12883760481784035
2023-04-10,25,0.497050017729798,0,0,-0.004054300117389831,0.6,1.0,0.0,-0.004054300117389831,0.9512862050882804,-0.1311493749473478,0.0,0.0,-0.0,0.8620516490199884,-0.17675346959116967,0.0,0.0,-0.0,0.8803248042978488,-0.12744248265224578,1.0,0.0,-0.004054300117389831,0.940026161690283,-0.132369558618893
2023-04-11,25,0.5087069254653876,1,1,0.0044325122994950394,0.6,1.0,0.0,0.0044325122994950394,0.9555027928926741,-0.12729818386537806,0.0,0.0,0.0,0.8620516490199884,-0.17675346959116967,0.0,0.0,0.0,0.8803248042978488,-0.12744248265224578,1.0,0.0,0.0044325122994950394,0.9441928392138222,-0.1285237760160549
2023-04-12,26,0.4781062101487039,0,1,0.007545967474857918,0.52,1.0,0.0,0.007545967474857918,0.9627129858899781,-0.12071280434557685,-1.0,1.0,-0.007645967474857919,0.855460430149934,-0.18304798578646508,0.0,0.0,0.0,0.8803248042978488,-0.12744248265224578,0.0,1.0,-0.0001,0.9440984199299008,-0.12861092363845328
2023-04-13,26,0.473312697458165,0,1,0.004974544770415258,0.52,1.0,0.0,0.004974544770415258,0.967502044739348,-0.11633875082474099,-1.0,0.0,-0.004974544770415258,0.8512049039408345,-0.1871119501564512,0.0,0.0,0.0,0.8803248042978488,-0.12744248265224578,0.0,0.0,0.0,0.9440984199299008,-0.12861092363845328
2023-04-14,26,0.4739578863687132,0,0,-0.006152516278222665,0.52,1.0,0.0,-0.006152516278222665,0.9615494726598754,-0.12177549104472629,-1.0,0.0,0.006152516278222665,0.8564419559684335,-0.1821106431974161,0.0,0.0,-0.0,0.8803248042978488,-0.12744248265224578,0.0,0.0,-0.0,0.9440984199299008,-0.12861092363845328
2023-04-17,26,0.49209779292838846,0,0,-0.0055719125780892,0.52,1.0,0.0,-0.0055719125780892,0.9561918030587069,-0.12666888123256037,0.0,1.0,-0.0001,0.8563563117728367,-0.18219243213309633,0.0,0.0,-0.0,0.8803248042978488,-0.12744248265224578,1.0,1.0,-0.0056719125780892,0.9387435762269463,-0.13355336630107795
2023-04-18,26,0.5048497927723564,1,1,0.004576713719873782,0.52,1.0,0.0,0.004576713719873782,0.9605680192025965,-0.12267189471930473,0.0,0.0,0.0,0.8563563117728367,-0.18219243213309633,0.0,0.0,0.0,0.8803248042978488,-0.12744248265224578,1.0,0.0,0.004576713719873782,0.9430399368317075,-0.1295878881050896
2023-04-19,26,0.483467753450403,0,0,-0.002113759607282328,0.52,1.0,0.0,-0.002113759607282328,0.9585376093235588,-0.12452635543058066,0.0,0.0,-0.0,0.8563563117728367,-0.18219243213309633,0.0,0.0,-0.0,0.8803248042978488,-0.12744248265224578,1.0,0.0,-0.002113759607282328,0.9410465771051786,-0.1314277300689024
2023-04-20,26,0.4919840301275821,0,1,0.00171148242089636,0.52,1.0,0.0,0.00171148242089636,0.9601781295916841,-0.12302799767794204,0.0,0.0,0.0,0.8563563117728367,-0.18219243213309633,0.0,0.0,0.0,0.8803248042978488,-0.12744248265224578,1.0,0.0,0.00171148242089636,0.9426571617791388,-0.1299411838976372
2023-04-21,26,0.49637223828021737,0,1,0.0019455441063704895,0.52,1.0,0.0,0.0019455441063704895,0.9620461984927771,-0.12132180996737241,0.0,0.0,0.0,0.8563563117728367,-0.18219243213309633,0.0,0.0,0.0,0.8803248042978488,-0.12744248265224578,1.0,0.0,0.0019455441063704895,0.9444911428645661,-0.12824844609577357
2023-04-24,26,0.5039540431376591,1,1,0.006115940312673818,0.52,1.0,0.0,0.006115940312673818,0.9679300156207936,-0.11594786660308465,0.0,0.0,0.0,0.8563563117728367,-0.18219243213309633,0.0,0.0,0.0,0.8803248042978488,-0.12744248265224578,1.0,0.0,0.006115940312673818,0.9502675943201749,-0.12291686562461468
2023-04-25,26,0.48275359892762504,0,0,-0.007333535186277218,0.52,1.0,0.0,-0.007333535186277218,0.9608316667933847,-0.1224310940298543,0.0,0.0,-0.0,0.8563563117728367,-0.18219243213309633,0.0,0.0,-0.0,0.8803248042978488,-0.12744248265224578,1.0,0.0,-0.007333535186277218,0.9432987734808489,-0.12934898565184694
2023-04-26,26,0.5030862426401798,1,1,0.006274821933590191,0.52,1.0,0.0,0.006274821933590191,0.9668607144106679,-0.11692450541043609,0.0,0.0,0.0,0.8563563117728367,-0.18219243213309633,0.0,0.0,0.0,0.8803248042978488,-0.12744248265224578,1.0,0.0,0.006274821933590191,0.9492178053146153,-0.12388580557051254
2023-04-27,26,0.47437457114056725,0,0,-0.0013789595313846716,0.52,1.0,0.0,-0.0013789595313846716,0.9655274526130099,-0.11814223078063257,-1.0,1.0,0.0012789595313846716,0.8574515568400399,-0.18114648934933442,0.0,0.0,-0.0,0.8803248042978488,-0.12744248265224578,0.0,1.0,-0.0001,0.9491228835340838,-0.12397341698995545
2023-04-28,26,0.4974248751016674,0,0,-0.0019159632229287518,0.52,1.0,0.0,-0.0019159632229287518,0.9636775375230753,-0.11983183783431084,0.0,1.0,-0.0001,0.8573658116843559,-0.18122837470039954,0.0,0.0,-0.0,0.8803248042978488,-0.12744248265224578,1.0,1.0,-0.002015963222928752,0.947209486706839,-0.12573945436361167
2023-05-01,26,0.5021908503654579,1,0,-0.0037843921728094583,0.52,1.0,0.0,-0.0037843921728094583,0.9600306037929607,-0.12316273933796673,0.0,0.0,-0.0,0.8573658116843559,-0.18122837470039954,0.0,0.0,-0.0,0.8803248042978488,-0.12744248265224578,1.0,0.0,-0.0037843921728094583,0.9436248745393347,-0.12904799912951415
2023-05-02,26,0.5108986309063144,1,1,0.0037987682014573036,0.52,1.0,0.0,0.0037987682014573036,0.9636775375230753,-0.11983183783431084,0.0,0.0,0.0,0.8573658116843559,-0.18122837470039954,0.0,0.0,0.0,0.8803248042978488,-0.12744248265224578,1.0,0.0,0.0037987682014573036,0.9472094867068389,-0.12573945436361178
2023-05-03,26,0.5030319677975992,1,1,0.005268809311456123,0.52,1.0,0.0,0.005268809311456123,0.968754970706018,-0.11519439962584499,0.0,0.0,0.0,0.8573658116843559,-0.18122837470039954,0.0,0.0,0.0,0.8803248042978488,-0.12744248265224578,1.0,0.0,0.005268809311456123,0.9522001528702995,-0.12113314226012406
2023-05-04,26,0.48894087531107616,0,0,-0.0041556061589043125,0.52,1.0,0.0,-0.0041556061589043125,0.9647292065832829,-0.11887130322819295,0.0,0.0,-0.0,0.8573658116843559,-0.18122837470039954,0.0,0.0,-0.0,0.8803248042978488,-0.12744248265224578,1.0,0.0,-0.0041556061589043125,0.948243184050522,-0.1247853667870048
2023-05-05,26,0.49512430184938166,0,0,-0.0003856510137344449,0.52,1.0,0.0,-0.0003856510137344449,0.9643571577867848,-0.11921111140333351,0.0,0.0,-0.0,0.8573658116843559,-0.18122837470039954,0.0,0.0,-0.0,0.8803248042978488,-0.12744248265224578,1.0,0.0,-0.0003856510137344449,0.9478774931053261,-0.12512289419753864
2023-05-08,26,0.5069398390686084,1,0,-0.0020453015080595933,0.52,1.0,0.0,-0.0020453015080595933,0.9623847566376554,-0.1210125902454624,0.0,0.0,-0.0,0.8573658116843559,-0.18122837470039954,0.0,0.0,-0.0,0.8803248042978488,-0.12744248265224578,1.0,0.0,-0.0020453015080595933,0.9459387978392221,-0.12691228166140323
2023-05-09,26,0.5118473581285332,1,0,-0.0028618103774721293,0.52,1.0,0.0,-0.0028618103774721293,0.9596305939539888,-0.1235280855363653,0.0,0.0,-0.0,0.8573658116843559,-0.18122837470039954,0.0,0.0,-0.0,0.8803248042978488,-0.12744248265224578,1.0,0.0,-0.0028618103774721293,0.9432317003711123,-0.12941089315418808
2023-05-10,26,0.5062380884300354,1,1,0.0017684600274869848,0.52,1.0,0.0,0.0017684600274869848,0.96132766230055,-0.12197807999042132,0.0,0.0,0.0,0.8573658116843559,-0.18122837470039954,0.0,0.0,0.0,0.8803248042978488,-0.12744248265224578,1.0,0.0,0.0017684600274869848,0.9448997679298772,-0.1278712911183656
2023-05-11,26,0.4999905787085311,0,0,-0.006547357479011251,0.52,1.0,0.0,-0.006547357479011251,0.955033506441006,-0.12772680337513198,0.0,0.0,-0.0,0.8573658116843559,-0.18122837470039954,0.0,0.0,-0.0,0.8803248042978488,-0.12744248265224578,1.0,0.0,-0.006547357479011251,0.9387131713674055,-0.13358142954312224
2023-05-12,26,0.5092655659834321,1,0,-0.005447918677449981,0.52,1.0,0.0,-0.005447918677449981,0.9498305615636755,-0.1324788768148636,0.0,0.0,-0.0,0.8573658116843559,-0.18122837470039954,0.0,0.0,-0.0,0.8803248042978488,-0.12744248265224578,1.0,0.0,-0.005447918677449981,0.9335991383483447,-0.13830160745560371
2023-05-15,26,0.5154604233703453,1,1,0.0019354338392483243,0.52,1.0,0.0,0.0019354338392483243,0.9516688957740781,-0.13079984707678838,0.0,0.0,0.0,0.8573658116843559,-0.18122837470039954,0.0,0.0,0.0,0.8803248042978488,-0.12744248265224578,1.0,0.0,0.0019354338392483243,0.9354060577129972,-0.13663384722744742
2023-05-16,26,0.5097590410304108,1,0,-0.0007388021428880176,0.52,1.0,0.0,-0.0007388021428880176,0.9509658007545604,-0.13144201401236655,0.0,0.0,-0.0,0.8573658116843559,-0.18122837470039954,0.0,0.0,-0.0,0.8803248042978488,-0.12744248265224578,1.0,0.0,-0.0007388021428880176,0.9347149777130884,-0.1372717039912127
2023-05-17,26,0.5103653108926338,1,0,-0.0025144866312231118,0.52,1.0,0.0,-0.0025144866312231118,0.9485746099618126,-0.1336259914565746,0.0,0.0,-0.0,0.8573658116843559,-0.18122837470039954,0.0,0.0,-0.0,0.8803248042978488,-0.12744248265224578,1.0,0.0,-0.0025144866312231118,0.9323646493976249,-0.1394410227579047
2023-05-18,26,0.5145040566447178,1,0,-0.005808049922436109,0.52,1.0,0.0,-0.005808049922436109,0.9430652412719991,-0.1386579349496958,0.0,0.0,-0.0,0.8573658116843559,-0.18122837470039954,0.0,0.0,-0.0,0.8803248042978488,-0.12744248265224578,1.0,0.0,-0.005808049922436109,0.9269494289680088,-0.14443919225892743
2023-05-19,26,0.5175179483212788,1,1,0.00439415257651854,0.52,1.0,0.0,0.00439415257651854,0.9472092138317595,-0.1348730664952913,0.0,0.0,0.0,0.8573658116843559,-0.18122837470039954,0.0,0.0,0.0,0.8803248042978488,-0.12744248265224578,1.0,0.0,0.00439415257651854,0.931022586189611,-0.1406797275312237
2023-05-22,26,0.5030491640820124,1,0,-0.0010810927507085564,0.52,1.0,0.0,-0.0010810927507085564,0.9461851928172816,-0.13580834895154592,0.0,0.0,-0.0,0.8573658116843559,-0.18122837470039954,0.0,0.0,-0.0,0.8803248042978488,-0.12744248265224578,1.0,0.0,-0.0010810927507085564,0.9300160644209354,-0.1416087324483266
2023-05-23,26,0.5120589533082074,1,0,-0.00382326003791833,0.52,1.0,0.0,-0.00382326003791833,0.9425676807811133,-0.13911237835610213,0.0,0.0,-0.0,0.8573658116843559,-0.18122837470039954,0.0,0.0,-0.0,0.8803248042978488,-0.12744248265224578,1.0,0.0,-0.00382326003791833,0.9264603711672128,-0.1448905854784549
2023-05-24,26,0.5177841370494459,1,0,-0.0011510590374074203,0.52,1.0,0.0,-0.0011510590374074203,0.941482729733782,-0.1401033108331876,0.0,0.0,-0.0,0.8573658116843559,-0.18122837470039954,0.0,0.0,-0.0,0.8803248042978488,-0.12744248265224578,1.0,0.0,-0.0011510590374074203,0.925393960584181,-0.1458748668980121
2023-05-25,26,0.5116711974495274,1,0,-0.0030564423990097067,0.52,1.0,0.0,-0.0030564423990097067,0.9386051420006882,-0.1427315355327251,0.0,0.0,-0.0,0.8573658116843559,-0.18122837470039954,0.0,0.0,-0.0,0.8803248042978488,-0.12744248265224578,1.0,0.0,-0.0030564423990097067,0.922565547247264,-0.14848545116888479
2023-05-26,26,0.5150187690428627,1,0,-0.000128719455945725,0.52,1.0,0.0,-0.000128719455945725,0.9384843252574621,-0.14284188266307074,0.0,0.0,-0.0,0.8573658116843559,-0.18122837470039954,0.0,0.0,-0.0,0.8803248042978488,-0.12744248265224578,1.0,0.0,-0.000128719455945725,0.922446795111948,-0.14859505765834025
2023-05-29,26,0.5090221808081521,1,0,-0.001434884194828956,0.52,1.0,0.0,-0.001434884194828956,0.9371377089320554,-0.14407180529810693,0.0,0.0,-0.0,0.8573658116843559,-0.18122837470039954,0.0,0.0,-0.0,0.8803248042978488,-0.12744248265224578,1.0,0.0,-0.001434884194828956,0.9211231907850713,-0.14981672515350553
2023-05-30,26,0.5073345655532306,1,1,0.0023721243822814046,0.52,1.0,0.0,0.0023721243822814046,0.9393607161409685,-0.14204143715797235,0.0,0.0,0.0,0.8573658116843559,-0.18122837470039954,0.0,0.0,0.0,0.8803248042978488,-0.12744248265224578,1.0,0.0,0.0023721243822814046,0.9233082095650175,-0.14779998467783428
2023-05-31,26,0.5066212443676958,1,0,-0.003529496306512891,0.52,1.0,0.0,-0.003529496306512891,0.9360452459628656,-0.14506959873666436,0.0,0.0,-0.0,0.8573658116843559,-0.18122837470039954,0.0,0.0,-0.0,0.8803248042978488,-0.12744248265224578,1.0,0.0,-0.003529496306512891,0.9200493966495847,-0.15080782148432403
2023-06-01,26,0.509546476102348,1,1,0.006133681714862725,0.52,1.0,0.0,0.006133681714862725,0.9417866495723123,-0.13982572776695523,0.0,0.0,0.0,0.8573658116843559,-0.18122837470039954,0.0,0.0,0.0,0.8803248042978488,-0.12744248265224578,1.0,0.0,0.006133681714862725,0.9256926868105848,-0.14559914694655796
2023-06-02,26,0.47868404507973766,0,0,-0.0057772391842383355,0.52,1.0,0.0,-0.0057772391842383355,0.9363457228372106,-0.14479516027777362,-1.0,1.0,0.005677239184238335,0.8622332824656767,-0.17658001234630616,0.0,0.0,-0.0,0.8803248042978488,-0.12744248265224578,0.0,1.0,-0.0001,0.9256001175419037,-0.14568458703186327
2023-06-05,26,0.5103676991413606,1,1,0.0012318024997735044,0.52,1.0,0.0,0.0012318024997735044,0.9374991158392537,-0.14374171681838543,0.0,1.0,-0.0001,0.8621470591374301,-0.1766623543450715,0.0,0.0,0.0,0.8803248042978488,-0.12744248265224578,1.0,1.0,0.0011318024997735044,0.9266477140687284,-0.14471767071187092
2023-06-06,26,0.5086300463197905,1,0,-0.0012837051905092434,0.52,1.0,0.0,-0.0012837051905092434,0.9362956433581531,-0.1448409000209221,0.0,0.0,-0.0,0.8621470591374301,-0.1766623543450715,0.0,0.0,-0.0,0.8803248042978488,-0.12744248265224578,1.0,0.0,-0.0012837051905092434,0.9254581715884048,-0.14581560107732894
2023-06-07,26,0.506662043876483,1,1,0.0008779639082063806,0.52,1.0,0.0,0.0008779639082063806,0.9371176771404324,-0.14409010119536625,0.0,0.0,0.0,0.8621470591374301,-0.1766623543450715,0.0,0.0,0.0,0.8803248042978488,-0.12744248265224578,1.0,0.0,0.0008779639082063806,0.9262706904616141,-0.14506565800412186
2023-06-08,26,0.5025629894465403,1,1,0.007030353420354186,0.52,1.0,0.0,0.007030353420354186,0.943705945607191,-0.13807275211079006,0.0,0.0,0.0,0.8621470591374301,-0.1766623543450715,0.0,0.0,0.0,0.8803248042978488,-0.12744248265224578,1.0,0.0,0.007030353420354186,0.9327827007784748,-0.13905516742869284
2023-06-09,26,0.483004714685638,0,0,-0.002945761613426079,0.52,1.0,0.0,-0.002945761613426079,0.9409260128582594,-0.14061178431118815,0.0,0.0,-0.0,0.8621470591374301,-0.1766623543450715,0.0,0.0,-0.0,0.8803248042978488,-0.12744248265224578,1.0,0.0,-0.002945761613426079,0.9300349453048536,-0.1415913056677589
2023-06-12,26,0.5027439813561996,1,1,0.0011193590458071778,0.52,1.0,0.0,0.0011193590458071778,0.9419792469021876,-0.1396498203380967,0.0,0.0,0.0,0.8621470591374301,-0.1766623543450715,0.0,0.0,0.0,0.8803248042978488,-0.12744248265224578,1.0,0.0,0.0011193590458071778,0.9310759883337975,-0.1406304381307586
2023-06-13,26,0.5039821006088866,1,1,0.0024492036405445727,0.52,1.0,0.0,0.0024492036405445727,0.9442863459030179,-0.1375426475459256,0.0,0.0,0.0,0.8621470591374301,-0.1766623543450715,0.0,0.0,0.0,0.8803248042978488,-0.12744248265224578,1.0,0.0,0.0024492036405445727,0.9333563830340482,-0.13852566707125524
2023-06-14,26,0.48071221824834615,0,1,0.0049769290143746306,0.52,1.0,0.0,0.0049769290143746306,0.9489859920158203,-0.1332502585248363,0.0,0.0,0.0,0.8621470591374301,-0.1766623543450715,0.0,0.0,0.0,0.8803248042978488,-0.12744248265224578,1.0,0.0,0.0049769290143746306,0.9380016314975221,-0.13423817046856312
2023-06-15,26,0.46731547586093447,0,1,0.009490087025812999,0.52,1.0,0.0,0.009490087025812999,0.957991951666328,-0.12502472804863596,-1.0,1.0,-0.009590087025812998,0.8538789938112533,-0.18455823401853033,0.0,0.0,0.0,0.8803248042978488,-0.12744248265224578,0.0,1.0,-0.0001,0.9379078313343724,-0.13432474665151628
2023-06-16,26,0.46329972688584753,0,0,-0.00035013673847028576,0.52,1.0,0.0,-0.00035013673847028576,0.9576565234888907,-0.12533108903659917,-1.0,0.0,0.00035013673847028576,0.8541779682171946,-0.18427271789817723,0.0,0.0,-0.0,0.8803248042978488,-0.12744248265224578,0.0,0.0,-0.0,0.9379078313343724,-0.13432474665151628
2023-06-19,26,0.45355315083308595,0,0,-0.0016277528317081293,0.52,1.0,0.0,-0.0016277528317081293,0.9560976953709779,-0.12675483383322705,-1.0,0.0,0.0016277528317081293,0.8555683588237428,-0.18294491550483438,0.0,0.0,-0.0,0.8803248042978488,-0.12744248265224578,0.0,0.0,-0.0,0.9379078313343724,-0.13432474665151628
2023-06-20,26,0.45396971196521413,0,0,-0.0003603241433216553,0.52,1.0,0.0,-0.0003603241433216553,0.9557531902879616,-0.12706948514963579,-1.0,0.0,0.0003603241433216553,0.8558766407596891,-0.1826505108314671,0.0,0.0,-0.0,0.8803248042978488,-0.12744248265224578,0.0,0.0,-0.0,0.9379078313343724,-0.13432474665151628
2023-06-21,26,0.45662072800299036,0,1,0.006617638951915028,0.52,1.0,0.0,0.006617638951915028,0.9620780198284282,-0.12129274617224683,-1.0,0.0,-0.006617638951915028,0.8502127581637635,-0.18805943464831665,0.0,0.0,0.0,0.8803248042978488,-0.12744248265224578,0.0,0.0,0.0,0.9379078313343724,-0.13432474665151628
2023-06-22,26,0.45434364395571464,0,0,-0.003068550813546622,0.52,1.0,0.0,-0.003068550813546622,0.9591258345379884,-0.12398910403084928,-1.0,0.0,0.003068550813546622,0.8528216792145147,-0.18556795376595525,0.0,0.0,-0.0,0.8803248042978488,-0.12744248265224578,0.0,0.0,-0.0,0.9379078313343724,-0.13432474665151628
2023-06-23,26,0.4657524483621187,0,0,-0.004766237771259507,0.52,1.0,0.0,-0.004766237771259507,0.9545544127580227,-0.12816438025125232,-1.0,0.0,0.004766237771259507,0.856886430114136,-0.18168617698507017,0.0,0.0,-0.0,0.8803248042978488,-0.12744248265224578,0.0,0.0,-0.0,0.9379078313343724,-0.13432474665151628
2023-06-26,26,0.4968953454945325,0,1,0.0003492116615053664,0.52,1.0,0.0,0.0003492116615053664,0.9548877542904992,-0.12785992508592026,0.0,1.0,-0.0001,0.8568007414711246,-0.18176800836737173,0.0,0.0,0.0,0.8803248042978488,-0.12744248265224578,1.0,1.0,0.00024921166150536643,0.9381415689033581,-0.13410901028330524
2023-06-27,26,0.5018462986515886,1,1,0.004284243629030016,0.52,1.0,0.0,0.004284243629030016,0.9589787260682571,-0.12412346452634782,0.0,0.0,0.0,0.8568007414711246,-0.18176800836737173,0.0,0.0,0.0,0.8803248042978488,-0.12744248265224578,1.0,0.0,0.004284243629030016,0.9421607959430606,-0.130399322327177
2023-06-28,26,0.4892806192241663,0,0,-0.00377693292288539,0.52,1.0,0.0,-0.00377693292288539,0.9553567277454231,-0.12743159144956107,0.0,0.0,-0.0,0.8568007414711246,-0.18176800836737173,0.0,0.0,-0.0,0.8803248042978488,-0.12744248265224578,1.0,0.0,-0.00377693292288539,0.9386023178142113,-0.13368374575644293
2023-06-29,26,0.5025608691338104,1,0,-0.004379772168849438,0.52,1.0,0.0,-0.004379772168849438,0.9511724829379207,-0.13125324228074753,0.0,0.0,-0.0,0.8568007414711246,-0.18176800836737173,0.0,0.0,-0.0,0.8803248042978488,-0.12744248265224578,1.0,0.0,-0.004379772168849438,0.934491453505031,-0.1374780135762007
2023-06-30,26,0.5093788954342543,1,1,0.003632209849898427,0.52,1.0,0.0,0.003632209849898427,0.9546273409994002,-0.12809777175029224,0.0,0.0,0.0,0.8568007414711246,-0.18176800836737173,0.0,0.0,0.0,0.8803248042978488,-0.12744248265224578,1.0,0.0,0.003632209849898427,0.9378857225670979,-0.13434515272135827
2023-07-03,26,0.5069511900905731,1,1,0.0005129030135702095,0.52,1.0,0.0,0.0005129030135702095,0.9551169722394353,-0.12765057046988448,0.0,0.0,0.0,0.8568007414711246,-0.18176800836737173,0.0,0.0,0.0,0.8803248042978488,-0.12744248265224578,1.0,0.0,0.0005129030135702095,0.9383667669805871,-0.13390115574147732
2023-07-04,26,0.5067300055136412,1,0,-0.002579694886849393,0.52,1.0,0.0,-0.002579694886849393,0.9526530618698061,-0.1299009658327892,0.0,0.0,-0.0,0.8568007414711246,-0.18176800836737173,0.0,0.0,-0.0,0.8803248042978488,-0.12744248265224578,1.0,0.0,-0.002579694886849393,0.9359460670298179,-0.13613542650151722
2023-07-05,27,0.5064002511520497,1,0,-0.0026056420166346013,0.52,1.0,0.0,-0.0026056420166346013,0.9501707890245226,-0.13216813243484848,0.0,0.0,-0.0,0.8568007414711246,-0.18176800836737173,0.0,0.0,-0.0,0.8803248042978488,-0.12744248265224578,1.0,0.0,-0.0026056420166346013,0.9335073266322611,-0.13838634833090702
2023-07-06,27,0.5066285450866005,1,1,0.0031365420823148416,0.52,1.0,0.0,0.0031365420823148416,0.9531510396896843,-0.1294461412618565,0.0,0.0,0.0,0.8568007414711246,-0.18176800836737173,0.0,0.0,0.0,0.8803248042978488,-0.12744248265224578,1.0,0.0,0.0031365420823148416,0.9364353116463924,-0.13568386085374995
2023-07-07,27,0.5127406169224289,1,1,0.007261928113446503,0.52,1.0,0.0,0.007261928113446503,0.9600727540211675,-0.12312424172081671,0.0,0.0,0.0,0.8568007414711246,-0.18176800836737173,0.0,0.0,0.0,0.8803248042978488,-0.12744248265224578,1.0,0.0,0.007261928113446503,0.9432356375624613,-0.12940725918397833
2023-07-10,27,0.4742153500413439,0,1,0.003301865417034922,0.52,1.0,0.0,0.003301865417034922,0.9632427850455075,-0.12022891597951835,-1.0,1.0,-0.003401865417034922,0.8538860206594241,-0.18455152348281834,0.0,0.0,0.0,0.8803248042978488,-0.12744248265224578,0.0,1.0,-0.0001,0.943141313998705,-0.12949431845805992
2023-07-11,27,0.48203141365234076,0,1,0.0007378319201123417,0.52,1.0,0.0,0.0007378319201123417,0.963953496319132,-0.11957979279133624,0.0,1.0,-0.0001,0.8538006320573581,-0.1846330683304701,0.0,0.0,0.0,0.8803248042978488,-0.12744248265224578,1.0,1.0,0.0006378319201123416,0.9437428796339501,-0.1289390821477333
2023-07-12,27,0.49246741289511037,0,1,0.011846719009202868,0.52,1.0,0.0,0.011846719009202868,0.9753731825279633,-0.10914970198651108,0.0,0.0,0.0,0.8538006320573581,-0.1846330683304701,0.0,0.0,0.0,0.8803248042978488,-0.12744248265224578,1.0,0.0,0.011846719009202868,0.9549231363459094,-0.11861986821403925
2023-07-13,27,0.4427870794100496,0,1,0.007081930556925409,0.52,1.0,0.0,0.007081930556925409,0.9822807076737137,-0.10284076203936332,-1.0,1.0,-0.007181930556925409,0.8476686952084632,-0.19048897701213396,0.0,0.0,0.0,0.8803248042978488,-0.12744248265224578,0.0,1.0,-0.0001,0.9548276440322748,-0.11870800622721778
2023-07-14,27,0.41345373213279707,0,1,0.00038184037288013783,0.52,1.0,0.0,0.00038184037288013783,0.9826557821054047,-0.10249819042140762,-1.0,0.0,-0.00038184037288013783,0.847345021077806,-0.19079808100300222,0.0,0.0,0.0,0.8803248042978488,-0.12744248265224578,0.0,0.0,0.0,0.9548276440322748,-0.11870800622721778
2023-07-17,27,0.43278482404358803,0,1,0.0008764642952547862,0.52,1.0,0.0,0.0008764642952547862,0.9835170448129458,-0.10171156213038546,-1.0,0.0,-0.0008764642952547862,0.8466023534210694,-0.1915073175926547,0.0,0.0,0.0,0.8803248042978488,-0.12744248265224578,0.0,0.0,0.0,0.9548276440322748,-0.11870800622721778
2023-07-18,27,0.4371590138390619,0,0,-0.0007747078827242682,0.52,1.0,0.0,-0.0007747078827242682,0.9827551064055355,-0.102407473264163,-1.0,0.0,0.0007747078827242682,0.8472582229377976,-0.19088097193846887,0.0,0.0,-0.0,0.8803248042978488,-0.12744248265224578,0.0,0.0,-0.0,0.9548276440322748,-0.11870800622721778
2023-07-19,27,0.43833856468858917,0,0,-0.002106698928900031,0.52,1.0,0.0,-0.002106698928900031,0.9806847372755,-0.10429843047882603,-1.0,0.0,0.002106698928900031,0.8490431409285625,-0.18917640174869899,0.0,0.0,-0.0,0.8803248042978488,-0.12744248265224578,0.0,0.0,-0.0,0.9548276440322748,-0.11870800622721778
2023-07-20,27,0.44649219737382073,0,0,-0.0060807699705690554,0.52,1.0,0.0,-0.0060807699705690554,0.9747214189744797,-0.10974498568536195,-1.0,0.0,0.0060807699705690554,0.8542059769636384,-0.18424596996102383,0.0,0.0,-0.0,0.8803248042978488,-0.12744248265224578,0.0,0.0,-0.0,0.9548276440322748,-0.11870800622721778
2023-07-21,27,0.4856778389680306,0,0,-0.0010570004201242431,0.52,1.0,0.0,-0.0010570004201242431,0.9736911380251196,-0.11068598560951026,0.0,1.0,-0.0001,0.8541205563659421,-0.18432754536402762,0.0,0.0,-0.0,0.8803248042978488,-0.12744248265224578,1.0,1.0,-0.0011570004201242432,0.9537229080469832,-0.11972766143426505
2023-07-24,27,0.5045315939488995,1,0,-0.005586867539592366,0.52,1.0,0.0,-0.005586867539592366,0.9682512546124984,-0.11565446520901301,0.0,0.0,-0.0,0.8541205563659421,-0.18432754536402762,0.0,0.0,-0.0,0.8803248042978488,-0.12744248265224578,1.0,0.0,-0.005586867539592366,0.9483945844902499,-0.124645626388599
2023-07-25,27,0.4973798220120967,0,0,-0.001149188725558914,0.52,1.0,0.0,-0.001149188725558914,0.9671385511871894,-0.11667074512709319,0.0,0.0,-0.0,0.8541205563659421,-0.18432754536402762,0.0,0.0,-0.0,0.8803248042978488,-0.12744248265224578,1.0,0.0,-0.001149188725558914,0.9473047001263726,-0.12565157376562197
2023-07-26,27,0.5097992980743371,1,1,0.002525837950030141,0.52,1.0,0.0,0.002525837950030141,0.9695813864427152,-0.11443959857276342,0.0,0.0,0.0,0.8541205563659421,-0.18432754536402762,0.0,0.0,0.0,0.8803248042978488,-0.12744248265224578,1.0,0.0,0.002525837950030141,0.9496974382881936,-0.12344311132909003
2023-07-27,27,0.506434237425972,1,0,-0.00899161957941541,0.52,1.0,0.0,-0.00899161957941541,0.9608632794645401,-0.12240222081699148,0.0,0.0,-0.0,0.8541205563659421,-0.18432754536402762,0.0,0.0,-0.0,0.8803248042978488,-0.12744248265224578,1.0,0.0,-0.00899161957941541,0.9411581202075608,-0.13132477741173487
2023-07-28,27,0.5110005603676722,1,1,0.004145109563362227,0.52,1.0,0.0,0.004145109563362227,0.9648461630333321,-0.11876448186971456,0.0,0.0,0.0,0.8541205563659421,-0.18432754536402762,0.0,0.0,0.0,0.8803248042978488,-0.12744248265224578,1.0,0.0,0.004145109563362227,0.9450593237322692,-0.12772402343912848
2023-07-31,27,0.5139438144609433,1,0,-0.0024194883487713707,0.52,1.0,0.0,-0.0024194883487713707,0.9625117289835162,-0.1208966209383543,0.0,0.0,-0.0,0.8541205563659421,-0.18432754536402762,0.0,0.0,-0.0,0.8803248042978488,-0.12744248265224578,1.0,0.0,-0.0024194883487713707,0.9427727637096012,-0.12983448500133077
2023-08-01,27,0.51114732416964,1,1,0.000935672717465863,0.52,1.0,0.0,0.000935672717465863,0.963412324948567,-0.12007406789073427,0.0,0.0,0.0,0.8541205563659421,-0.18432754536402762,0.0,0.0,0.0,0.8803248042978488,-0.12744248265224578,1.0,0.0,0.000935672717465863,0.9436548904633741,-0.1290202948692668
2023-08-02,27,0.5080503984007982,1,0,-0.005789423526761706,0.52,1.0,0.0,-0.005789423526761706,0.9578347229685376,-0.12516833178389541,0.0,0.0,-0.0,0.8541205563659421,-0.18432754536402762,0.0,0.0,-0.0,0.8803248042978488,-0.12744248265224578,1.0,0.0,-0.005789423526761706,0.9381916726393817,-0.13406276526548266
2023-08-03,27,0.5083811544590051,1,1,0.0006790391062911905,0.52,1.0,0.0,0.0006790391062911905,0.9584851302027968,-0.12457428686975469,0.0,0.0,0.0,0.8541205563659421,-0.18432754536402762,0.0,0.0,0.0,0.8803248042978488,-0.12744248265224578,1.0,0.0,0.0006790391062911905,0.9388287414743006,-0.1334747600195043
2023-08-04,27,0.5101613481067742,1,1,0.004665144346476024,0.52,1.0,0.0,0.004665144346476024,0.9629566016891438,-0.1204902995533853,0.0,0.0,0.0,0.8541205563659421,-0.18432754536402762,0.0,0.0,0.0,0.8803248042978488,-0.12744248265224578,1.0,0.0,0.004665144346476024,0.9432085130698986,-0.1294322946951305
2023-08-07,27,0.48540062697100234,0,1,4.398837146823987e-05,0.52,1.0,0.0,4.398837146823987e-05,0.9629989605818466,-0.1204516113539722,0.0,0.0,0.0,0.8541205563659421,-0.18432754536402762,0.0,0.0,0.0,0.8803248042978488,-0.12744248265224578,1.0,0.0,4.398837146823987e-05,0.9432500032763436,-0.12939399983952138
2023-08-08,27,0.5039242999741995,1,0,-0.004021942081347207,0.52,1.0,0.0,-0.004021942081347207,0.9591258345379889,-0.12398910403084873,0.0,0.0,-0.0,0.8541205563659421,-0.18432754536402762,0.0,0.0,-0.0,0.8803248042978488,-0.12744248265224578,1.0,0.0,-0.004021942081347207,0.9394563063949355,-0.13289552674784022
2023-08-09,27,0.5088699112202881,1,1,0.0017124995716848444,0.52,1.0,0.0,0.0017124995716848444,0.9607683371188271,-0.12248893574671027,0.0,0.0,0.0,0.8541205563659421,-0.18432754536402762,0.0,0.0,0.0,0.8803248042978488,-0.12744248265224578,1.0,0.0,0.0017124995716848444,0.9410651249172535,-0.1314106107087898
2023-08-10,27,0.5072576821196371,1,1,0.00036237321552645696,0.52,1.0,0.0,0.00036237321552645696,0.9611164938305249,-0.12217094924069682,0.0,0.0,0.0,0.8541205563659421,-0.18432754536402762,0.0,0.0,0.0,0.8803248042978488,-0.12744248265224578,1.0,0.0,0.00036237321552645696,0.9414061417125895,-0.13109585717882022
2023-08-11,27,0.5078225265532516,1,0,-0.003392720966774565,0.52,1.0,0.0,-0.003392720966774565,0.9578556937503933,-0.12514917826645167,0.0,0.0,-0.0,0.8541205563659421,-0.18432754536402762,0.0,0.0,-0.0,0.8803248042978488,-0.12744248265224578,1.0,0.0,-0.003392720966774565,0.9382122133573508,-0.13404380648228698
2023-08-14,27,0.5126983711867642,1,0,-0.003152985991122126,0.52,1.0,0.0,-0.003152985991122126,0.9548355881664817,-0.12790757065169922,0.0,0.0,-0.0,0.8541205563659421,-0.18432754536402762,0.0,0.0,-0.0,0.8803248042978488,-0.12744248265224578,1.0,0.0,-0.003152985991122126,0.9352540433919354,-0.13677415422937378
2023-08-15,27,0.508550026712546,1,0,-0.0005233900728965901,0.52,1.0,0.0,-0.0005233900728965901,0.9543358366983871,-0.12836401517186835,0.0,0.0,-0.0,0.8541205563659421,-0.18432754536402762,0.0,0.0,-0.0,0.8803248042978488,-0.12744248265224578,1.0,0.0,-0.0005233900728965901,0.9347645407099877,-0.13722595806771787
2023-08-16,27,0.50770091178556,1,0,-0.0026861019315007617,0.52,1.0,0.0,-0.0026861019315007617,0.9517723933641311,-0.13070531827428078,0.0,0.0,-0.0,0.8541205563659421,-0.18432754536402762,0.0,0.0,-0.0,0.8803248042978488,-0.12744248265224578,1.0,0.0,-0.0026861019315007617,0.9322536678716882,-0.13954345708820082
2023-08-17,27,0.5083402301220773,1,0,-2.170454328709326e-05,0.52,1.0,0.0,-2.170454328709326e-05,0.9517517355790199,-0.13072418591832946,0.0,0.0,-0.0,0.8541205563659421,-0.18432754536402762,0.0,0.0,-0.0,0.8803248042978488,-0.12744248265224578,1.0,0.0,-2.170454328709326e-05,0.9322334337315993,-0.13956213290448316
2023-08-18,27,0.5018428815205646,1,1,8.703930010756089e-05,0.52,1.0,0.0,8.703930010756089e-05,0.9518345753839609,-0.13064852475987132,0.0,0.0,0.0,0.8541205563659421,-0.18432754536402762,0.0,0.0,0.0,0.8803248042978488,-0.12744248265224578,1.0,0.0,8.703930010756089e-05,0.9323145746772081,-0.1394872409947452
2023-08-21,27,0.5061448808645674,1,1,0.0020924881975554754,0.52,1.0,0.0,0.0020924881975554754,0.953826277998977,-0.128829417058404,0.0,0.0,0.0,0.8541205563659421,-0.18432754536402762,0.0,0.0,0.0,0.8803248042978488,-0.12744248265224578,1.0,0.0,0.0020924881975554754,0.9342654319211291,-0.13768662820268085
2023-08-22,27,0.5068049514471105,1,0,-0.004740106320141767,0.52,1.0,0.0,-0.004740106320141767,0.9493050400303168,-0.13295885824452702,0.0,0.0,-0.0,0.8541205563659421,-0.18432754536402762,0.0,0.0,-0.0,0.8803248042978488,-0.12744248265224578,1.0,0.0,-0.004740106320141767,0.9298369144425898,-0.1417740852662801
2023-08-23,27,0.5078501787353611,1,1,0.0017603294476837836,0.52,1.0,0.0,0.0017603294476837836,0.9509761296471168,-0.13143258019034154,0.0,0.0,0.0,0.8541205563659421,-0.18432754536402762,0.0,0.0,0.0,0.8803248042978488,-0.12744248265224578,1.0,0.0,0.0017603294476837836,0.9314737337446265,-0.14026332491580895
2023-08-24,27,0.5038281730908922,1,0,-0.0061339247178405784,0.52,1.0,0.0,-0.0061339247178405784,0.945142913659398,-0.136760307355823,0.0,0.0,-0.0,0.8541205563659421,-0.18432754536402762,0.0,0.0,-0.0,0.8803248042978488,-0.12744248265224578,1.0,0.0,-0.0061339247178405784,0.9257601439851911,-0.14553688495794181
2023-08-25,27,0.502329274376173,1,0,-0.00016204929212715327,0.52,1.0,0.0,-0.00016204929212715327,0.9449897539192804,-0.13690019473695203,0.0,0.0,-0.0,0.8541205563659421,-0.18432754536402762,0.0,0.0,-0.0,0.8803248042978488,-0.12744248265224578,1.0,0.0,-0.00016204929212715327,0.9256101252091788,-0.14567535010088317
2023-08-28,27,0.5048451561233951,1,1,0.002608996915706596,0.52,1.0,0.0,0.002608996915706596,0.9474552292726302,-0.13464837000707375,0.0,0.0,0.0,0.8541205563659421,-0.18432754536402762,0.0,0.0,0.0,0.8803248042978488,-0.12744248265224578,1.0,0.0,0.002608996915706596,0.9280250391709964,-0.14344641972428418
2023-08-29,27,0.5000606382894993,1,1,0.004032535580629437,0.52,1.0,0.0,0.004032535580629437,0.9512758761957254,-0.1311588087693717,0.0,0.0,0.0,0.8541205563659421,-0.18432754536402762,0.0,0.0,0.0,0.8803248042978488,-0.12744248265224578,1.0,0.0,0.004032535580629437,0.9317673331611686,-0.13999233693510682
2023-08-30,27,0.5063328219327682,1,1,0.005827092305068503,0.52,1.0,0.0,0.005827092305068503,0.9568190485339028,-0.1260959909496252,0.0,0.0,0.0,0.8541205563659421,-0.18432754536402762,0.0,0.0,0.0,0.8803248042978488,-0.12744248265224578,1.0,0.0,0.005827092305068503,0.9371968274183462,-0.13498099289936139
2023-08-31,27,0.4674730819539238,0,0,-0.008089840838697682,0.52,1.0,0.0,-0.008089840838697682,0.9490785347198293,-0.13316573529114262,-1.0,1.0,0.007989840838697682,0.8609448436683658,-0.1778104522749765,0.0,0.0,-0.0,0.8803248042978488,-0.12744248265224578,0.0,1.0,-0.0001,0.9371031077356043,-0.13506749480007152
2023-09-01,27,0.5078992103327932,1,0,-0.006292945547030637,0.52,1.0,0.0,-0.006292945547030637,0.9431060351809818,-0.1386206761172557,0.0,1.0,-0.0001,0.860858749183999,-0.17789267122974894,0.0,0.0,-0.0,0.8803248042978488,-0.12744248265224578,1.0,1.0,-0.0063929455470306375,0.9311122585958974,-0.1405969612076714
2023-09-04,27,0.5089857316005232,1,1,0.0017269857930499732,0.52,1.0,0.0,0.0017269857930499732,0.944734765905079,-0.13713308626248333,0.0,0.0,0.0,0.860858749183999,-0.17789267122974894,0.0,0.0,0.0,0.8803248042978488,-0.12744248265224578,1.0,0.0,0.0017269857930499732,0.9327202762382272,-0.13911278436917318
2023-09-05,27,0.504408689776997,1,0,-0.006328395394398222,0.52,1.0,0.0,-0.006328395394398222,0.9387561107635974,-0.14259364926535834,0.0,0.0,-0.0,0.860858749183999,-0.17789267122974894,0.0,0.0,-0.0,0.8803248042978488,-0.12744248265224578,1.0,0.0,-0.006328395394398222,0.9268176535378193,-0.14456081905966756
2023-09-06,27,0.5039216251289453,1,0,-0.00018237880644911275,0.52,1.0,0.0,-0.00018237880644911275,0.9385849015445695,-0.1427500220122473,0.0,0.0,-0.0,0.860858749183999,-0.17789267122974894,0.0,0.0,-0.0,0.8803248042978488,-0.12744248265224578,1.0,0.0,-0.00018237880644911275,0.9266486216403711,-0.1447168330364773
2023-09-07,27,0.5013794673358908,1,0,-0.002460395404016103,0.52,1.0,0.0,-0.002460395404016103,0.9362756115665304,-0.1448591959181812,0.0,0.0,-0.0,0.860858749183999,-0.17789267122974894,0.0,0.0,-0.0,0.8803248042978488,-0.12744248265224578,1.0,0.0,-0.002460395404016103,0.9243686996305492,-0.14682116780960675
2023-09-08,27,0.5004170188317252,1,1,0.0018970398979003546,0.52,1.0,0.0,0.0018970398979003546,0.9380517637571032,-0.14323695969451544,0.0,0.0,0.0,0.860858749183999,-0.17789267122974894,0.0,0.0,0.0,0.8803248042978488,-0.12744248265224578,1.0,0.0,0.0018970398979003546,0.9261222639341187,-0.14520265352489747
2023-09-11,27,0.5062985186738458,1,1,0.0030101195583809304,0.52,1.0,0.0,0.0030101195583809304,0.9408754117179622,-0.14065800050999389,0.0,0.0,0.0,0.860858749183999,-0.17789267122974894,0.0,0.0,0.0,0.8803248042978488,-0.12744248265224578,1.0,0.0,0.0030101195583809304,0.9289100026742388,-0.14262961131382068
2023-09-12,27,0.505155369812083,1,1,0.0002689045736952167,0.52,1.0,0.0,0.0002689045736952167,0.9411284174194505,-0.14042691951596264,0.0,0.0,0.0,0.860858749183999,-0.17789267122974894,0.0,0.0,0.0,0.8803248042978488,-0.12744248265224578,1.0,0.0,0.0002689045736952167,0.9291597908225092,-0.1423990604949521
2023-09-13,27,0.5087046867079098,1,0,-0.001771189028006659,0.52,1.0,0.0,-0.001771189028006659,0.9394615010925719,-0.14194938592488593,0.0,0.0,-0.0,0.860858749183999,-0.17789267122974894,0.0,0.0,-0.0,0.8803248042978488,-0.12744248265224578,1.0,0.0,-0.001771189028006659,0.9275140731957394,-0.1439180338694116
2023-09-14,27,0.5092605936597113,1,0,-0.009041573245960888,0.52,1.0,0.0,-0.009041573245960888,0.930967291118683,-0.1497075134007878,0.0,0.0,-0.0,0.860858749183999,-0.17789267122974894,0.0,0.0,-0.0,0.8803248042978488,-0.12744248265224578,1.0,0.0,-0.009041573245960888,0.9191278867662807,-0.15165836167072744
2023-09-15,27,0.505437166438158,1,1,0.002923086612704795,0.52,1.0,0.0,0.002923086612704795,0.9336885891442182,-0.14722203481632612,0.0,0.0,0.0,0.860858749183999,-0.17789267122974894,0.0,0.0,0.0,0.8803248042978488,-0.12744248265224578,1.0,0.0,0.002923086612704795,0.9218145771874509,-0.14917858558472707
2023-09-18,27,0.5013016722899942,1,1,0.0022882530643852923,0.52,1.0,0.0,0.0022882530643852923,0.935825104919509,-0.1452706630242543,0.0,0.0,0.0,0.860858749183999,-0.17789267122974894,0.0,0.0,0.0,0.8803248042978488,-0.12744248265224578,1.0,0.0,0.0022882530643852923,0.9239239222184951,-0.14723169087594679
2023-09-19,27,0.5040535404675595,1,0,-0.0009934598434746531,0.52,1.0,0.0,-0.0009934598434746531,0.934895400257256,-0.14611980229757937,0.0,0.0,-0.0,0.860858749183999,-0.17789267122974894,0.0,0.0,-0.0,0.8803248042978488,-0.12744248265224578,1.0,0.0,-0.0009934598434746531,0.9230060409033454,-0.14807888194684926
2023-09-20,27,0.505140790816733,1,0,-0.0027165130783666225,0.52,1.0,0.0,-0.0027165130783666225,0.9323557446755524,-0.14843937902199633,0.0,0.0,-0.0,0.860858749183999,-0.17789267122974894,0.0,0.0,-0.0,0.8803248042978488,-0.12744248265224578,1.0,0.0,-0.0027165130783666225,0.92049868292182,-0.15039313680577737
2023-09-21,27,0.5022203551069983,1,1,0.0007995380695380304,0.52,1.0,0.0,0.0007995380695380304,0.933101198587773,-0.14775852388700494,0.0,0.0,0.0,0.860858749183999,-0.17789267122974894,0.0,0.0,0.0,0.8803248042978488,-0.12744248265224578,1.0,0.0,0.0007995380695380304,0.9212346566617756,-0.1497138437745128
2023-09-22,27,0.5067510389142196,1,0,-0.0012245689773250357,0.52,1.0,0.0,-0.0012245689773250357,0.9319585518072776,-0.14880215235984262,0.0,0.0,-0.0,0.860858749183999,-0.17789267122974894,0.0,0.0,-0.0,0.8803248042978488,-0.12744248265224578,1.0,0.0,-0.0012245689773250357,0.9201065412803909,-0.15075507782327546
2023-09-25,27,0.5081639025116282,1,0,-0.005338197611603256,0.52,1.0,0.0,-0.005338197611603256,0.9269835728919068,-0.15334601467711706,0.0,0.0,-0.0,0.860858749183999,-0.17789267122974894,0.0,0.0,-0.0,0.8803248042978488,-0.12744248265224578,1.0,0.0,-0.005338197611603256,0.9151948307393074,-0.1552885150385055
2023-09-26,27,0.5063023406386141,1,0,-0.0020927596526203462,0.52,1.0,0.0,-0.0020927596526203462,0.9250436190719168,-0.15511785797733102,0.0,0.0,-0.0,0.860858749183999,-0.17789267122974894,0.0,0.0,-0.0,0.8803248042978488,-0.12744248265224578,1.0,0.0,-0.0020927596526203462,0.9132795479232495,-0.15705629315233793
2023-09-27,28,0.4990427856864744,0,0,-0.006071963299337679,0.56,1.0,0.0,-0.006071963299337679,0.9194267881666256,-0.16024795133595848,0.0,0.0,-0.0,0.860858749183999,-0.17789267122974894,0.0,0.0,-0.0,0.8803248042978488,-0.12744248265224578,1.0,0.0,-0.006071963299337679,0.9077341480262239,-0.16217461640372455
2023-09-28,28,0.4988308801266158,0,1,0.005439666364406293,0.56,1.0,0.0,0.005439666364406293,0.9244281631407497,-0.15567998036239938,0.0,0.0,0.0,0.860858749183999,-0.17789267122974894,0.0,0.0,0.0,0.8803248042978488,-0.12744248265224578,1.0,0.0,0.005439666364406293,0.9126719189390651,-0.15761712584533016
2023-09-29,28,0.46766383064223754,0,1,0.0002640956540915784,0.56,1.0,0.0,0.0002640956540915784,0.924672300601155,-0.15545699911455058,0.0,0.0,0.0,0.860858749183999,-0.17789267122974894,0.0,0.0,0.0,0.8803248042978488,-0.12744248265224578,1.0,0.0,0.0002640956540915784,0.9129129516264683,-0.1573946561891847
2023-10-02,28,0.5041019669347557,1,0,-0.007996826272971713,0.56,1.0,0.0,-0.007996826272971713,0.9172778568538185,-0.1622106627726858,0.0,0.0,-0.0,0.860858749183999,-0.17789267122974894,0.0,0.0,-0.0,0.8803248042978488,-0.12744248265224578,1.0,0.0,-0.007996826272971713,0.9056125453499656,-0.16413282474031743
2023-10-03,28,0.498747151773108,0,0,-0.0008064248286944187,0.56,1.0,0.0,-0.0008064248286944187,0.9165381412152399,-0.16288627689544133,0.0,0.0,-0.0,0.860858749183999,-0.17789267122974894,0.0,0.0,-0.0,0.8803248042978488,-0.12744248265224578,1.0,0.0,-0.0008064248286944187,0.9048822369082182,-0.16480688878393746
2023-10-04,28,0.5020362597648024,1,1,0.003320279728558528,0.56,1.0,0.0,0.003320279728558528,0.9195813042259676,-0.1601068251701191,0.0,0.0,0.0,0.860858749183999,-0.17789267122974894,0.0,0.0,0.0,0.8803248042978488,-0.12744248265224578,1.0,0.0,0.003320279728558528,0.9078866990561573,-0.16203381402733508
2023-10-05,28,0.499584203493567,0,1,0.0037651591734484398,0.56,1.0,0.0,0.0037651591734484398,0.9230436742093057,-0.15694449367819163,0.0,0.0,0.0,0.860858749183999,-0.17789267122974894,0.0,0.0,0.0,0.8803248042978488,-0.12744248265224578,1.0,0.0,0.0037651591734484398,0.9113050369895603,-0.15887873795518048
2023-10-06,28,0.49047964726771986,0,1,0.0019761152623509752,0.56,1.0,0.0,0.0019761152623509752,0.9248677149017271,-0.1552785188251402,0.0,0.0,0.0,0.860858749183999,-0.17789267122974894,0.0,0.0,0.0,0.8803248042978488,-0.12744248265224578,1.0,0.0,0.0019761152623509752,0.9131058807818128,-0.15721658539176586
2023-10-09,28,0.49877203135531806,0,1,0.001079006150165762,0.56,1.0,0.0,0.001079006150165762,0.9258656528541959,-0.1543670591517754,0.0,0.0,0.0,0.860858749183999,-0.17789267122974894,0.0,0.0,0.0,0.8803248042978488,-0.12744248265224578,1.0,0.0,0.001079006150165762,0.9140911276429289,-0.15630721690414584
2023-10-10,28,0.49071714968753505,0,1,0.0024497971874435365,0.56,1.0,0.0,0.0024497971874435365,0.9281338359265087,-0.15229542995167578,0.0,0.0,0.0,0.860858749183999,-0.17789267122974894,0.0,0.0,0.0,0.8803248042978488,-0.12744248265224578,1.0,0.0,0.0024497971874435365,0.9163304655164957,-0.15424034069705117
2023-10-11,28,0.48994920446509005,0,1,0.001837916245875704,0.56,1.0,0.0,0.001837916245875704,0.9298396681819049,-0.1507374199506809,0.0,0.0,0.0,0.860858749183999,-0.17789267122974894,0.0,0.0,0.0,0.8803248042978488,-0.12744248265224578,1.0,0.0,0.001837916245875704,0.9180146041656593,-0.15268590527911197
2023-10-12,28,0.4760528711498953,0,0,-0.008239741642275256,0.56,1.0,0.0,-0.008239741642275256,0.9221780295473471,-0.1577351241967394,0.0,0.0,-0.0,0.860858749183999,-0.17789267122974894,0.0,0.0,-0.0,0.8803248042978488,-0.12744248265224578,1.0,0.0,-0.008239741642275256,0.9104504010034986,-0.15966755450947046
2023-10-13,28,0.48618452339712176,0,0,-0.0014413625107041472,0.56,1.0,0.0,-0.0014413625107041472,0.9208488367073625,-0.15894913321280513,0.0,0.0,-0.0,0.860858749183999,-0.17789267122974894,0.0,0.0,-0.0,0.8803248042978488,-0.12744248265224578,1.0,0.0,-0.0014413625107041472,0.9091381119276366,-0.16087877819292884
2023-10-16,28,0.5031337561658801,1,1,0.0031134862333037634,0.56,1.0,0.0,0.0031134862333037634,0.9237158868834047,-0.15633053291755494,0.0,0.0,0.0,0.860858749183999,-0.17789267122974894,0.0,0.0,0.0,0.8803248042978488,-0.12744248265224578,1.0,0.0,0.0031134862333037634,0.9119687009232951,-0.15826618582075946
2023-10-17,28,0.4958344914281725,0,1,0.001776226820302096,0.56,1.0,0.0,0.001776226820302096,0.9253566158160261,-0.15483198458265313,0.0,0.0,0.0,0.860858749183999,-0.17789267122974894,0.0,0.0,0.0,0.8803248042978488,-0.12744248265224578,1.0,0.0,0.001776226820302096,0.9135885641891511,-0.15677107564445913
2023-10-18,28,0.49592047154088403,0,0,-0.0032668776936237713,0.56,1.0,0.0,-0.0032668776936237713,0.9223335889291696,-0.15759304511958427,0.0,0.0,-0.0,0.860858749183999,-0.17789267122974894,0.0,0.0,-0.0,0.8803248042978488,-0.12744248265224578,1.0,0.0,-0.0032668776936237713,0.9106039820876518,-0.1595258014080546
2023-10-19,28,0.4948390545191829,0,1,0.004552195331632758,0.56,1.0,0.0,0.004552195331632758,0.926532231586901,-0.1537582441122427,0.0,0.0,0.0,0.860858749183999,-0.17789267122974894,0.0,0.0,0.0,0.8803248042978488,-0.12744248265224578,1.0,0.0,0.004552195331632758,0.9147492292838774,-0.1556997986848666
2023-10-20,28,0.47003809941630964,0,1,0.00032824384587826216,0.56,1.0,0.0,0.00032824384587826216,0.9268363600899273,-0.15348047046374735,0.0,0.0,0.0,0.860858749183999,-0.17789267122974894,0.0,0.0,0.0,0.8803248042978488,-0.12744248265224578,1.0,0.0,0.00032824384587826216,0.9150494900889117,-0.15542266233971114
2023-10-23,28,0.5010786965040812,1,1,0.007543641543408252,0.56,1.0,0.0,0.007543641543408252,0.933828081359843,-0.1470946305734312,0.0,0.0,0.0,0.860858749183999,-0.17789267122974894,0.0,0.0,0.0,0.8803248042978488,-0.12744248265224578,1.0,0.0,0.007543641543408252,0.9219522954366209,-0.14905147364871585
2023-10-24,28,0.4560954977958262,0,0,-0.006982386055249035,0.56,1.0,0.0,-0.006982386055249035,0.927307733186556,-0.15304994513136239,0.0,0.0,-0.0,0.860858749183999,-0.17789267122974894,0.0,0.0,-0.0,0.8803248042978488,-0.12744248265224578,1.0,0.0,-0.006982386055249035,0.9155148685853595,-0.15499312477284577
2023-10-25,28,0.48821133973097713,0,0,-0.0026523324751750454,0.56,1.0,0.0,-0.0026523324751750454,0.9248482047713443,-0.15529633826674172,0.0,0.0,-0.0,0.860858749183999,-0.17789267122974894,0.0,0.0,-0.0,0.8803248042978488,-0.12744248265224578,1.0,0.0,-0.0026523324751750454,0.9130866187679049,-0.15723436394975698
2023-10-26,28,0.4944691503969061,0,0,-0.0002640885189518772,0.56,1.0,0.0,-0.0002640885189518772,0.924603962978691,-0.15551941480572218,0.0,0.0,-0.0,0.860858749183999,-0.17789267122974894,0.0,0.0,-0.0,0.8803248042978488,-0.12744248265224578,1.0,0.0,-0.0002640885189518772,0.9128454830750796,-0.157456928678405
2023-10-27,28,0.49658110349059825,0,0,-0.0001901352849225102,0.56,1.0,0.0,-0.0001901352849225102,0.9244281631407495,-0.1556799803623996,0.0,0.0,-0.0,0.860858749183999,-0.17789267122974894,0.0,0.0,-0.0,0.8803248042978488,-0.12744248265224578,1.0,0.0,-0.0001901352849225102,0.912671918939065,-0.15761712584533027
2023-10-30,28,0.502036008390217,1,1,0.004978428802407509,0.56,1.0,0.0,0.004978428802407509,0.9290303629338861,-0.15147659325818652,0.0,0.0,0.0,0.860858749183999,-0.17789267122974894,0.0,0.0,0.0,0.8803248042978488,-0.12744248265224578,1.0,0.0,0.004978428802407509,0.9172155911074598,-0.15342338268198374
2023-10-31,28,0.47443636649901016,0,0,-0.003385352882468773,0.56,1.0,0.0,-0.003385352882468773,0.9258852673168269,-0.15434914441904213,0.0,0.0,-0.0,0.860858749183999,-0.17789267122974894,0.0,0.0,-0.0,0.8803248042978488,-0.12744248265224578,1.0,0.0,-0.003385352882468773,0.9141104926622589,-0.15628934327365196
2023-11-01,28,0.5006301965885636,1,1,0.000751713469497428,0.56,1.0,0.0,0.000751713469497428,0.9265812677434782,-0.15371345728040986,0.0,0.0,0.0,0.860858749183999,-0.17789267122974894,0.0,0.0,0.0,0.8803248042978488,-0.12744248265224578,1.0,0.0,0.000751713469497428,0.914797641832202,-0.15565511460863224
2023-11-02,28,0.496658261568003,0,1,0.003026439515179557,0.56,1.0,0.0,0.003026439515179557,0.9293855099062022,-0.1511522222463586,0.0,0.0,0.0,0.860858749183999,-0.17789267122974894,0.0,0.0,0.0,0.8803248042978488,-0.12744248265224578,1.0,0.0,0.003026439515179557,0.917566221563836,-0.15309975588304403
2023-11-03,28,0.49349207044040194,0,1,0.01064634352652316,0.56,1.0,0.0,0.01064634352652316,0.9392800673132365,-0.14211509720266746,0.0,0.0,0.0,0.860858749183999,-0.17789267122974894,0.0,0.0,0.0,0.8803248042978488,-0.12744248265224578,1.0,0.0,0.01064634352652316,0.9273349467669385,-0.14408336495147867
2023-11-06,28,0.46898603247372833,0,0,-0.0009864732863567038,0.56,1.0,0.0,-0.0009864732863567038,0.9383534926184247,-0.14296137774204576,0.0,0.0,-0.0,0.860858749183999,-0.17789267122974894,0.0,0.0,-0.0,0.8803248042978488,-0.12744248265224578,1.0,0.0,-0.0009864732863567038,0.9264201556144479,-0.14492770384730236
2023-11-07,28,0.47231600466026435,0,0,-0.0023744990630868434,0.56,1.0,0.0,-0.0023744990630868434,0.936125373129358,-0.14499641514762662,0.0,0.0,-0.0,0.860858749183999,-0.17789267122974894,0.0,0.0,-0.0,0.8803248042978488,-0.12744248265224578,1.0,0.0,-0.0023744990630868434,0.9242203718229166,-0.1469580722133884
2023-11-08,28,0.4775562144401734,0,1,0.0013388626477159882,0.56,1.0,0.0,0.0013388626477159882,0.93737871642502,-0.14385168278420446,0.0,0.0,0.0,0.860858749183999,-0.17789267122974894,0.0,0.0,0.0,0.8803248042978488,-0.12744248265224578,1.0,0.0,0.0013388626477159882,0.9254577759570085,-0.14581596623933923
2023-11-09,28,0.4720255286951363,0,0,-0.00400042116726107,0.56,1.0,0.0,-0.00400042116726107,0.9336288067660934,-0.14727663663470947,0.0,0.0,-0.0,0.860858749183999,-0.17789267122974894,0.0,0.0,-0.0,0.8803248042978488,-0.12744248265224578,1.0,0.0,-0.00400042116726107,0.9217555550806638,-0.14923306212873189
2023-11-10,28,0.47659961166893516,0,1,0.0021166411059054813,0.56,1.0,0.0,0.0021166411059054813,0.935604963876152,-0.14547172731184455,0.0,0.0,0.0,0.860858749183999,-0.17789267122974894,0.0,0.0,0.0,0.8803248042978488,-0.12744248265224578,1.0,0.0,0.0021166411059054813,0.9237065807781442,-0.14743229385648826
2023-11-13,28,0.49205702291311687,0,1,0.0010916021349414162,0.56,1.0,0.0,0.0010916021349414162,0.936626272252181,-0.14453892242501032,0.0,0.0,0.0,0.860858749183999,-0.17789267122974894,0.0,0.0,0.0,0.8803248042978488,-0.12744248265224578,1.0,0.0,0.0010916021349414162,0.924714900853781,-0.1465016291282798
2023-11-14,28,0.4962271335424645,0,1,0.01649151831354989,0.56,1.0,0.0,0.01649151831354989,0.9520726615739797,-0.13043107039765334,0.0,0.0,0.0,0.860858749183999,-0.17789267122974894,0.0,0.0,0.0,0.8803248042978488,-0.12744248265224578,1.0,0.0,0.01649151831354989,0.9399648535760237,-0.13242614511446382
2023-11-15,28,0.4664526641874977,0,0,-0.002181714495114284,0.56,1.0,0.0,-0.002181714495114284,0.9499955108478217,-0.13232822153586776,0.0,0.0,-0.0,0.860858749183999,-0.17789267122974894,0.0,0.0,-0.0,0.8803248042978488,-0.12744248265224578,1.0,0.0,-0.002181714495114284,0.9379141186300789,-0.13431894356924978
2023-11-16,28,0.4395998005431753,0,0,-7.599816506165258e-05,0.56,1.0,0.0,-7.599816506165258e-05,0.9499233129321805,-0.13239416299890683,-1.0,1.0,-2.4001834938347426e-05,0.8608380869943958,-0.1779124033141557,0.0,0.0,-0.0,0.8803248042978488,-0.12744248265224578,0.0,1.0,-0.0001,0.937820327218216,-0.13440551167489279
2023-11-17,28,0.4326380402497862,0,1,0.00490807531990578,0.56,1.0,0.0,0.00490807531990578,0.954585608100186,-0.12813588820291566,-1.0,0.0,-0.00490807531990578,0.8566130288251836,-0.18194727115825027,0.0,0.0,0.0,0.8803248042978488,-0.12744248265224578,0.0,0.0,0.0,0.937820327218216,-0.13440551167489279
2023-11-20,28,0.4364569759989305,0,1,0.0035684002956233316,0.56,1.0,0.0,0.0035684002956233316,0.9579919516663284,-0.12502472804863562,-1.0,0.0,-0.0035684002956233316,0.853556290639889,-0.18486641075768462,0.0,0.0,0.0,0.8803248042978488,-0.12744248265224578,0.0,0.0,0.0,0.937820327218216,-0.13440551167489279
2023-11-21,28,0.4295586606124287,0,0,-0.002532964312081498,0.56,1.0,0.0,-0.002532964312081498,0.9555653922414963,-0.1272410091864422,-1.0,0.0,0.002532964312081498,0.8557183182624325,-0.18280170646655503,0.0,0.0,-0.0,0.8803248042978488,-0.12744248265224578,0.0,0.0,-0.0,0.937820327218216,-0.13440551167489279
2023-11-22,28,0.456554365554617,0,0,-0.002504894436201721,0.56,1.0,0.0,-0.002504894436201721,0.9531718018070436,-0.12942717832667616,0.0,1.0,-0.0001,0.8556327464306063,-0.18288342629590826,0.0,0.0,-0.0,0.8803248042978488,-0.12744248265224578,1.0,1.0,-0.002604894436201721,0.9353774042656884,-0.13666029394153778
2023-11-23,28,0.46907569661462384,0,1,0.0014178090521081987,0.56,1.0,0.0,0.0014178090521081987,0.95452321741586,-0.1281928722995883,0.0,0.0,0.0,0.8556327464306063,-0.18288342629590826,0.0,0.0,0.0,0.8803248042978488,-0.12744248265224578,1.0,0.0,0.0014178090521081987,0.9367035908165937,-0.1354362430912437
2023-11-24,28,0.47113847589958896,0,1,0.003128907582130358,0.56,1.0,0.0,0.003128907582130358,0.9575098323481519,-0.1254650683675712,0.0,0.0,0.0,0.8556327464306063,-0.18288342629590826,0.0,0.0,0.0,0.8803248042978488,-0.12744248265224578,1.0,0.0,0.003128907582130358,0.9396344497841085,-0.13273110299701674
2023-11-27,28,0.47795208925631727,0,1,0.0016438017038615802,0.56,1.0,0.0,0.0016438017038615802,0.95908378864203,-0.12402750635686732,0.0,0.0,0.0,0.8556327464306063,-0.18288342629590826,0.0,0.0,0.0,0.8803248042978488,-0.12744248265224578,1.0,0.0,0.0016438017038615802,0.9411790224936707,-0.13130548490641702
2023-11-28,28,0.479448768675633,0,1,0.004336426548681827,0.56,1.0,0.0,0.004336426548681827,0.9632427850455076,-0.12022891597951824,0.0,0.0,0.0,0.8556327464306063,-0.18288342629590826,0.0,0.0,0.0,0.8803248042978488,-0.12744248265224578,1.0,0.0,0.004336426548681827,0.9452603761938747,-0.12753845494847083
2023-11-29,28,0.47763841214726277,0,0,-0.0029300982241451386,0.56,1.0,0.0,-0.0029300982241451386,0.9604203890716252,-0.12280673167046097,0.0,0.0,-0.0,0.8556327464306063,-0.18288342629590826,0.0,0.0,-0.0,0.8803248042978488,-0.12744248265224578,1.0,0.0,-0.0029300982241451386,0.9424906704442343,-0.1300948529722613
2023-11-30,28,0.47854020051713325,0,0,-0.00743921803314862,0.56,1.0,0.0,-0.00743921803314862,0.95327561239384,-0.1293323636507746,0.0,0.0,-0.0,0.8556327464306063,-0.18288342629590826,0.0,0.0,-0.0,0.8803248042978488,-0.12744248265224578,1.0,0.0,-0.00743921803314862,0.9354792768525912,-0.13656626702915875
2023-12-01,28,0.4865036285737406,0,0,-0.0003593113742242915,0.56,1.0,0.0,-0.0003593113742242915,0.9529330896235362,-0.12964520443568384,0.0,0.0,-0.0,0.8556327464306063,-0.18288342629590826,0.0,0.0,-0.0,0.8803248042978488,-0.12744248265224578,1.0,0.0,-0.0003593113742242915,0.935143148508067,-0.1368765085903041
2023-12-04,28,0.5006249629947777,1,0,-0.004627728334785309,0.56,1.0,0.0,-0.004627728334785309,0.9485231741635308,-0.13367296998443312,0.0,0.0,-0.0,0.8556327464306063,-0.18288342629590826,0.0,0.0,-0.0,0.8803248042978488,-0.12744248265224578,1.0,0.0,-0.004627728334785309,0.9308155600626359,-0.14087080962791965
2023-12-05,28,0.4991424404876822,0,0,-0.004069243241750842,0.56,1.0,0.0,-0.004069243241750842,0.9446634026474218,-0.13719826539647018,0.0,0.0,-0.0,0.8556327464306063,-0.18288342629590826,0.0,0.0,-0.0,0.8803248042978488,-0.12744248265224578,1.0,0.0,-0.004069243241750842,0.9270278451355345,-0.14436681527963202
2023-12-06,28,0.49851756190117796,0,0,-0.0024977977499498483,0.56,1.0,0.0,-0.0024977977499498483,0.9423038245258291,-0.13935336962781564,0.0,0.0,-0.0,0.8556327464306063,-0.18288342629590826,0.0,0.0,-0.0,0.8803248042978488,-0.12744248265224578,1.0,0.0,-0.0024977977499498483,0.924712317069814,-0.1465040139232091
2023-12-07,28,0.4988674128099242,0,1,0.00236343746955181,0.56,1.0,0.0,0.00236343746955181,0.9445309006924154,-0.13731928513355052,0.0,0.0,0.0,0.8556327464306063,-0.18288342629590826,0.0,0.0,0.0,0.8803248042978488,-0.12744248265224578,1.0,0.0,0.00236343746955181,0.9268978168085329,-0.14448682952960312
2023-12-08,28,0.488738054247681,0,0,-0.002443802160275177,0.56,1.0,0.0,-0.002443802160275177,0.9422226540368567,-0.1394275061281688,0.0,0.0,-0.0,0.8556327464306063,-0.18288342629590826,0.0,0.0,-0.0,0.8803248042978488,-0.12744248265224578,1.0,0.0,-0.002443802160275177,0.9246326619214619,-0.14657753446374255
2023-12-11,28,0.5086410110984354,1,1,7.529635204672759e-05,0.56,1.0,0.0,7.529635204672759e-05,0.9422935999655214,-0.13936270815870855,0.0,0.0,0.0,0.8556327464306063,-0.18288342629590826,0.0,0.0,0.0,0.8803248042978488,-0.12744248265224578,1.0,0.0,7.529635204672759e-05,0.9247022833878878,-0.14651327486533294
2023-12-12,28,0.5021653893453766,1,1,0.0029805145498138508,0.56,1.0,0.0,0.0029805145498138508,0.9451021197504151,-0.13679756618826322,0.0,0.0,0.0,0.8556327464306063,-0.18288342629590826,0.0,0.0,0.0,0.8803248042978488,-0.12744248265224578,1.0,0.0,0.0029805145498138508,0.9274583719977716,-0.14396944526299604
2023-12-13,28,0.5043245275920544,1,1,0.008099171382361048,0.56,1.0,0.0,0.008099171382361048,0.9527566637921064,-0.12980634173915073,0.0,0.0,0.0,0.8556327464306063,-0.18288342629590826,0.0,0.0,0.0,0.8803248042978488,-0.12744248265224578,1.0,0.0,0.008099171382361048,0.9349700163025871,-0.13703630709164338
2023-12-14,28,0.47307723665026236,0,1,0.009872373342467489,0.56,1.0,0.0,0.009872373342467489,0.9621626332815859,-0.12121546506455205,0.0,0.0,0.0,0.8556327464306063,-0.18288342629590826,0.0,0.0,0.0,0.8803248042978488,-0.12744248265224578,1.0,0.0,0.009872373342467489,0.9442003893675391,-0.12851680733425763
2023-12-15,28,0.4744638082301733,0,0,-0.008945032271384545,0.56,1.0,0.0,-0.008945032271384545,0.9535560574765618,-0.1290762210891433,0.0,0.0,-0.0,0.8556327464306063,-0.18288342629590826,0.0,0.0,-0.0,0.8803248042978488,-0.12744248265224578,1.0,0.0,-0.008945032271384545,0.9357544864139926,-0.13631225261662194
2023-12-18,28,0.4772414006301659,0,1,0.002621665475879276,0.56,1.0,0.0,0.002621665475879276,0.9560559624717636,-0.12679295028585047,0.0,0.0,0.0,0.8556327464306063,-0.18288342629590826,0.0,0.0,0.0,0.8803248042978488,-0.12744248265224578,1.0,0.0,0.002621665475879276,0.9382077216449233,-0.1340479522673671
2023-12-19,28,0.4817978581004133,0,1,0.0052379143458374244,0.56,1.0,0.0,0.0052379143458374244,0.9610637017130179,-0.12221916655326626,0.0,0.0,0.0,0.8556327464306063,-0.18288342629590826,0.0,0.0,0.0,0.8803248042978488,-0.12744248265224578,1.0,0.0,0.0052379143458374244,0.9431219733295026,-0.129512169613741
2023-12-20,29,0.45621738695899516,0,0,-0.0032180185590533483,0.52,1.0,0.0,-0.0032180185590533483,0.957970980884473,-0.12504388156607915,-1.0,1.0,0.0031180185590533485,0.8583006252137108,-0.1803356416541888,0.0,0.0,-0.0,0.8803248042978488,-0.12744248265224578,0.0,1.0,-0.0001,0.9430276611321697,-0.12959921839677968
2023-12-21,29,0.4667228659711734,0,1,0.005525202446632572,0.52,1.0,0.0,0.005525202446632572,0.9632639644918589,-0.12020957187981185,-1.0,0.0,-0.005525202446632572,0.8535583404993337,-0.18486445317233868,0.0,0.0,0.0,0.8803248042978488,-0.12744248265224578,0.0,0.0,0.0,0.9430276611321697,-0.12959921839677968
2023-12-22,29,0.46018963401662744,0,1,0.0018524459586828357,0.52,1.0,0.0,0.0018524459586828357,0.9650483589300267,-0.11857980765675269,-1.0,0.0,-0.0018524459586828357,0.8519771698009756,-0.1863744477218383,0.0,0.0,0.0,0.8803248042978488,-0.12744248265224578,0.0,0.0,0.0,0.9430276611321697,-0.12959921839677968
2023-12-25,29,0.4661371298014623,0,0,-0.0005730958886397408,0.52,1.0,0.0,-0.0005730958886397408,0.9644952936831854,-0.11908494594514862,-1.0,0.0,0.0005730958886397408,0.8524654344142035,-0.18590816226293538,0.0,0.0,-0.0,0.8803248042978488,-0.12744248265224578,0.0,0.0,-0.0,0.9430276611321697,-0.12959921839677968
2023-12-26,29,0.477064645638135,0,1,0.002065020563667419,0.52,1.0,0.0,0.002065020563667419,0.9664869962982017,-0.1172658382436812,-1.0,0.0,-0.002065020563667419,0.8507050757623226,-0.18758927864857622,0.0,0.0,0.0,0.8803248042978488,-0.12744248265224578,0.0,0.0,0.0,0.9430276611321697,-0.12959921839677968
2023-12-27,29,0.47112732120099876,0,1,0.005943185927641092,0.52,1.0,0.0,0.005943185927641092,0.9722310082138492,-0.11201958499568299,-1.0,0.0,-0.005943185927641092,0.8456491773274791,-0.1924175866151766,0.0,0.0,0.0,0.8803248042978488,-0.12744248265224578,0.0,0.0,0.0,0.9430276611321697,-0.12959921839677968
2023-12-28,29,0.45848248658395013,0,0,-0.003641424869924248,0.52,1.0,0.0,-0.003641424869924248,0.9686907020412278,-0.11525309896288538,-1.0,0.0,0.003641424869924248,0.8487285452730303,-0.18947683593056375,0.0,0.0,-0.0,0.8803248042978488,-0.12744248265224578,0.0,0.0,-0.0,0.9430276611321697,-0.12959921839677968
2023-12-29,29,0.4764999136641325,0,0,-0.0011166791890978578,0.52,1.0,0.0,-0.0011166791890978578,0.9676089852935857,-0.11624107741489231,-1.0,0.0,0.0011166791890978578,0.8496763027767301,-0.18857174158096557,0.0,0.0,-0.0,0.8803248042978488,-0.12744248265224578,0.0,0.0,-0.0,0.9430276611321697,-0.12959921839677968
2024-01-01,29,0.4841537127599655,0,0,-0.0015454528986756921,0.52,1.0,0.0,-0.0015454528986756921,0.9661135911824791,-0.11760688520353202,0.0,1.0,-0.0001,0.8495913351464525,-0.1886528844068075,0.0,0.0,-0.0,0.8803248042978488,-0.12744248265224578,1.0,1.0,-0.0016454528986756922,0.9414759535336285,-0.13103142188587824
2024-01-02,29,0.4918027365482435,0,0,-0.008786204622023064,0.52,1.0,0.0,-0.008786204622023064,0.9576251194822323,-0.12535977166719814,0.0,0.0,-0.0,0.8495913351464525,-0.1886528844068075,0.0,0.0,-0.0,0.8803248042978488,-0.12744248265224578,1.0,0.0,-0.008786204622023064,0.9332039531591677,-0.13866635762329738
2024-01-03,29,0.5009466271827785,1,0,-0.0012785158887330674,0.52,1.0,0.0,-0.0012785158887330674,0.9564007805515243,-0.12647801309604667,0.0,0.0,-0.0,0.8495913351464525,-0.1886528844068075,0.0,0.0,-0.0,0.8803248042978488,-0.12744248265224578,1.0,0.0,-0.0012785158887330674,0.9320108370776252,-0.1397675863705763
2024-01-04,29,0.49648216875765316,0,1,0.0017953771819319009,0.52,1.0,0.0,0.0017953771819319009,0.9581178806897084,-0.12490971165284359,0.0,0.0,0.0,0.8495913351464525,-0.1886528844068075,0.0,0.0,0.0,0.8803248042978488,-0.12744248265224578,1.0,0.0,0.0017953771819319009,0.9336841480678276,-0.13822314472398778
2024-01-05,29,0.48535127398423106,0,0,-0.0004705262816314671,0.52,1.0,0.0,-0.0004705262816314671,0.9576670610459428,-0.12532146463231142,0.0,0.0,-0.0,0.8495913351464525,-0.1886528844068075,0.0,0.0,-0.0,0.8803248042978488,-0.12744248265224578,1.0,0.0,-0.0004705262816314671,0.933244825137419,-0.1386286333832969
2024-01-08,29,0.5054381748066494,1,1,0.0008651256948868367,0.52,1.0,0.0,0.0008651256948868367,0.9584955634276004,-0.12456475775659881,0.0,0.0,0.0,0.8495913351464525,-0.1886528844068075,0.0,0.0,0.0,0.8803248042978488,-0.12744248265224578,1.0,0.0,0.0008651256948868367,0.9340521992152656,-0.13788343888119703
2024-01-09,29,0.5000082562645418,1,0,-0.0017601046005020216,0.52,1.0,0.0,-0.0017601046005020216,0.9568085109768507,-0.12610561535391296,0.0,0.0,-0.0,0.8495913351464525,-0.1886528844068075,0.0,0.0,-0.0,0.8803248042978488,-0.12744248265224578,1.0,0.0,-0.0017601046005020216,0.9324081696423178,-0.1394008542065912
2024-01-10,29,0.5040458873514311,1,1,0.003907190486658552,0.52,1.0,0.0,0.003907190486658552,0.9605469440884934,-0.12269114352787946,0.0,0.0,0.0,0.8495913351464525,-0.1886528844068075,0.0,0.0,0.0,0.8803248042978488,-0.12744248265224578,1.0,0.0,0.003907190486658552,0.9360512659724269,-0.13603832941132077
2024-01-11,29,0.5043175291067021,1,1,0.000592943161743742,0.52,1.0,0.0,0.000592943161743742,0.9611164938305246,-0.12217094924069705,0.0,0.0,0.0,0.8495913351464525,-0.1886528844068075,0.0,0.0,0.0,0.8803248042978488,-0.12744248265224578,1.0,0.0,0.000592943161743742,0.9366062911696269,-0.1355260492467364
2024-01-12,29,0.4987434105784741,0,0,-0.0032727697071506245,0.52,1.0,0.0,-0.0032727697071506245,0.9579709808844732,-0.12504388156607893,0.0,0.0,-0.0,0.8495913351464525,-0.1886528844068075,0.0,0.0,-0.0,0.8803248042978488,-0.12744248265224578,1.0,0.0,-0.0032727697071506245,0.9335409944723603,-0.13835527340538245
2024-01-15,29,0.507481624248459,1,0,0.0,0.52,1.0,0.0,0.0,0.9579709808844732,-0.12504388156607893,0.0,0.0,0.0,0.8495913351464525,-0.1886528844068075,0.0,0.0,0.0,0.8803248042978488,-0.12744248265224578,1.0,0.0,0.0,0.9335409944723603,-0.13835527340538245
2024-01-16,29,0.5027372932424586,1,0,-0.006113749991014994,0.52,1.0,0.0,-0.006113749991014994,0.9521141858086981,-0.1303931445272929,0.0,0.0,-0.0,0.8495913351464525,-0.1886528844068075,0.0,0.0,-0.0,0.8803248042978488,-0.12744248265224578,1.0,0.0,-0.006113749991014994,0.9278335582257927,-0.14362315384485846
2024-01-17,29,0.5030230752689294,1,1,0.0006421361876616238,0.52,1.0,0.0,0.0006421361876616238,0.9527255727821918,-0.12983473849635518,0.0,0.0,0.0,0.8495913351464525,-0.1886528844068075,0.0,0.0,0.0,0.8803248042978488,-0.12744248265224578,1.0,0.0,0.0006421361876616238,0.9284293537296564,-0.1430732432816667
2024-01-18,29,0.49743972501098876,0,0,-0.0006091998707791202,0.52,1.0,0.0,-0.0006091998707791202,0.952145172486365,-0.13036484306121965,0.0,0.0,-0.0,0.8495913351464525,-0.1886528844068075,0.0,0.0,-0.0,0.8803248042978488,-0.12744248265224578,1.0,0.0,-0.0006091998707791202,0.9278637546873367,-0.14359528295112667
2024-01-19,29,0.49801212174798165,0,1,0.0012090614520767764,0.52,1.0,0.0,0.0012090614520767764,0.9532963745111992,-0.12931340071559427,0.0,0.0,0.0,0.8495913351464525,-0.1886528844068075,0.0,0.0,0.0,0.8803248042978488,-0.12744248265224578,1.0,0.0,0.0012090614520767764,0.9289855989859084,-0.14255983702036623
2024-01-22,29,0.5081223275982601,1,0,-0.0011097587522371777,0.52,1.0,0.0,-0.0011097587522371777,0.9522384455161095,-0.13027965278960574,0.0,0.0,-0.0,0.8495913351464525,-0.1886528844068075,0.0,0.0,-0.0,0.8803248042978488,-0.12744248265224578,1.0,0.0,-0.0011097587522371777,0.9279546490867314,-0.14351138874575253
2024-01-23,29,0.49770214832567883,0,0,-0.00205215722482599,0.52,1.0,0.0,-0.00205215722482599,0.9502843025103865,-0.13206445568371172,0.0,0.0,-0.0,0.8495913351464525,-0.1886528844068075,0.0,0.0,-0.0,0.8803248042978488,-0.12744248265224578,1.0,0.0,-0.00205215722482599,0.9260503402492972,-0.14526903803731916
2024-01-24,29,0.500593012767601,1,1,0.0021981168503151243,0.52,1.0,0.0,0.0021981168503151243,0.9523731384483246,-0.1301566319387626,0.0,0.0,0.0,0.8495913351464525,-0.1886528844068075,0.0,0.0,0.0,0.8803248042978488,-0.12744248265224578,1.0,0.0,0.0021981168503151243,0.9280859071064392,-0.14339023950734298
2024-01-25,29,0.5008386148767792,1,0,-0.0031889934918678535,0.52,1.0,0.0,-0.0031889934918678535,0.9493360267079831,-0.13293055677845433,0.0,0.0,-0.0,0.8495913351464525,-0.1886528844068075,0.0,0.0,-0.0,0.8803248042978488,-0.12744248265224578,1.0,0.0,-0.0031889934918678535,0.9251262471887826,-0.14612196245862452
2024-01-26,29,0.500955392731111,1,0,-0.0003253046819037264,0.52,1.0,0.0,-0.0003253046819037264,0.9490272032537951,-0.13321261852787003,0.0,0.0,-0.0,0.8495913351464525,-0.1886528844068075,0.0,0.0,-0.0,0.8803248042978488,-0.12744248265224578,1.0,0.0,-0.0003253046819037264,0.92482529928922,-0.14639973298201148
2024-01-29,29,0.5053019129588708,1,0,-0.0008343042513787591,0.52,1.0,0.0,-0.0008343042513787591,0.9482354258234463,-0.13393578292527364,0.0,0.0,-0.0,0.8495913351464525,-0.1886528844068075,0.0,0.0,-0.0,0.8803248042978488,-0.12744248265224578,1.0,0.0,-0.0008343042513787591,0.9240537136102404,-0.14711189531376268
2024-01-30,29,0.5014629670416556,1,1,0.000824108144994229,0.52,1.0,0.0,0.000824108144994229,0.9490168743612395,-0.13322205234989437,0.0,0.0,0.0,0.8495913351464525,-0.1886528844068075,0.0,0.0,0.0,0.8803248042978488,-0.12744248265224578,1.0,0.0,0.000824108144994229,0.9248152338020387,-0.1464090232799221
2024-01-31,29,0.49940788625548527,0,0,-0.0036408998446917362,0.52,1.0,0.0,-0.0036408998446917362,0.9455615989707679,-0.13637790404487582,0.0,0.0,-0.0,0.8495913351464525,-0.1886528844068075,0.0,0.0,-0.0,0.8803248042978488,-0.12744248265224578,1.0,0.0,-0.0036408998446917362,0.9214480741609202,-0.14951686253449248
2024-02-01,29,0.5093867299144234,1,1,0.006546518613900432,0.52,1.0,0.0,0.006546518613900432,0.9517517355790195,-0.1307241859183299,0.0,0.0,0.0,0.8495913351464525,-0.1886528844068075,0.0,0.0,0.0,0.8803248042978488,-0.12744248265224578,1.0,0.0,0.006546518613900432,0.9274803511301574,-0.14394915884426618
2024-02-02,29,0.4695847525888005,0,0,-0.008699545159365218,0.52,1.0,0.0,-0.008699545159365218,0.9434719283748456,-0.13828649011887728,-1.0,1.0,0.008599545159365219,0.8568974342000498,-0.18167566824634307,0.0,0.0,-0.0,0.8803248042978488,-0.12744248265224578,0.0,1.0,-0.0001,0.9273876030950443,-0.14403476392838177
2024-02-05,29,0.5072747954382993,1,0,-0.0035447479784265212,0.52,1.0,0.0,-0.0035447479784265212,0.9401275581640367,-0.14134104734101116,0.0,1.0,-0.0001,0.8568117444566298,-0.18175750067951846,0.0,0.0,-0.0,0.8803248042978488,-0.12744248265224578,1.0,1.0,-0.003644747978426521,0.9240075090034459,-0.14715454149215712
2024-02-06,29,0.49873535528521556,0,1,0.001430711534839757,0.52,1.0,0.0,0.001430711534839757,0.9414726095057228,-0.14011255407294854,0.0,0.0,0.0,0.8568117444566298,-0.18175750067951846,0.0,0.0,0.0,0.8803248042978488,-0.12744248265224578,1.0,0.0,0.001430711534839757,0.9253294972048557,-0.14593436565723428
2024-02-07,29,0.4975578857621066,0,1,0.0017241086979722378,0.52,1.0,0.0,0.0017241086979722378,0.9430958106206742,-0.13863001464814861,0.0,0.0,0.0,0.8568117444566298,-0.18175750067951846,0.0,0.0,0.0,0.8803248042978488,-0.12744248265224578,1.0,0.0,0.0017241086979722378,0.9269248658394769,-0.14446186366842473
2024-02-08,29,0.4994793752237986,0,1,0.00014005430257113538,0.52,1.0,0.0,0.00014005430257113538,0.9432278952466884,-0.13850937607559444,0.0,0.0,0.0,0.8568117444566298,-0.18175750067951846,0.0,0.0,0.0,0.8803248042978488,-0.12744248265224578,1.0,0.0,0.00014005430257113538,0.9270546856550979,-0.14434204187141775
2024-02-09,29,0.49813087511572723,0,1,0.0019436726497759071,0.52,1.0,0.0,0.0019436726497759071,0.945061221509185,-0.1368349203118342,0.0,0.0,0.0,0.8568117444566298,-0.18175750067951846,0.0,0.0,0.0,0.8803248042978488,-0.12744248265224578,1.0,0.0,0.0019436726497759071,0.9288565764924522,-0.14267892290064021
2024-02-12,29,0.511259328141715,1,0,-0.002402135791160887,0.52,1.0,0.0,-0.002402135791160887,0.9427910561241596,-0.13890836004343343,0.0,0.0,-0.0,0.8568117444566298,-0.18175750067951846,0.0,0.0,-0.0,0.8803248042978488,-0.12744248265224578,1.0,0.0,-0.002402135791160887,0.9266253368652045,-0.14473832454445712
2024-02-13,29,0.506216706080411,1,0,-0.005879202295596797,0.52,1.0,0.0,-0.005879202295596797,0.9372481967827263,-0.1439708919897853,0.0,0.0,-0.0,0.8568117444566298,-0.18175750067951846,0.0,0.0,-0.0,0.8803248042978488,-0.12744248265224578,1.0,0.0,-0.005879202295596797,0.9211775190575485,-0.1497665809501313
2024-02-14,29,0.5014321026440371,1,1,0.0021679108452647977,0.52,1.0,0.0,0.0021679108452647977,0.9392800673132364,-0.14211509720266757,0.0,0.0,0.0,0.8568117444566298,-0.18175750067951846,0.0,0.0,0.0,0.8803248042978488,-0.12744248265224578,1.0,0.0,0.0021679108452647977,0.9231745497915275,-0.14792335069996654
2024-02-15,29,0.4970820241947017,0,1,0.003889243964473987,0.52,1.0,0.0,0.003889243964473987,0.9429331566459852,-0.13877857352224965,0.0,0.0,0.0,0.8568117444566298,-0.18175750067951846,0.0,0.0,0.0,0.8803248042978488,-0.12744248265224578,1.0,0.0,0.003889243964473987,0.9267650008374602,-0.1446094167344072
2024-02-16,29,0.49674577923318375,0,1,0.0010246971826746163,0.52,1.0,0.0,0.0010246971826746163,0.9438993775950508,-0.13789608235287898,0.0,0.0,0.0,0.8568117444566298,-0.18175750067951846,0.0,0.0,0.0,0.8803248042978488,-0.12744248265224578,1.0,0.0,0.0010246971826746163,0.9277146543228197,-0.1437329004136485
2024-02-19,29,0.5038899380581027,1,0,-0.0008837131826242571,0.52,1.0,0.0,-0.0008837131826242571,0.9430652412719992,-0.1386579349496957,0.0,0.0,-0.0,0.8568117444566298,-0.18175750067951846,0.0,0.0,-0.0,0.8803248042978488,-0.12744248265224578,1.0,0.0,-0.0008837131826242571,0.9268948206530809,-0.14448959493740043
2024-02-20,29,0.5010808138351943,1,1,0.0035035730493155888,0.52,1.0,0.0,0.0035035730493155888,0.946369339235066,-0.13564016010434365,0.0,0.0,0.0,0.8568117444566298,-0.18175750067951846,0.0,0.0,0.0,0.8803248042978488,-0.12744248265224578,1.0,0.0,0.0035035730493155888,0.9301422643662712,-0.14149225173881408
2024-02-21,29,0.5005931169916265,1,1,0.0006708392833341125,0.52,1.0,0.0,0.0006708392833341125,0.9470042009643679,-0.13506031356880532,0.0,0.0,0.0,0.8568117444566298,-0.18175750067951846,0.0,0.0,0.0,0.8803248042978488,-0.12744248265224578,1.0,0.0,0.0006708392833341125,0.9307662403362975,-0.1409163310162338
2024-02-22,29,0.48608699082316337,0,1,0.00048717545323184735,0.52,1.0,0.0,0.00048717545323184735,0.9474655581651852,-0.13463893618504996,0.0,0.0,0.0,0.8568117444566298,-0.18175750067951846,0.0,0.0,0.0,0.8803248042978488,-0.12744248265224578,1.0,0.0,0.00048717545323184735,0.9312196868012863,-0.14049780654043242
2024-02-23,29,0.4806481708011459,0,0,-0.0005194228009101076,0.52,1.0,0.0,-0.0005194228009101076,0.9469734229511971,-0.13508842445261526,0.0,0.0,-0.0,0.8568117444566298,-0.18175750067951846,0.0,0.0,-0.0,0.8803248042978488,-0.12744248265224578,1.0,0.0,-0.0005194228009101076,0.9307359900633053,-0.14094425157714763
2024-02-26,29,0.4867928211819668,0,1,0.002853848012403848,0.52,1.0,0.0,0.002853848012403848,0.9496759411720856,-0.1326200982718343,0.0,0.0,0.0,0.8568117444566298,-0.18175750067951846,0.0,0.0,0.0,0.8803248042978488,-0.12744248265224578,1.0,0.0,0.002853848012403848,0.9333921691186202,-0.13849263703696701
2024-02-27,29,0.4797802536725355,0,0,-0.0005639159695992602,0.52,1.0,0.0,-0.0005639159695992602,0.9491404037429145,-0.13310922765012823,-1.0,1.0,0.00046391596959926017,0.8572092331078234,-0.18137790491707895,0.0,0.0,-0.0,0.8803248042978488,-0.12744248265224578,0.0,1.0,-0.0001,0.9332988299017083,-0.13857878777326327
2024-02-28,29,0.4860533207896874,0,0,-0.0005528021705811792,0.52,1.0,0.0,-0.0005528021705811792,0.9486157168675391,-0.1335884467507401,0.0,1.0,-0.0001,0.8571235121845125,-0.1814597671265873,0.0,0.0,-0.0,0.8803248042978488,-0.12744248265224578,1.0,1.0,-0.0006528021705811792,0.9326895703997476,-0.1391411254103896
2024-02-29,29,0.4864183209267766,0,0,-0.0031226566602047257,0.52,1.0,0.0,-0.0031226566602047257,0.9456535156812877,-0.13629395255797228,0.0,0.0,-0.0,0.8571235121845125,-0.1814597671265873,0.0,0.0,-0.0,0.8803248042978488,-0.12744248265224578,1.0,0.0,-0.0031226566602047257,0.9297771011008354,-0.14182929210862305
2024-03-01,29,0.5418703999217908,1,1,0.0034913358163062296,0.52,1.0,0.0,0.0034913358163062296,0.9489551096704018,-0.13327846469977767,1.0,1.0,0.0033913358163062297,0.8600303058503821,-0.17868382231775604,1.0,1.0,0.0033913358163062297,0.8833102813366468,-0.12448334709187714,1.0,0.0,0.0034913358163062296,0.9330232651950902,-0.13883312997965702
2024-03-04,29,0.4965980821301534,0,1,0.0011506775155347704,0.52,1.0,0.0,0.0011506775155347704,0.9500470509783513,-0.13228114771687793,0.0,1.0,-0.0001,0.8599443028197971,-0.1787659539355242,0.0,1.0,-0.0001,0.8832219503085131,-0.12457089875716798,1.0,0.0,0.0011506775155347704,0.9340968740878209,-0.13784220462520125
2024-03-05,29,0.48234561239592877,0,1,7.599404215485882e-05,0.52,1.0,0.0,7.599404215485882e-05,0.9501192488939925,-0.13221520625383887,0.0,0.0,0.0,0.8599443028197971,-0.1787659539355242,0.0,0.0,0.0,0.8832219503085131,-0.12457089875716798,1.0,0.0,7.599404215485882e-05,0.9341678598850471,-0.1377766857693553
2024-03-06,29,0.4920993278451346,0,1,0.004011016541833223,0.52,1.0,0.0,0.004011016541833223,0.9539301929180204,-0.1287345070913718,0.0,0.0,0.0,0.8599443028197971,-0.1787659539355242,0.0,0.0,0.0,0.8832219503085131,-0.12457089875716798,1.0,0.0,0.004011016541833223,0.937914822623895,-0.1343182937932219
2024-03-07,29,0.48648495891048077,0,1,0.00464290604729456,0.52,1.0,0.0,0.00464290604729456,0.9583592011794163,-0.12468930326554728,0.0,0.0,0.0,0.8599443028197971,-0.1787659539355242,0.0,0.0,0.0,0.8832219503085131,-0.12457089875716798,1.0,0.0,0.00464290604729456,0.9422694730257027,-0.13029901496444218
2024-03-08,29,0.4438111120560151,0,0,-0.0006565677953876969,0.52,1.0,0.0,-0.0006565677953876969,0.9577299733915084,-0.1252640040799814,-1.0,1.0,0.0005565677953876969,0.8604229201245736,-0.17830888151300894,0.0,0.0,-0.0,0.8832219503085131,-0.12457089875716798,0.0,1.0,-0.0001,0.9421752460784002,-0.13038598506294574
2024-03-11,29,0.4674057945092773,0,0,-0.0010603929401840073,0.52,1.0,0.0,-0.0010603929401840073,0.9567144032891215,-0.12619156795457986,-1.0,0.0,0.0010603929401840073,0.8613353065146462,-0.17743756605195338,0.0,0.0,-0.0,0.8832219503085131,-0.12457089875716798,0.0,0.0,-0.0,0.9421752460784002,-0.13038598506294574
2024-03-12,29,0.4683281409270316,0,0,-0.0003278122880970846,0.52,1.0,0.0,-0.0003278122880970846,0.9564007805515239,-0.12647801309604711,-1.0,0.0,0.0003278122880970846,0.8616176628122937,-0.177167919978378,0.0,0.0,-0.0,0.8832219503085131,-0.12457089875716798,0.0,0.0,-0.0,0.9421752460784002,-0.13038598506294574
2024-03-13,30,0.47372114055809944,0,1,0.0025197242768419947,0.52,1.0,0.0,0.0025197242768419947,0.9588106468166702,-0.12427697853928998,-1.0,0.0,-0.0025197242768419947,0.8594466238699496,-0.17924122994617298,0.0,0.0,0.0,0.8832219503085131,-0.12457089875716798,0.0,0.0,0.0,0.9421752460784002,-0.13038598506294574
2024-03-14,30,0.46952896701059343,0,0,-0.006562695389562556,0.52,1.0,0.0,-0.006562695389562556,0.952518264605343,-0.130024081974764,-1.0,0.0,0.006562695389562556,0.865086910265996,-0.17385484014999764,0.0,0.0,-0.0,0.8832219503085131,-0.12457089875716798,0.0,0.0,-0.0,0.9421752460784002,-0.13038598506294574
2024-03-15,30,0.4888458459441926,0,0,-7.623501546549782e-05,0.52,1.0,0.0,-7.623501546549782e-05,0.9524456493607096,-0.13009040460232923,0.0,1.0,-0.0001,0.8650004015749695,-0.17393745466598265,0.0,0.0,-0.0,0.8832219503085131,-0.12457089875716798,1.0,1.0,-0.00017623501546549782,0.9420092018093363,-0.13053924150231722
2024-03-18,30,0.49741045128555106,0,0,-0.0007937371227215718,0.52,1.0,0.0,-0.0007937371227215718,0.9516896578914373,-0.13078088414160804,0.0,0.0,-0.0,0.8650004015749695,-0.17393745466598265,0.0,0.0,-0.0,0.8832219503085131,-0.12457089875716798,1.0,0.0,-0.0007937371227215718,0.941261494135915,-0.13122936478308644
2024-03-19,30,0.49801570939713047,0,0,-0.0009777760139780822,0.52,1.0,0.0,-0.0009777760139780822,0.9507591185712001,-0.13163078574398557,0.0,0.0,-0.0,0.8650004015749695,-0.17393745466598265,0.0,0.0,-0.0,0.8832219503085131,-0.12457089875716798,1.0,0.0,-0.0009777760139780822,0.9403411512240677,-0.1320788278718501
2024-03-20,30,0.4995017868171643,0,1,0.006803066718666707,0.52,1.0,0.0,0.006803066718666707,0.9572271962882207,-0.12572321204296577,0.0,0.0,0.0,0.8650004015749695,-0.17393745466598265,0.0,0.0,0.0,0.8832219503085131,-0.12457089875716798,1.0,0.0,0.006803066718666707,0.9467383548141529,-0.12617430223131876
2024-03-21,30,0.48277583598466917,0,0,-0.006843421167792574,0.52,1.0,0.0,-0.006843421167792574,0.9506764874307552,-0.13170625632018063,0.0,0.0,-0.0,0.8650004015749695,-0.17393745466598265,0.0,0.0,-0.0,0.8832219503085131,-0.12457089875716798,1.0,0.0,-0.006843421167792574,0.9402594255164566,-0.13215425950839021
2024-03-22,30,0.5040426752713846,1,0,-0.005047075233675091,0.52,1.0,0.0,-0.005047075233675091,0.9458783516758061,-0.13608860016946212,0.0,0.0,-0.0,0.8650004015749695,-0.17393745466598265,0.0,0.0,-0.0,0.8832219503085131,-0.12457089875716798,1.0,0.0,-0.005047075233675091,0.9355138654567029,-0.13653434225187577
2024-03-25,30,0.5065834747444389,1,1,0.002839613982804634,0.52,1.0,0.0,0.002839613982804634,0.9485642810692569,-0.13363542527859906,0.0,0.0,0.0,0.8650004015749695,-0.17393745466598265,0.0,0.0,0.0,0.8832219503085131,-0.12457089875716798,1.0,0.0,0.002839613982804634,0.9381703637101614,-0.13408243309646262
2024-03-26,30,0.503478577011986,1,0,-0.0005415890093947162,0.52,1.0,0.0,-0.0005415890093947162,0.9480505490799255,-0.13410463881039703,0.0,0.0,-0.0,0.8650004015749695,-0.17393745466598265,0.0,0.0,-0.0,0.8832219503085131,-0.12457089875716798,1.0,0.0,-0.0005415890093947162,0.9376622609522361,-0.13455140453373937
2024-03-27,30,0.5044469636429355,1,0,-0.0017517638968261862,0.52,1.0,0.0,-0.0017517638968261862,0.946389788355681,-0.13562148304255828,0.0,0.0,-0.0,0.8650004015749695,-0.17393745466598265,0.0,0.0,-0.0,0.8832219503085131,-0.12457089875716798,1.0,0.0,-0.0017517638968261862,0.9360196980560836,-0.13606746613783605
2024-03-28,30,0.4987520423207101,0,0,-0.0017487746285576036,0.52,1.0,0.0,-0.0017487746285576036,0.9447347659050785,-0.13713308626248366,0.0,0.0,-0.0,0.8650004015749695,-0.17393745466598265,0.0,0.0,-0.0,0.8832219503085131,-0.12457089875716798,1.0,0.0,-0.0017487746285576036,0.934382810556293,-0.13757828943383965
2024-03-29,30,0.49734038683494114,0,0,-0.00016178799477861713,0.52,1.0,0.0,-0.00016178799477861713,0.9445819191617051,-0.13727268777021817,0.0,0.0,-0.0,0.8650004015749695,-0.17393745466598265,0.0,0.0,-0.0,0.8832219503085131,-0.12457089875716798,1.0,0.0,-0.00016178799477861713,0.9342316386350175,-0.1377178189130458
2024-04-01,30,0.5012020402793868,1,0,-0.005143150317636236,0.52,1.0,0.0,-0.005143150317636236,0.9397237923641352,-0.1417098240201462,0.0,0.0,-0.0,0.8650004015749695,-0.17393745466598265,0.0,0.0,-0.0,0.8832219503085131,-0.12457089875716798,1.0,0.0,-0.005143150317636236,0.929426744886026,-0.14215266578659524
2024-04-02,30,0.4978245336202831,0,1,0.0029182757337018472,0.52,1.0,0.0,0.0029182757337018472,0.9424661655037737,-0.13920509662710945,0.0,0.0,0.0,0.8650004015749695,-0.17393745466598265,0.0,0.0,0.0,0.8832219503085131,-0.12457089875716798,1.0,0.0,0.0029182757337018472,0.9321390684018803,-0.13964923072793944
2024-04-03,30,0.5023973448136202,1,1,0.006481340849805228,0.52,1.0,0.0,0.006481340849805228,0.9485746099618126,-0.1336259914565746,0.0,0.0,0.0,0.8650004015749695,-0.17393745466598265,0.0,0.0,0.0,0.8832219503085131,-0.12457089875716798,1.0,0.0,0.006481340849805228,0.9381805794236128,-0.13407300414189505
2024-04-04,30,0.48782937985886576,0,0,-0.00011922747634585118,0.52,1.0,0.0,-0.00011922747634585118,0.9484615138049411,-0.13372928704318487,0.0,0.0,-0.0,0.8650004015749695,-0.17393745466598265,0.0,0.0,-0.0,0.8832219503085131,-0.12457089875716798,1.0,0.0,-0.00011922747634585118,0.9380687225207714,-0.13417624643231096
2024-04-05,30,0.49275851970513357,0,0,-0.0006065486129902542,0.52,1.0,0.0,-0.0006065486129902542,0.9478862257892682,-0.13425472234260283,0.0,0.0,-0.0,0.8650004015749695,-0.17393745466598265,0.0,0.0,-0.0,0.8832219503085131,-0.12457089875716798,1.0,0.0,-0.0006065486129902542,0.937499738238237,-0.13470141062913144
2024-04-08,30,0.5057527774554105,1,1,0.0030636417249643166,0.52,1.0,0.0,0.0030636417249643166,0.9507902095811152,-0.13160238898678078,0.0,0.0,0.0,0.8650004015749695,-0.17393745466598265,0.0,0.0,0.0,0.8832219503085131,-0.12457089875716798,1.0,0.0,0.0030636417249643166,0.9403719015534467,-0.13205044576618208
2024-04-09,30,0.4848504006060038,0,0,-0.0004018391107306618,0.52,1.0,0.0,-0.0004018391107306618,0.9504081448888057,-0.13195134511055095,0.0,0.0,-0.0,0.8650004015749695,-0.17393745466598265,0.0,0.0,-0.0,0.8832219503085131,-0.12457089875716798,1.0,0.0,-0.0004018391107306618,0.9399940233447704,-0.1323992218432144
2024-04-10,30,0.49013040892070914,0,0,-0.010827671256997462,0.52,1.0,0.0,-0.010827671256997462,0.9401174379359768,-0.14135029058077275,0.0,0.0,-0.0,0.8650004015749695,-0.17393745466598265,0.0,0.0,-0.0,0.8832219503085131,-0.12457089875716798,1.0,0.0,-0.010827671256997462,0.9298160770764509,-0.14179331785141125
2024-04-11,30,0.5011442407117476,1,0,-0.0013837832894822988,0.52,1.0,0.0,-0.0013837832894822988,0.93881651913521,-0.14253847570018596,0.0,0.0,-0.0,0.8650004015749695,-0.17393745466598265,0.0,0.0,-0.0,0.8832219503085131,-0.12457089875716798,1.0,0.0,-0.0013837832894822988,0.9285294131267005,-0.14298088991709057
2024-04-12,30,0.5016835059093231,1,0,-0.007199109613056143,0.52,1.0,0.0,-0.007199109613056143,0.9320578761074079,-0.14871143520259855,0.0,0.0,-0.0,0.8650004015749695,-0.17393745466598265,0.0,0.0,-0.0,0.8832219503085131,-0.12457089875716798,1.0,0.0,-0.007199109613056143,0.9218448281026547,-0.1491506644310613
2024-04-15,30,0.5020161484617178,1,0,-0.0022421085446946436,0.52,1.0,0.0,-0.0022421085446946436,0.9299681011792376,-0.15062011656773155,0.0,0.0,-0.0,0.8650004015749695,-0.17393745466598265,0.0,0.0,-0.0,0.8832219503085131,-0.12457089875716798,1.0,0.0,-0.0022421085446946436,0.9197779519366831,-0.1510583609965882
2024-04-16,30,0.5019543649044153,1,0,-0.00040354405243714364,0.52,1.0,0.0,-0.00040354405243714364,0.9295928180830504,-0.15096287876795045,0.0,0.0,-0.0,0.8650004015749695,-0.17393745466598265,0.0,0.0,-0.0,0.8832219503085131,-0.12457089875716798,1.0,0.0,-0.00040354405243714364,0.9194067810146163,-0.1514009463458742
2024-04-17,30,0.5048501224361713,1,1,0.004513167783174011,0.52,1.0,0.0,0.004513167783174011,0.9337882264410927,-0.1471310317856872,0.0,0.0,0.0,0.8650004015749695,-0.17393745466598265,0.0,0.0,0.0,0.8832219503085131,-0.12457089875716798,1.0,0.0,0.004513167783174011,0.9235562180783231,-0.14757107643609046
2024-04-18,30,0.4892338842676854,0,0,-0.0023630915270599346,0.52,1.0,0.0,-0.0023630915270599346,0.9315815993951214,-0.14914643921816684,0.0,0.0,-0.0,0.8650004015749695,-0.17393745466598265,0.0,0.0,-0.0,0.8832219503085131,-0.12457089875716798,1.0,0.0,-0.0023630915270599346,0.9213737702046187,-0.14958544400278517
2024-04-19,30,0.5020070959761822,1,1,0.0013216500410460075,0.52,1.0,0.0,0.0013216500410460075,0.9328128242541996,-0.14802190857463537,0.0,0.0,0.0,0.8650004015749695,-0.17393745466598265,0.0,0.0,0.0,0.8832219503085131,-0.12457089875716798,1.0,0.0,0.0013216500410460075,0.9225915038858284,-0.1484614935699453
2024-04-22,30,0.5024311502596379,1,0,-0.00039414857141839565,0.52,1.0,0.0,-0.00039414857141839565,0.9324451574121191,-0.14835771452225044,0.0,0.0,-0.0,0.8650004015749695,-0.17393745466598265,0.0,0.0,-0.0,0.8832219503085131,-0.12457089875716798,1.0,0.0,-0.00039414857141839565,0.9222278657625691,-0.14879712625576247
2024-04-23,30,0.5038163968420745,1,1,0.004720570617393394,0.52,1.0,0.0,0.004720570617393394,0.9368468306245294,-0.14433747697289445,0.0,0.0,0.0,0.8650004015749695,-0.17393745466598265,0.0,0.0,0.0,0.8832219503085131,-0.12457089875716798,1.0,0.0,0.004720570617393394,0.9265813075282293,-0.1447789629805245
2024-04-24,30,0.4837549997012625,0,0,-0.0004172858578515015,0.52,1.0,0.0,-0.0004172858578515015,0.9364558976911368,-0.14469453284284728,0.0,0.0,-0.0,0.8650004015749695,-0.17393745466598265,0.0,0.0,-0.0,0.8832219503085131,-0.12457089875716798,1.0,0.0,-0.0004172858578515015,0.9261946582524482,-0.14513583462460988
2024-04-25,30,0.4887106208336448,0,1,0.002779056228315868,0.52,1.0,0.0,0.002779056228315868,0.9390583612861585,-0.1423175908572316,0.0,0.0,0.0,0.8650004015749695,-0.17393745466598265,0.0,0.0,0.0,0.8832219503085131,-0.12457089875716798,1.0,0.0,0.002779056228315868,0.9287686052860975,-0.14276011904145947
2024-04-26,30,0.4819219335416073,0,0,-0.002120068399481645,0.52,1.0,0.0,-0.002120068399481645,0.9370674933291266,-0.1441359362296465,0.0,0.0,-0.0,0.8650004015749695,-0.17393745466598265,0.0,0.0,-0.0,0.8832219503085131,-0.12457089875716798,1.0,0.0,-0.002120068399481645,0.9267995523155999,-0.144577526223855
2024-04-29,30,0.497409051058773,0,1,0.0008251340439218158,0.52,1.0,0.0,0.0008251340439218158,0.937840699619325,-0.1434297336536603,0.0,0.0,0.0,0.8650004015749695,-0.17393745466598265,0.0,0.0,0.0,0.8832219503085131,-0.12457089875716798,1.0,0.0,0.0008251340439218158,0.9275642861781069,-0.14387168801880645
2024-04-30,30,0.515815941117653,1,0,-0.004586615036051955,0.52,1.0,0.0,-0.004586615036051955,0.9335391853650296,-0.14735849171671944,0.0,0.0,-0.0,0.8650004015749695,-0.17393745466598265,0.0,0.0,-0.0,0.8832219503085131,-0.12457089875716798,1.0,0.0,-0.004586615036051955,0.9233099058762176,-0.14779841900732926
2024-05-01,30,0.4971597582073177,0,1,0.005157048926138108,0.52,1.0,0.0,0.005157048926138108,0.9383534926184242,-0.1429613777420463,0.0,0.0,0.0,0.8650004015749695,-0.17393745466598265,0.0,0.0,0.0,0.8832219503085131,-0.12457089875716798,1.0,0.0,0.005157048926138108,0.9280714602348092,-0.14340357375921775
2024-05-02,30,0.47384251405442784,0,1,0.0010733945474359352,0.52,1.0,0.0,0.0010733945474359352,0.9393607161409683,-0.14204143715797257,-1.0,1.0,-0.0011733945474359353,0.8639854148202315,-0.1749067519525187,0.0,0.0,0.0,0.8832219503085131,-0.12457089875716798,0.0,1.0,-0.0001,0.9279786530887858,-0.14348923340184183
2024-05-03,30,0.49825578299680856,0,1,0.0023344122780000194,0.52,1.0,0.0,0.0023344122780000194,0.9415535713301987,-0.1400386081548589,0.0,1.0,-0.0001,0.8638990162787494,-0.1749892612773234,0.0,0.0,0.0,0.8832219503085131,-0.12457089875716798,1.0,1.0,0.0022344122780000196,0.9300521399849693,-0.14157543522871574
2024-05-06,30,0.4817317228262612,0,1,0.000872174615762722,0.52,1.0,0.0,0.000872174615762722,0.9423747704544936,-0.13928857165835562,0.0,0.0,0.0,0.8638990162787494,-0.1749892612773234,0.0,0.0,0.0,0.8832219503085131,-0.12457089875716798,1.0,0.0,0.000872174615762722,0.9308633078527999,-0.14082673911377508
2024-05-07,30,0.4814667064407424,0,0,-0.0015803038824503401,0.52,1.0,0.0,-0.0015803038824503401,0.9408855319460211,-0.1406487572702333,0.0,0.0,-0.0,0.8638990162787494,-0.1749892612773234,0.0,0.0,-0.0,0.8832219503085131,-0.12457089875716798,1.0,0.0,-0.0015803038824503401,0.9293922609533696,-0.14218449395365107
2024-05-08,30,0.4832198200830771,0,0,-0.00033310542298736756,0.52,1.0,0.0,-0.00033310542298736756,0.9405721178729195,-0.14093501182943746,0.0,0.0,-0.0,0.8638990162787494,-0.1749892612773234,0.0,0.0,-0.0,0.8832219503085131,-0.12457089875716798,1.0,0.0,-0.00033310542298736756,0.9290826753511635,-0.14247023695063776
2024-05-09,30,0.4767938971773427,0,1,0.003559004264149568,0.52,1.0,0.0,0.003559004264149568,0.9439196180511694,-0.1378775958733569,-1.0,1.0,-0.0036590042641495677,0.8607380060943909,-0.17800797908827892,0.0,0.0,0.0,0.8832219503085131,-0.12457089875716798,0.0,1.0,-0.0001,0.9289897670836285,-0.14255598992694263
2024-05-10,30,0.46607682365289477,0,0,-0.0013678194040684932,0.52,1.0,0.0,-0.0013678194040684932,0.9426285064817181,-0.13905682362640348,-1.0,0.0,0.0013678194040684932,0.8619153402409461,-0.17688364245208632,0.0,0.0,-0.0,0.8832219503085131,-0.12457089875716798,0.0,0.0,-0.0,0.9289897670836285,-0.14255598992694263
2024-05-13,30,0.48068550925522985,0,1,0.002148010508616016,0.52,1.0,0.0,0.002148010508616016,0.9446532824193619,-0.13720750863623177,0.0,1.0,-0.0001,0.861829148706922,-0.1769659540878411,0.0,0.0,0.0,0.8832219503085131,-0.12457089875716798,1.0,1.0,0.0020480105086160163,0.9308923478890125,-0.14079993558376314
2024-05-14,30,0.4755787937531151,0,1,0.001946593428366894,0.52,1.0,0.0,0.001946593428366894,0.9464921382910046,-0.13552800244249863,-1.0,1.0,-0.002046593428366894,0.8600653348348033,-0.17865037015752716,0.0,0.0,0.0,0.8832219503085131,-0.12457089875716798,0.0,1.0,-0.0001,0.9307992586542236,-0.14088585559020472
2024-05-15,30,0.5003233920465052,1,1,0.006958517197712899,0.52,1.0,0.0,0.006958517197712899,0.9530783201128027,-0.1295125591805536,0.0,1.0,-0.0001,0.8599793283013198,-0.17873250512051142,0.0,0.0,0.0,0.8832219503085131,-0.12457089875716798,1.0,1.0,0.006858517197712899,0.937183161377322,-0.1349936064559718
2024-05-16,30,0.450633233741912,0,0,-0.0020213396101228516,0.52,1.0,0.0,-0.0020213396101228516,0.9511518251528094,-0.13127210992479632,-1.0,1.0,0.0019213396101228515,0.8616316406486719,-0.17715457135209323,0.0,0.0,-0.0,0.8832219503085131,-0.12457089875716798,0.0,1.0,-0.0001,0.9370894430611844,-0.13508010709532614
2024-05-17,30,0.4624571780598178,0,1,0.0007068450993499287,0.52,1.0,0.0,0.0007068450993499287,0.9518241421591563,-0.1306580538730281,-1.0,0.0,-0.0007068450993499287,0.8610226005460345,-0.17773619561085552,0.0,0.0,0.0,0.8832219503085131,-0.12457089875716798,0.0,0.0,0.0,0.9370894430611844,-0.13508010709532614
2024-05-20,30,0.4648245334091255,0,0,-0.001346704651206121,0.52,1.0,0.0,-0.001346704651206121,0.9505423161597804,-0.13182880071536585,-1.0,0.0,0.001346704651206121,0.8621821436869834,-0.1766288491209662,0.0,0.0,-0.0,0.8832219503085131,-0.12457089875716798,0.0,0.0,-0.0,0.9370894430611844,-0.13508010709532614
2024-05-21,30,0.4654059484471293,0,0,-0.0005210343327269884,0.52,1.0,0.0,-0.0005210343327269884,0.9500470509783513,-0.13228114771687793,-1.0,0.0,0.0005210343327269884,0.8626313701849084,-0.17619984448278136,0.0,0.0,-0.0,0.8832219503085131,-0.12457089875716798,0.0,0.0,-0.0,0.9370894430611844,-0.13508010709532614
2024-05-22,30,0.48031942093098207,0,0,-0.0027604945630765876,0.52,1.0,0.0,-0.0027604945630765876,0.9474244512594586,-0.13467648089088446,0.0,1.0,-0.0001,0.86254510704789,-0.17628222449833308,0.0,0.0,-0.0,0.8832219503085131,-0.12457089875716798,1.0,1.0,-0.0028604945630765874,0.9344089038041914,-0.1375542057464767
2024-05-23,30,0.48519697973532855,0,0,-0.0011568313063549107,0.52,1.0,0.0,-0.0011568313063549107,0.9463284409938355,-0.13567751422791519,0.0,0.0,-0.0,0.86254510704789,-0.17628222449833308,0.0,0.0,-0.0,0.8832219503085131,-0.12457089875716798,1.0,0.0,-0.0011568313063549107,0.933327950331334,-0.1385519100413033
2024-05-24,30,0.4849127783786378,0,1,0.0032325156678336686,0.52,1.0,0.0,0.0032325156678336686,0.9493874625062647,-0.13288357825059594,0.0,0.0,0.0,0.86254510704789,-0.17628222449833308,0.0,0.0,0.0,0.8832219503085131,-0.12457089875716798,1.0,0.0,0.0032325156678336686,0.9363449475540071,-0.1357672655934864
2024-05-27,30,0.493960721258232,0,1,0.0013143355434903636,0.52,1.0,0.0,0.0013143355434903636,0.9506352761927809,-0.13174389631714645,0.0,0.0,0.0,0.86254510704789,-0.17628222449833308,0.0,0.0,0.0,0.8832219503085131,-0.12457089875716798,1.0,0.0,0.0013143355434903636,0.937575618999545,-0.13463137379280798
2024-05-28,30,0.4904458749952165,0,0,-0.0009224489840714556,0.52,1.0,0.0,-0.0009224489840714556,0.9497583636480343,-0.13254481827790254,0.0,0.0,-0.0,0.86254510704789,-0.17628222449833308,0.0,0.0,-0.0,0.8832219503085131,-0.12457089875716798,1.0,0.0,-0.0009224489840714556,0.9367107533223087,-0.13542963220290016
2024-05-29,30,0.4928412232577595,0,0,-0.004612329057552267,0.52,1.0,0.0,-0.004612329057552267,0.9453777655497272,-0.13654580701868368,0.0,0.0,-0.0,0.86254510704789,-0.17628222449833308,0.0,0.0,-0.0,0.8832219503085131,-0.12457089875716798,1.0,0.0,-0.004612329057552267,0.9323903350962385,-0.13941731523258938
2024-05-30,30,0.49574048082375255,0,1,0.0031097347455193436,0.52,1.0,0.0,0.0031097347455193436,0.9483176396348986,-0.1338606935136054,0.0,0.0,0.0,0.86254510704789,-0.17628222449833308,0.0,0.0,0.0,0.8832219503085131,-0.12457089875716798,1.0,0.0,0.0031097347455193436,0.9352898217176737,-0.1367411313563759
2024-05-31,30,0.513712977330592,1,1,0.0016279400589764847,0.52,1.0,0.0,0.0016279400589764847,0.9498614439090942,-0.1324506706399221,0.0,0.0,0.0,0.86254510704789,-0.17628222449833308,0.0,0.0,0.0,0.8832219503085131,-0.12457089875716798,1.0,0.0,0.0016279400589764847,0.9368124174852009,-0.1353357976628441
2024-06-03,30,0.4962414140719273,0,1,0.005006481625289716,0.52,1.0,0.0,0.005006481625289716,0.9546169077745963,-0.12810730086344846,0.0,0.0,0.0,0.86254510704789,-0.17628222449833308,0.0,0.0,0.0,0.8832219503085131,-0.12457089875716798,1.0,0.0,0.005006481625289716,0.9415025516396839,-0.1310068722217973
2024-06-04,30,0.4643880950084711,0,0,-0.0023396196060713197,0.52,1.0,0.0,-0.0023396196060713197,0.9523834673408796,-0.1301471981167388,-1.0,1.0,0.00223961960607132,0.8644768799807553,-0.17443741001845015,0.0,0.0,-0.0,0.8832219503085131,-0.12457089875716798,0.0,1.0,-0.0001,0.94140840138452,-0.13109377153457513
2024-06-05,31,0.49325399146572196,0,0,-0.000674161906872528,0.5,1.0,0.0,-0.000674161906872528,0.9517414066864632,-0.1307336197403548,-1.0,0.0,0.000674161906872528,0.8650596773626102,-0.17388084716854557,0.0,0.0,-0.0,0.8832219503085131,-0.12457089875716798,0.0,0.0,-0.0,0.94140840138452,-0.13109377153457513
2024-06-06,31,0.49653054895142645,0,1,0.0018301472109247818,0.5,1.0,0.0,0.0018301472109247818,0.9534832335674321,-0.12914273429897194,-1.0,0.0,-0.0018301472109247818,0.8634764908068016,-0.17539276683199168,0.0,0.0,0.0,0.8832219503085131,-0.12457089875716798,0.0,0.0,0.0,0.94140840138452,-0.13109377153457513
2024-06-07,31,0.47394108151389736,0,0,-0.010606295366450635,0.5,1.0,0.0,-0.010606295366450635,0.9433703087652575,-0.13837930368101659,-1.0,0.0,0.010606295366450635,0.8726347775102847,-0.16664673895570015,0.0,0.0,-0.0,0.8832219503085131,-0.12457089875716798,0.0,0.0,-0.0,0.94140840138452,-0.13109377153457513
2024-06-10,31,0.5001947706451648,1,0,-0.0013563397936425803,0.5,1.0,0.0,-0.0013563397936425803,0.9420907780753383,-0.1395479541184601,1.0,2.0,-0.0015563397936425804,0.871276661280729,-0.16794371979802525,1.0,1.0,-0.0014563397936425803,0.8819356790356603,-0.1258458209938207,1.0,1.0,-0.0014563397936425803,0.9400373908675143,-0.13235919425203313
2024-06-11,31,0.5052759152984246,1,0,-0.0022233252467021014,0.5,1.0,0.0,-0.0022233252467021014,0.9399962038637582,-0.141461018875645,1.0,0.0,-0.0022233252467021014,0.8693395298828412,-0.1697936515324754,1.0,0.0,-0.0022233252467021014,0.879974849174493,-0.1277893500495152,1.0,0.0,-0.0022233252467021014,0.9379473820035545,-0.13428824196052158
2024-06-12,31,0.5267436184207717,1,1,0.0067799586265469,0.5,1.0,0.0,0.0067799586265469,0.9463693392350656,-0.1356401601043441,1.0,0.0,0.0067799586265469,0.8752336159278686,-0.16416488683836894,1.0,0.0,0.0067799586265469,0.8859410422442979,-0.12187579792921732,1.0,0.0,0.0067799586265469,0.9443066264474166,-0.12841875205849873
2024-06-13,31,0.4833184398843782,0,0,-0.006872877995335981,0.5,1.0,0.0,-0.006872877995335981,0.9398650582279763,-0.14158079982801508,-1.0,2.0,0.006672877995335981,0.881073943064372,-0.15858746110402355,0.0,1.0,-0.0001,0.8858524481400735,-0.12196361034942438,0.0,1.0,-0.0001,0.9442121957847719,-0.12850591018329294
2024-06-14,31,0.5038686861168038,1,0,-0.0034140414735827074,0.5,1.0,0.0,-0.0034140414735827074,0.9366563199396147,-0.14451147857912194,1.0,2.0,-0.0036140414735827075,0.8778897052928444,-0.1616283609159861,1.0,1.0,-0.003514041473582707,0.8827395258978344,-0.12504906663797133,1.0,1.0,-0.003514041473582707,0.9408941949689216,-0.1315683765588911
2024-06-17,31,0.5113283206467427,1,1,0.0035981656628754073,0.5,1.0,0.0,0.0035981656628754073,0.9400265645479366,-0.14143328915636133,1.0,0.0,0.0035981656628754073,0.8810484978862209,-0.15861176087150552,1.0,0.0,0.0035981656628754073,0.885915768949183,-0.1219008482328473,1.0,0.0,0.0035981656628754073,0.9442796881536576,-0.12844361571087004
2024-06-18,31,0.5094852233562862,1,1,0.0001503895755938789,0.5,1.0,0.0,0.0001503895755938789,0.9401679347440259,-0.14130416967309856,1.0,0.0,0.0001503895755938789,0.8811809983958956,-0.15848522485131322,1.0,0.0,0.0001503895755938789,0.8860490014456872,-0.12176879127408369,1.0,0.0,0.0001503895755938789,0.9444216979752009,-0.12831254271613068
2024-06-19,31,0.508632500128034,1,1,0.0008601434112416317,0.5,1.0,0.0,0.0008601434112416317,0.9409766139985567,-0.1405655681123822,1.0,0.0,0.0008601434112416317,0.8819389404257771,-0.15776140146200668,1.0,0.0,0.0008601434112416317,0.8868111306563179,-0.1210133864863513,1.0,0.0,0.0008601434112416317,0.945234036076148,-0.12756276649308596
2024-06-20,31,0.5047319373592211,1,0,-0.004196899470109816,0.5,1.0,0.0,-0.004196899470109816,0.9370274297458804,-0.14417252802416547,1.0,0.0,-0.004196899470109816,0.8782375313540349,-0.16129619218991686,1.0,0.0,-0.004196899470109816,0.8830892734919789,-0.12470240493884044,1.0,0.0,-0.004196899470109816,0.9412669838510103,-0.13122429785609513
2024-06-21,31,0.505029185890614,1,0,-0.001742085984848152,0.5,1.0,0.0,-0.001742085984848152,0.9353950473931018,-0.14566345306854267,1.0,0.0,-0.001742085984848152,0.8767075660592955,-0.1627572863389415,1.0,0.0,-0.001742085984848152,0.8815508560452587,-0.12622724861176782,1.0,0.0,-0.001742085984848152,0.9396272158304432,-0.13273777983077661
2024-06-24,31,0.5103630184330039,1,1,0.004207219620098845,0.5,1.0,0.0,0.004207219620098845,0.9393304597890373,-0.14206907158612514,1.0,0.0,0.004207219620098845,0.8803960673323092,-0.15923482236724196,1.0,0.0,0.004207219620098845,0.8852597341029272,-0.12255109474861947,1.0,0.0,0.004207219620098845,0.9435804338884639,-0.12908901720231014
2024-06-25,31,0.5009126268081219,1,0,-0.002152664462354292,0.5,1.0,0.0,-0.002152664462354292,0.9373083964898425,-0.14391590900687634,1.0,0.0,-0.002152664462354292,0.8785008700053665,-0.16104470768631696,1.0,0.0,-0.002152664462354292,0.8833540669333707,-0.12443994782448575,1.0,0.0,-0.002152664462354292,0.9415492218210594,-0.13096379632485278
2024-06-26,31,0.5030439324710233,1,0,-0.0027554909460054677,0.5,1.0,0.0,-0.0027554909460054677,0.9347256516896999,-0.1462748409686272,1.0,0.0,-0.0027554909460054677,0.8760801688120088,-0.16335644139839067,1.0,0.0,-0.0027554909460054677,0.8809199927998187,-0.1268525456209395,1.0,0.0,-0.0027554909460054677,0.938954791465113,-0.13335841771583057
2024-06-27,31,0.5035645903228413,1,1,0.002655728098447163,0.5,1.0,0.0,0.002655728098447163,0.9372080288672315,-0.14400757907543627,1.0,0.0,0.002655728098447163,0.8784067995328152,-0.16113454359142754,1.0,0.0,0.002655728098447163,0.8832594767771811,-0.12453370339225733,1.0,0.0,0.002655728098447163,0.9414484000879785,-0.1310568533144758
2024-06-28,31,0.5042738468401236,1,1,0.002501303028703994,0.5,1.0,0.0,0.002501303028703994,0.9395522701483628,-0.14186648264043,1.0,0.0,0.002501303028703994,0.8806039611209208,-0.15903628688463767,1.0,0.0,0.002501303028703994,0.8854687763815754,-0.12234389689302405,1.0,0.0,0.002501303028703994,0.943803247822487,-0.1288833631898998
2024-07-01,31,0.5103705924283933,1,1,0.00017178606538514885,0.5,1.0,0.0,0.00017178606538514885,0.9397136721360753,-0.1417190672599078,1.0,0.0,0.00017178606538514885,0.8807552366105643,-0.15889182103722987,1.0,0.0,0.00017178606538514885,0.8856208875786914,-0.12219312780431013,1.0,0.0,0.00017178606538514885,0.9439653800689282,-0.12873371749037066
2024-07-02,31,0.5275845164312372,1,1,0.0010534106278563549,0.5,1.0,0.0,0.0010534106278563549,0.9407035765054453,-0.14081494500367286,1.0,0.0,0.0010534106278563549,0.88168303353735,-0.15800578874233362,1.0,0.0,0.0010534106278563549,0.8865538100339184,-0.12126843671593379,1.0,0.0,0.0010534106278563549,0.9449597632326212,-0.12781591632868206
2024-07-03,31,0.4893857839911471,0,1,0.004176934043238044,0.5,1.0,0.0,0.004176934043238044,0.9446328332987467,-0.13722618569801737,-1.0,2.0,-0.004376934043238044,0.877823965052515,-0.1616911418697966,0.0,1.0,-0.0001,0.8864651546529151,-0.12135630987226209,0.0,1.0,-0.0001,0.9448652672562979,-0.12790313473704928
2024-07-04,31,0.4755942551897646,0,1,0.0016107649996139894,0.5,1.0,0.0,0.0016107649996139894,0.9461544148041106,-0.1358364598353562,-1.0,0.0,-0.0016107649996139894,0.8764099969337861,-0.16304146043733914,0.0,0.0,0.0,0.8864651546529151,-0.12135630987226209,0.0,0.0,0.0,0.9448652672562979,-0.12790313473704928
2024-07-05,31,0.45490557323445235,0,1,0.001418290030938296,0.5,1.0,0.0,0.001418290030938296,0.9474963361783555,-0.13461082530124036,-1.0,0.0,-0.001418290030938296,0.8751669933721202,-0.1642285103903095,0.0,0.0,0.0,0.8864651546529151,-0.12135630987226209,0.0,0.0,0.0,0.9448652672562979,-0.12790313473704928
2024-07-08,31,0.4624861605796742,0,1,0.000454879349061077,0.5,1.0,0.0,0.000454879349061077,0.9479273326949941,-0.13421717763676888,-1.0,0.0,-0.000454879349061077,0.8747688979798554,-0.16460868558146702,0.0,0.0,0.0,0.8864651546529151,-0.12135630987226209,0.0,0.0,0.0,0.9448652672562979,-0.12790313473704928
2024-07-09,31,0.461420450040523,0,0,-0.0014924617474129096,0.5,1.0,0.0,-0.0014924617474129096,0.9465125874116197,-0.13550932538071314,-1.0,0.0,0.0014924617474129096,0.8760744570979168,-0.16336189600057638,0.0,0.0,-0.0,0.8864651546529151,-0.12135630987226209,0.0,0.0,-0.0,0.9448652672562979,-0.12790313473704928
2024-07-10,31,0.4733907520908506,0,1,0.0017116213445618202,0.5,1.0,0.0,0.0017116213445618202,0.9481326585591299,-0.13402964468986012,-1.0,0.0,-0.0017116213445618202,0.8745749493577225,-0.1647939036370556,0.0,0.0,0.0,0.8864651546529151,-0.12135630987226209,0.0,0.0,0.0,0.9448652672562979,-0.12790313473704928
2024-07-11,31,0.5087399499064192,1,1,0.003642424623895302,0.5,1.0,0.0,0.003642424623895302,0.951586160301385,-0.1308754129441151,1.0,2.0,0.003442424623895302,0.8775856076988335,-0.16191876960490825,1.0,1.0,0.0035424246238953024,0.8896053906449828,-0.11824378082872333,1.0,1.0,0.0035424246238953024,0.9482123812452901,-0.12481379732711984
2024-07-12,31,0.46141311644600175,0,1,0.0011756735673211782,0.5,1.0,0.0,0.0011756735673211782,0.95270491499708,-0.12985360614040453,-1.0,2.0,-0.0013756735673211783,0.8763783363752607,-0.1630716958008308,0.0,1.0,-0.0001,0.8895164301059183,-0.11833195645064043,0.0,1.0,-0.0001,0.9481175600071655,-0.12490131594738718
2024-07-15,31,0.46870707271312556,0,1,0.0014717265118406875,0.5,1.0,0.0,0.0014717265118406875,0.9541070360784422,-0.12857298862337874,-1.0,0.0,-0.0014717265118406875,0.8750885471432145,-0.1643034253746306,0.0,0.0,0.0,0.8895164301059183,-0.11833195645064043,0.0,0.0,0.0,0.9481175600071655,-0.12490131594738718
2024-07-16,31,0.453569541601867,0,1,8.715248765667205e-05,0.5,1.0,0.0,8.715248765667205e-05,0.9541901888801271,-0.12849704159152608,-1.0,0.0,-8.715248765667205e-05,0.8750122809994111,-0.16437625841003534,0.0,0.0,0.0,0.8895164301059183,-0.11833195645064043,0.0,0.0,0.0,0.9481175600071655,-0.12490131594738718
2024-07-17,31,0.45235078013617963,0,1,0.0034571483304481894,0.5,1.0,0.0,0.0034571483304481894,0.957488965898544,-0.12548412659388364,-1.0,0.0,-0.0034571483304481894,0.8719872337530323,-0.16726513363315598,0.0,0.0,0.0,0.8895164301059183,-0.11833195645064043,0.0,0.0,0.0,0.9481175600071655,-0.12490131594738718
2024-07-18,31,0.4498696290325602,0,0,-0.00353208229081603,0.5,1.0,0.0,-0.00353208229081603,0.954107036078442,-0.12857298862337885,-1.0,0.0,0.00353208229081603,0.8750671644191891,-0.1643238455587166,0.0,0.0,-0.0,0.8895164301059183,-0.11833195645064043,0.0,0.0,-0.0,0.9481175600071655,-0.12490131594738718
2024-07-19,31,0.46326973915458786,0,0,-0.00021804524515378618,0.5,1.0,0.0,-0.00021804524515378618,0.9538989975758574,-0.12876299913970812,-1.0,0.0,0.00021804524515378618,0.8752579686535807,-0.16414163034675233,0.0,0.0,-0.0,0.8895164301059183,-0.11833195645064043,0.0,0.0,-0.0,0.9481175600071655,-0.12490131594738718
2024-07-22,31,0.48043450129669046,0,0,-0.0008603399994553395,0.5,1.0,0.0,-0.0008603399994553395,0.9530783201128026,-0.1295125591805536,-1.0,0.0,0.0008603399994553395,0.8760109880938555,-0.16342250795746016,0.0,0.0,-0.0,0.8895164301059183,-0.11833195645064043,0.0,0.0,-0.0,0.9481175600071655,-0.12490131594738718
2024-07-23,31,0.4942872162625546,0,0,-0.00359155869312322,0.5,1.0,0.0,-0.00359155869312322,0.9496552833869741,-0.1326389659158833,-1.0,0.0,0.00359155869312322,0.8791572329734154,-0.16041789079344349,0.0,0.0,-0.0,0.8895164301059183,-0.11833195645064043,0.0,0.0,-0.0,0.9481175600071655,-0.12490131594738718
2024-07-24,31,0.497628111783392,0,0,-0.0010297485602965841,0.5,1.0,0.0,-0.0010297485602965841,0.9486773772261283,-0.1335321296919888,-1.0,0.0,0.0010297485602965841,0.8800625438683441,-0.15955333232523727,0.0,0.0,-0.0,0.8895164301059183,-0.11833195645064043,0.0,0.0,-0.0,0.9481175600071655,-0.12490131594738718
2024-07-25,31,0.5016367792691958,1,1,0.0010851384423078425,0.5,1.0,0.0,0.0010851384423078425,0.9497068235175041,-0.13259189209689304,1.0,2.0,0.0008851384423078425,0.8808415210575573,-0.15880942067096881,1.0,1.0,0.0009851384423078425,0.8903927269362801,-0.11746339136758555,1.0,1.0,0.0009851384423078425,0.9490515870633557,-0.12403922259291389
2024-07-26,31,0.4993025631007004,0,1,0.00022795394253760648,0.5,1.0,0.0,0.00022795394253760648,0.9499233129321798,-0.1323941629989075,-1.0,2.0,-0.00042795394253760646,0.8804645614558699,-0.1591694114958181,0.0,1.0,-0.0001,0.8903036876635865,-0.11755164502844884,0.0,1.0,-0.0001,0.9489566819046493,-0.12412681867065467
2024-07-29,31,0.500913915748691,1,0,-0.003159325678096292,0.5,1.0,0.0,-0.003159325678096292,0.9469221958174109,-0.13513521239821125,1.0,2.0,-0.003359325678096292,0.8775067942459175,-0.16199403528270895,1.0,1.0,-0.0032593256780962918,0.8874018979930808,-0.12042783161140136,1.0,1.0,-0.0032593256780962918,0.9458637230239164,-0.12698157462131732
2024-07-30,31,0.5000945430229335,1,0,-0.00031368354387706354,0.5,1.0,0.0,-0.00031368354387706354,0.946625161907251,-0.1354065062497607,1.0,0.0,-0.00031368354387706354,0.8772315348049222,-0.16225690396351167,1.0,0.0,-0.00031368354387706354,0.8871235346208751,-0.12070373892627706,1.0,0.0,-0.00031368354387706354,0.9455670211392535,-0.12725542613486007
2024-07-31,31,0.5291479399107497,1,1,0.0007252143928826449,0.5,1.0,0.0,0.0007252143928826449,0.947311668099331,-0.13477949060410033,1.0,0.0,0.0007252143928826449,0.8778677157398532,-0.16164936061272794,1.0,0.0,0.0007252143928826449,0.8877668893764471,-0.12006606062213854,1.0,0.0,0.0007252143928826449,0.9462527599524189,-0.12662249920858282
2024-08-01,31,0.49945838113003466,0,0,-0.003354934861156567,0.5,1.0,0.0,-0.003354934861156567,0.9441334991596442,-0.13768224905366022,-1.0,2.0,0.003154934861156567,0.8806373311997248,-0.15900441895465212,0.0,1.0,-0.0001,0.8876781126875095,-0.12015405401607626,0.0,1.0,-0.0001,0.9461581346764236,-0.126709836958662
2024-08-02,31,0.5000993079470533,1,1,0.011423649815007765,0.5,1.0,0.0,0.011423649815007765,0.9549189496326619,-0.12783143303758415,1.0,2.0,0.011223649815007765,0.8905212962191335,-0.14956537905703016,1.0,1.0,0.011323649815007766,0.8977298687840298,-0.11019098663260019,1.0,1.0,0.011323649815007766,0.9568720980631205,-0.11682100496549075
2024-08-05,31,0.4748367714105711,0,1,0.0036794715598382766,0.5,1.0,0.0,0.0036794715598382766,0.958432546749786,-0.12462231360006104,-1.0,2.0,-0.0038794715598382767,0.887066544177021,-0.15286461598248025,0.0,1.0,-0.0001,0.8976400957971514,-0.11027996753393687,0.0,1.0,-0.0001,0.9567764108533141,-0.11690932286499434
2024-08-06,31,0.4681036353762854,0,0,-0.0022616164200144335,0.5,1.0,0.0,-0.0022616164200144335,0.9562649399645804,-0.12660208214933732,-1.0,0.0,0.0022616164200144335,0.8890727484389772,-0.15094872068801102,0.0,0.0,-0.0,0.8976400957971514,-0.11027996753393687,0.0,0.0,-0.0,0.9567764108533141,-0.11690932286499434
2024-08-07,31,0.47308468057659653,0,1,0.00017478447067253986,0.5,1.0,0.0,0.00017478447067253986,0.9564320802259348,-0.12644942575657936,-1.0,0.0,-0.00017478447067253986,0.888917352329252,-0.1510971216664394,0.0,0.0,0.0,0.8976400957971514,-0.11027996753393687,0.0,0.0,0.0,0.9567764108533141,-0.11690932286499434
2024-08-08,31,0.4729489335248196,0,0,-0.0011351369276645375,0.5,1.0,0.0,-0.0011351369276645375,0.9553463988528674,-0.12744102527158552,-1.0,0.0,0.0011351369276645375,0.8899263952415227,-0.1501335006612422,0.0,0.0,-0.0,0.8976400957971514,-0.11027996753393687,0.0,0.0,-0.0,0.9567764108533141,-0.11690932286499434
2024-08-09,31,0.4740672182073083,0,0,-0.00017473410383794796,0.5,1.0,0.0,-0.00017473410383794796,0.9551794672560091,-0.1275934910820804,-1.0,0.0,0.00017473410383794796,0.890081895732677,-0.1499850000000983,0.0,0.0,-0.0,0.8976400957971514,-0.11027996753393687,0.0,0.0,-0.0,0.9567764108533141,-0.11690932286499434
2024-08-12,31,0.48885204986672526,0,1,0.0020559967755924276,0.5,1.0,0.0,0.0020559967755924276,0.9571433131607996,-0.12579982611273932,-1.0,0.0,-0.0020559967755924276,0.8882518902250375,-0.15173262809930332,0.0,0.0,0.0,0.8976400957971514,-0.11027996753393687,0.0,0.0,0.0,0.9567764108533141,-0.11690932286499434
2024-08-13,31,0.47474747974042836,0,1,0.005553525057191644,0.5,1.0,0.0,0.005553525057191644,0.9624588325337615,-0.12094493354205504,-1.0,0.0,-0.005553525057191644,0.8833189610955748,-0.156443502204352,0.0,0.0,0.0,0.8976400957971514,-0.11027996753393687,0.0,0.0,0.0,0.9567764108533141,-0.11690932286499434
2024-08-14,31,0.45159120208598474,0,1,0.001475781796328013,0.5,1.0,0.0,0.001475781796328013,0.96387921175853,-0.11964764007700657,-1.0,0.0,-0.001475781796328013,0.8820153750524387,-0.15768840752797297,0.0,0.0,0.0,0.8976400957971514,-0.11027996753393687,0.0,0.0,0.0,0.9567764108533141,-0.11690932286499434
2024-08-15,31,0.472208003281721,0,0,-0.0036758995319072785,0.5,1.0,0.0,-0.0036758995319072785,0.9603360886152117,-0.1228837269047609,-1.0,0.0,0.0036758995319072785,0.885257574956729,-0.15459215473948495,0.0,0.0,-0.0,0.8976400957971514,-0.11027996753393687,0.0,0.0,-0.0,0.9567764108533141,-0.11690932286499434
2024-08-16,31,0.489192270483975,0,1,0.004762838560523397,0.5,1.0,0.0,0.004762838560523397,0.9649100143691305,-0.11870616369720022,-1.0,0.0,-0.004762838560523397,0.8810412360427297,-0.1586186958242607,0.0,0.0,0.0,0.8976400957971514,-0.11027996753393687,0.0,0.0,0.0,0.9567764108533141,-0.11690932286499434
2024-08-19,31,0.44630665697559835,0,1,0.005576511052951095,0.5,1.0,0.0,0.005576511052951095,0.9702908457293632,-0.11379161887816003,-1.0,0.0,-0.005576511052951095,0.8761280998518317,-0.1633106679667431,0.0,0.0,0.0,0.8976400957971514,-0.11027996753393687,0.0,0.0,0.0,0.9567764108533141,-0.11690932286499434
2024-08-20,31,0.4392336374263907,0,1,0.0037390286396497,0.5,1.0,0.0,0.0037390286396497,0.9739187909903352,-0.11047806036044783,-1.0,0.0,-0.0037390286396497,0.8728522317944838,-0.16643907334170482,0.0,0.0,0.0,0.8976400957971514,-0.11027996753393687,0.0,0.0,0.0,0.9567764108533141,-0.11690932286499434
2024-08-21,31,0.4566670666520174,0,1,0.00246529592228284,0.5,1.0,0.0,0.00246529592228284,0.9763197890143983,-0.10828512554987335,-1.0,0.0,-0.00246529592228284,0.8707003927466854,-0.16849404769516985,0.0,0.0,0.0,0.8976400957971514,-0.11027996753393687,0.0,0.0,0.0,0.9567764108533141,-0.11690932286499434
2024-08-22,31,0.4422025776403441,0,0,-0.0034240972365818805,0.5,1.0,0.0,-0.0034240972365818805,0.9729767751228139,-0.11133844398729698,-1.0,0.0,0.0034240972365818805,0.8736817555553802,-0.16564689046168135,0.0,0.0,-0.0,0.8976400957971514,-0.11027996753393687,0.0,0.0,-0.0,0.9567764108533141,-0.11690932286499434
2024-08-23,31,0.4580315476470105,0,1,0.006365920264025826,0.5,1.0,0.0,0.006365920264025826,0.9791706676919947,-0.10568129538001503,-1.0,0.0,-0.006365920264025826,0.8681199671633806,-0.1709583158290443,0.0,0.0,0.0,0.8976400957971514,-0.11027996753393687,0.0,0.0,0.0,0.9567764108533141,-0.11690932286499434
2024-08-26,31,0.4420266355650112,0,0,-0.0020766916139590696,0.5,1.0,0.0,-0.0020766916139590696,0.977137232177764,-0.10753851953410609,-1.0,0.0,0.0020766916139590696,0.8699227846190993,-0.16923665191590387,0.0,0.0,-0.0,0.8976400957971514,-0.11027996753393687,0.0,0.0,-0.0,0.9567764108533141,-0.11690932286499434
2024-08-27,31,0.46150549615812936,0,1,0.0011849710056877072,0.5,1.0,0.0,0.0011849710056877072,0.9782951114664726,-0.10648097855606087,-1.0,0.0,-0.0011849710056877072,0.8688919513421386,-0.17022108239597156,0.0,0.0,0.0,0.8976400957971514,-0.11027996753393687,0.0,0.0,0.0,0.9567764108533141,-0.11690932286499434
2024-08-28,32,0.4725843435659664,0,0,-0.004739286454720659,0.5,1.0,0.0,-0.004739286454720659,0.9736586906959801,-0.11071562115142541,-1.0,0.0,0.004739286454720659,0.8730098791977502,-0.16628852241135794,0.0,0.0,-0.0,0.8976400957971514,-0.11027996753393687,0.0,0.0,-0.0,0.9567764108533141,-0.11690932286499434
2024-08-29,32,0.4920108218521754,0,0,-0.004000090438690873,0.5,1.0,0.0,-0.004000090438690873,0.9697639678767789,-0.11427283909253472,-1.0,0.0,0.004000090438690873,0.8765019976684116,-0.16295360110122892,0.0,0.0,-0.0,0.8976400957971514,-0.11027996753393687,0.0,0.0,-0.0,0.9567764108533141,-0.11690932286499434
2024-08-30,32,0.49520303793575166,0,0,-0.0032140001908561584,0.5,1.0,0.0,-0.0032140001908561584,0.9666471462989374,-0.11711956635673781,-1.0,0.0,0.0032140001908561584,0.8793190752562036,-0.16026333381541302,0.0,0.0,-0.0,0.8976400957971514,-0.11027996753393687,0.0,0.0,-0.0,0.9567764108533141,-0.11690932286499434
2024-09-02,32,0.5004701906520651,1,1,0.0020474717717107187,0.5,1.0,0.0,0.0020474717717107187,0.9686263290441892,-0.11531189359105753,1.0,2.0,0.0018474717717107186,0.8809435924260662,-0.15871194402896638,1.0,1.0,0.0019474717717107186,0.8993882245448721,-0.1085472628859836,1.0,1.0,0.0019474717717107186,0.9586397059052897,-0.1151895286994129
2024-09-03,32,0.499838703814288,0,0,-0.0016794385642910914,0.5,1.0,0.0,-0.0016794385642910914,0.9669995806328047,-0.11679767291433041,-1.0,2.0,0.0014794385642910913,0.8822468943496665,-0.15746731003528536,0.0,1.0,-0.0001,0.8992982857224177,-0.108636408159695,0.0,1.0,-0.0001,0.9585438419346992,-0.1152780097465429
2024-09-04,32,0.5003279781109736,1,1,0.0028587264145090163,0.5,1.0,0.0,0.0028587264145090163,0.9697639678767788,-0.11427283909253483,1.0,2.0,0.0026587264145090162,0.8845925474717925,-0.15522724611738892,1.0,1.0,0.0027587264145090165,0.9017792036577628,-0.10617737987395348,1.0,1.0,0.0027587264145090165,0.9611882021509094,-0.11283730382253376
2024-09-05,32,0.5069988400813047,1,1,0.0027667685247454443,0.5,1.0,0.0,0.0027667685247454443,0.9724470802995325,-0.11182223706222383,1.0,0.0,0.0027667685247454443,0.8870400102893619,-0.15288995545138395,1.0,0.0,0.0027667685247454443,0.9042742179747131,-0.10370437958188328,1.0,0.0,0.0027667685247454443,0.9638475874149772,-0.11038272999842158
2024-09-06,32,0.508118924271819,1,0,-0.0021509169506589436,0.5,1.0,0.0,-0.0021509169506589436,0.9703554273908974,-0.11373263366772512,1.0,0.0,-0.0021509169506589436,0.8851320608953178,-0.15471201880527696,1.0,0.0,-0.0021509169506589436,0.9023291992312275,-0.10563223702464197,1.0,0.0,-0.0021509169506589436,0.9617744313013546,-0.11229622286406693
2024-09-09,32,0.505420268290524,1,0,-0.004481310294315644,0.5,1.0,0.0,-0.004481310294315644,0.9660069636249855,-0.11770427273998596,1.0,0.0,-0.004481310294315644,0.8811655094789989,-0.15850001653706614,1.0,0.0,-0.004481310294315644,0.8982855821018509,-0.10964017648776747,1.0,0.0,-0.004481310294315644,0.9574644216415543,-0.116274298938849
2024-09-10,32,0.5039133100095602,1,0,-0.0014988742242775244,0.5,1.0,0.0,-0.0014988742242775244,0.9645590406867354,-0.11902672306376616,1.0,0.0,-0.0014988742242775244,0.8798447532095184,-0.15976131917200875,1.0,0.0,-0.0014988742242775244,0.8969391649967984,-0.11097471387756219,1.0,0.0,-0.0014988742242775244,0.956029302899293,-0.1175988926135012
2024-09-11,32,0.5123187489179934,1,0,-0.0009138923865484871,0.5,1.0,0.0,-0.0009138923865484871,0.9636775375230753,-0.11983183783431084,1.0,0.0,-0.0009138923865484871,0.8790406697882156,-0.16052920690530093,1.0,0.0,-0.0009138923865484871,0.8961194591227106,-0.11178718731799864,1.0,0.0,-0.0009138923865484871,0.955155594998056,-0.11840531226742368
2024-09-12,32,0.5070372197014338,1,1,0.006081768854457881,0.5,1.0,0.0,0.006081768854457881,0.9695384015565238,-0.11447885851896611,1.0,0.0,0.006081768854457881,0.8843867919555354,-0.15542373958163047,1.0,0.0,0.006081768854457881,0.9015694505390768,-0.10638528229769884,1.0,0.0,0.006081768854457881,0.9609646305468764,-0.11304365715331621
2024-09-13,32,0.4877463506012864,0,1,0.0009536418367903644,0.5,1.0,0.0,0.0009536418367903644,0.970462993938623,-0.11363438851108743,-1.0,2.0,-0.0011536418367903644,0.8833665263524306,-0.15639807809000916,0.0,1.0,-0.0001,0.9014792935940229,-0.10647464376946902,0.0,1.0,-0.0001,0.9608685340838218,-0.11313235278760081
2024-09-16,32,0.5018554365063901,1,1,0.0037061130707973793,0.5,1.0,0.0,0.0037061130707973793,0.9740596395251842,-0.11034941733284298,1.0,2.0,0.003506113070797379,0.8864637092767798,-0.15344031436505068,1.0,1.0,0.0036061130707973794,0.9047301298577055,-0.10325249030327721,1.0,1.0,0.0036061130707973794,0.9643335346638994,-0.10993420777292084
2024-09-17,32,0.48867457128468006,0,0,-0.0005783979918021488,0.5,1.0,0.0,-0.0005783979918021488,0.9734962453857873,-0.11086398944326326,-1.0,2.0,0.0003783979918021488,0.8867991453641756,-0.15311997788006582,0.0,1.0,-0.0001,0.9046396568447197,-0.10334216505424687,0.0,1.0,-0.0001,0.9642371013104329,-0.11002321435214357
2024-09-18,32,0.4923019736886911,0,0,-0.0007446361121506984,0.5,1.0,0.0,-0.0007446361121506984,0.9727713449264299,-0.11152607222533739,-1.0,0.0,0.0007446361121506984,0.887459488032038,-0.15248936043293637,0.0,0.0,-0.0,0.9046396568447197,-0.10334216505424687,0.0,0.0,-0.0,0.9642371013104329,-0.11002321435214357
2024-09-19,32,0.48654972862943163,0,1,0.004241518250529986,0.5,1.0,0.0,0.004241518250529986,0.976897372339528,-0.10775759384556105,-1.0,0.0,-0.004241518250529986,0.8836953124169441,-0.15608409227817843,0.0,0.0,0.0,0.9046396568447197,-0.10334216505424687,0.0,0.0,0.0,0.9642371013104329,-0.11002321435214357
2024-09-20,32,0.47329438579546446,0,0,-0.00010049842305048796,0.5,1.0,0.0,-0.00010049842305048796,0.9767991956941258,-0.10784726280035839,-1.0,0.0,0.00010049842305048796,0.8837841224022992,-0.1559992800602651,0.0,0.0,-0.0,0.9046396568447197,-0.10334216505424687,0.0,0.0,-0.0,0.9642371013104329,-0.11002321435214357
2024-09-23,32,0.47716306890868604,0,0,-0.00440026531686888,0.5,1.0,0.0,-0.00440026531686888,0.9725010200717675,-0.11177297154720756,-1.0,0.0,0.00440026531686888,0.8876730070237054,-0.15228545296490192,0.0,0.0,-0.0,0.9046396568447197,-0.10334216505424687,0.0,0.0,-0.0,0.9642371013104329,-0.11002321435214357
2024-09-24,32,0.4893393791571803,0,1,0.00715123053454647,0.5,1.0,0.0,0.00715123053454647,0.9794555990613824,-0.10542105529972645,-1.0,0.0,-0.00715123053454647,0.8813250527111849,-0.15834765511823856,0.0,0.0,0.0,0.9046396568447197,-0.10334216505424687,0.0,0.0,0.0,0.9642371013104329,-0.11002321435214357
2024-09-25,32,0.4715383926777912,0,0,-0.005376310297212861,0.5,1.0,0.0,-0.005376310297212861,0.9741897418384858,-0.1102305892917883,-1.0,0.0,0.005376310297212861,0.8860633296672678,-0.1538226709497773,0.0,0.0,-0.0,0.9046396568447197,-0.10334216505424687,0.0,0.0,-0.0,0.9642371013104329,-0.11002321435214357
2024-09-26,32,0.49149385848267907,0,1,0.004146666853728442,0.5,1.0,0.0,0.004146666853728442,0.9782293821502097,-0.10654101196894317,-1.0,0.0,-0.004146666853728442,0.8823891202278322,-0.15733148643252637,0.0,0.0,0.0,0.9046396568447197,-0.10334216505424687,0.0,0.0,0.0,0.9642371013104329,-0.11002321435214357
2024-09-27,32,0.48704236658446687,0,0,-0.0006589094951865437,0.5,1.0,0.0,-0.0006589094951865437,0.9775848175218405,-0.10712972057971659,-1.0,0.0,0.0006589094951865437,0.8829705347975997,-0.1567762441476419,0.0,0.0,-0.0,0.9046396568447197,-0.10334216505424687,0.0,0.0,-0.0,0.9642371013104329,-0.11002321435214357
2024-09-30,32,0.4921547756715221,0,0,-0.0029734512140978664,0.5,1.0,0.0,-0.0029734512140978664,0.9746780167592966,-0.10978462679609069,-1.0,0.0,0.0029734512140978664,0.8855960046063064,-0.15426895944704644,0.0,0.0,-0.0,0.9046396568447197,-0.10334216505424687,0.0,0.0,-0.0,0.9642371013104329,-0.11002321435214357
2024-10-01,32,0.49744368120306254,0,0,-0.006527790072830886,0.5,1.0,0.0,-0.006527790072830886,0.9683155232772888,-0.11559576587197262,-1.0,0.0,0.006527790072830886,0.8913769894137141,-0.14874820475623995,0.0,0.0,-0.0,0.9046396568447197,-0.10334216505424687,0.0,0.0,-0.0,0.9642371013104329,-0.11002321435214357
2024-10-02,32,0.49657094312534866,0,0,-0.001392079970037985,0.5,1.0,0.0,-0.001392079970037985,0.9669675506326576,-0.11682692729171895,-1.0,0.0,0.001392079970037985,0.8926178574664297,-0.1475631941826222,0.0,0.0,-0.0,0.9046396568447197,-0.10334216505424687,0.0,0.0,-0.0,0.9642371013104329,-0.11002321435214357
2024-10-03,32,0.50479313334683,1,0,-0.0011698119884905323,0.5,1.0,0.0,-0.0011698119884905323,0.9658363803994462,-0.11786007374008511,1.0,2.0,-0.0013698119884905323,0.8913951388241315,-0.14873087233866145,1.0,1.0,-0.0012698119884905323,0.9034909345631943,-0.10448075192263495,1.0,1.0,-0.0012698119884905323,0.9630127014794416,-0.11115331754403746
2024-10-04,32,0.4837198957724235,0,0,-0.0055310860147986815,0.5,1.0,0.0,-0.0055310860147986815,0.960494256303235,-0.12273926554931691,-1.0,2.0,0.005331086014798682,0.8961472429823762,-0.14419268339735636,0.0,1.0,-0.0001,0.903400585469738,-0.1045703038474427,0.0,1.0,-0.0001,0.9629164002092937,-0.11124220221228309
2024-10-07,32,0.5006487829740826,1,1,0.00010970973519652814,0.5,1.0,0.0,0.00010970973519652814,0.9605996318737519,-0.12264302150644202,1.0,2.0,-9.029026480347187e-05,0.8960663296105045,-0.14426995446659308,1.0,1.0,9.70973519652814e-06,0.9034093572501993,-0.10456160946220594,1.0,1.0,9.70973519652814e-06,0.9629257498725562,-0.11123357260941258
2024-10-08,32,0.5020031401959125,1,0,0.0,0.5,1.0,0.0,0.0,0.9605996318737519,-0.12264302150644202,1.0,0.0,0.0,0.8960663296105045,-0.14426995446659308,1.0,0.0,0.0,0.9034093572501993,-0.10456160946220594,1.0,0.0,0.0,0.9629257498725562,-0.11123357260941258
2024-10-09,32,0.5066451237797179,1,0,-0.002954669543280719,0.5,1.0,0.0,-0.002954669543280719,0.9577613773981678,-0.12523532144938176,1.0,0.0,-0.002954669543280719,0.893418749717645,-0.14679835396940089,1.0,0.0,-0.002954669543280719,0.9007400811372174,-0.10720733400261218,1.0,0.0,-0.002954669543280719,0.960080622486967,-0.11385958370351401
2024-10-10,32,0.5120447307955043,1,0,-0.0008638422329961816,0.5,1.0,0.0,-0.0008638422329961816,0.9569340226712386,-0.1259909801226471,1.0,0.0,-0.0008638422329961816,0.8926469768698883,-0.14753538558450396,1.0,0.0,-0.0008638422329961816,0.8999619838141787,-0.10797856601280997,1.0,0.0,-0.0008638422329961816,0.9592512642981815,-0.11462506921947568
2024-10-11,32,0.5030313413498144,1,0,-0.0007756225559412132,0.5,1.0,0.0,-0.0007756225559412132,0.9561918030587072,-0.12666888123256015,1.0,0.0,-0.0007756225559412132,0.8919546197401352,-0.14819657636758632,1.0,0.0,-0.0007756225559412132,0.8992639530000428,-0.1086704379573935,1.0,0.0,-0.0007756225559412132,0.9585072473807768,-0.11531178598625391
2024-10-14,32,0.5092844396102845,1,0,-0.001483708503107417,0.5,1.0,0.0,-0.001483708503107417,0.9547730931499074,-0.12796465003950364,1.0,0.0,-0.001483708503107417,0.8906312190864408,-0.1494604043502058,1.0,0.0,-0.001483708503107417,0.8979297074264386,-0.10999291120766708,1.0,0.0,-0.001483708503107417,0.9570851020275478,-0.11662440541198504
2024-10-15,32,0.5086413793442659,1,0,-0.002296510595518164,0.5,1.0,0.0,-0.002296510595518164,0.952580446625173,-0.12996728846035432,1.0,0.0,-0.002296510595518164,0.8885858750551096,-0.1514136775435233,1.0,0.0,-0.002296510595518164,0.8958676023393033,-0.11203682191716502,1.0,0.0,-0.002296510595518164,0.954887145949929,-0.1186530868247786
2024-10-16,32,0.5118621500946512,1,0,-0.0019877858886587774,0.5,1.0,0.0,-0.0019877858886587774,0.9506869206555593,-0.1316967272070243,1.0,0.0,-0.0019877858886587774,0.8868195565918134,-0.15310048546061117,1.0,0.0,-0.0019877858886587774,0.8940868093612666,-0.11380190259220668,1.0,0.0,-0.0019877858886587774,0.952989034755948,-0.1204050157818013
2024-10-17,32,0.510379376902273,1,0,-0.003032338283888159,0.5,1.0,0.0,-0.003032338283888159,0.9478041163100637,-0.13432971646313985,1.0,0.0,-0.003032338283888159,0.8841304196994594,-0.1556685712811552,1.0,0.0,-0.003032338283888159,0.891375635700121,-0.11648915501008517,1.0,0.0,-0.003032338283888159,0.9500992496217319,-0.1230722453267622
2024-10-18,32,0.5107963151636122,1,1,0.0036083522236112224,0.5,1.0,0.0,0.0036083522236112224,0.951224127400699,-0.1312060731706255,1.0,0.0,0.0036083522236112224,0.8873206736653443,-0.15262192609287273,1.0,0.0,0.0036083522236112224,0.8945920329572724,-0.11330113668798125,1.0,0.0,0.0036083522236112224,0.9535275423617557,-0.11990798111324064
2024-10-21,32,0.49707851869211,0,0,-0.004673224704925039,0.5,1.0,0.0,-0.004673224704925039,0.9467788433086093,-0.1352661424129733,-1.0,2.0,0.004473224704925039,0.8912898584239749,-0.14883141355825946,0.0,1.0,-0.0001,0.8945025737539767,-0.11338980657431241,0.0,1.0,-0.0001,0.9534321896075196,-0.11999599031512931
2024-10-22,32,0.49081992435950866,0,0,-0.0019003483549562272,0.5,1.0,0.0,-0.0019003483549562272,0.9449796336912204,-0.13690943797671373,-1.0,0.0,0.0019003483549562272,0.8929836196402201,-0.14721389673522445,0.0,0.0,-0.0,0.8945025737539767,-0.11338980657431241,0.0,0.0,-0.0,0.9534321896075196,-0.11999599031512931
2024-10-23,32,0.4932341797556987,0,0,-0.0015524310655355975,0.5,1.0,0.0,-0.0015524310655355975,0.9435126179515797,-0.13824932657756928,-1.0,0.0,0.0015524310655355975,0.8943699151523639,-0.14589000509625938,0.0,0.0,-0.0,0.8945025737539767,-0.11338980657431241,0.0,0.0,-0.0,0.9534321896075196,-0.11999599031512931
2024-10-24,32,0.4940083600775661,0,1,0.004048280359946422,0.5,1.0,0.0,0.004048280359946422,0.9473322215521948,-0.13476071825118263,-1.0,0.0,-0.004048280359946422,0.8907492549903256,-0.14934768181386204,0.0,0.0,0.0,0.8945025737539767,-0.11338980657431241,0.0,0.0,0.0,0.9534321896075196,-0.11999599031512931
2024-10-25,32,0.49605184279596387,0,0,-0.002548029968427179,0.5,1.0,0.0,-0.002548029968427179,0.9449183906616231,-0.136965373870939,-1.0,0.0,0.002548029968427179,0.8930189107863953,-0.14718019421441164,0.0,0.0,-0.0,0.8945025737539767,-0.11338980657431241,0.0,0.0,-0.0,0.9534321896075196,-0.11999599031512931
2024-10-28,32,0.49538526761432833,0,1,0.0018712969894509879,0.5,1.0,0.0,0.0018712969894509879,0.9466866136013451,-0.1353503797732717,-1.0,0.0,-0.0018712969894509879,0.8913478071871179,-0.14877607334952236,0.0,0.0,0.0,0.8945025737539767,-0.11338980657431241,0.0,0.0,0.0,0.9534321896075196,-0.11999599031512931
2024-10-29,32,0.49465559659174846,0,1,0.0003570732687898648,0.5,1.0,0.0,0.0003570732687898648,0.9470246500849834,-0.1350416365070194,-1.0,0.0,-0.0003570732687898648,0.891029530711977,-0.1490800226594835,0.0,0.0,0.0,0.8945025737539767,-0.11338980657431241,0.0,0.0,0.0,0.9534321896075196,-0.11999599031512931
2024-10-30,32,0.5010757303395578,1,1,0.0035618565060204777,0.5,1.0,0.0,0.0035618565060204777,0.9503978159962504,-0.13196077893257496,1.0,2.0,0.0033618565060204776,0.8940250441368575,-0.14621935179755852,1.0,1.0,0.003461856506020478,0.897599213308579,-0.11032048930789762,1.0,1.0,0.003461856506020478,0.9567328350361618,-0.11694954270887759
2024-10-31,32,0.532932326344261,1,1,0.0024819583506552334,0.5,1.0,0.0,0.0024819583506552334,0.9527566637921068,-0.1298063417391505,1.0,0.0,0.0024819583506552334,0.8962439770608478,-0.14410030378812466,1.0,0.0,0.0024819583506552334,0.8998270171715917,-0.10811234181692853,1.0,0.0,0.0024819583506552334,0.9591074060854259,-0.11475784825235391
2024-11-01,32,0.49306660817725145,0,0,-0.0010655995851049926,0.5,1.0,0.0,-0.0010655995851049926,0.9517414066864639,-0.13073361974035425,-1.0,2.0,0.0008655995851049927,0.8970197654755445,-0.14335943736619217,0.0,1.0,-0.0001,0.8997370344698746,-0.10820153058274673,0.0,1.0,-0.0001,0.9590114953448173,-0.11484637246752871
2024-11-04,32,0.481885812314789,0,0,-4.352012235619984e-05,0.5,1.0,0.0,-4.352012235619984e-05,0.9516999867839935,-0.13077145031958315,-1.0,0.0,4.352012235619984e-05,0.8970588038854939,-0.14332215626409106,0.0,0.0,-0.0,0.8997370344698746,-0.10820153058274673,0.0,0.0,-0.0,0.9590114953448173,-0.11484637246752871
2024-11-05,32,0.49121933678254676,0,1,0.005554702899202234,0.5,1.0,0.0,0.005554702899202234,0.9569863974597532,-0.12594314397460404,-1.0,0.0,-0.005554702899202234,0.8920759087467962,-0.14808074716637332,0.0,0.0,0.0,0.8997370344698746,-0.10820153058274673,0.0,0.0,0.0,0.9590114953448173,-0.11484637246752871
2024-11-06,32,0.46931921107734426,0,0,-0.01841790161863377,0.5,1.0,0.0,-0.01841790161863377,0.9393607161409687,-0.14204143715797213,-1.0,0.0,0.01841790161863377,0.9085060750704481,-0.13239018218066345,0.0,0.0,-0.0,0.8997370344698746,-0.10820153058274673,0.0,0.0,-0.0,0.9590114953448173,-0.11484637246752871
2024-11-07,32,0.4925994435434109,0,1,0.005786161482286278,0.5,1.0,0.0,0.005786161482286278,0.9447960089346764,-0.13707715036825796,-1.0,0.0,-0.005786161482286278,0.9032493122124524,-0.1374103126901831,0.0,0.0,0.0,0.8997370344698746,-0.10820153058274673,0.0,0.0,0.0,0.9590114953448173,-0.11484637246752871
2024-11-08,32,0.4920523163885842,0,0,-0.007436133497694897,0.5,1.0,0.0,-0.007436133497694897,0.9377703796841488,-0.14349395987633096,-1.0,0.0,0.007436133497694897,0.9099659946797654,-0.13099598062161233,0.0,0.0,-0.0,0.8997370344698746,-0.10820153058274673,0.0,0.0,-0.0,0.9590114953448173,-0.11484637246752871
2024-11-11,32,0.5014050298160712,1,0,-0.004713679148511619,0.5,1.0,0.0,-0.004713679148511619,0.9333500309993398,-0.14753125453823612,1.0,2.0,-0.004913679148511619,0.9054947137458528,-0.13526598755160468,1.0,1.0,-0.004813679148511619,0.8954059890679034,-0.11249436227965515,1.0,1.0,-0.004813679148511619,0.9543951217064931,-0.11910721802761115
2024-11-12,32,0.502819792383387,1,0,-0.004469625327243376,0.5,1.0,0.0,-0.004469625327243376,0.9291783060616018,-0.15134147043363533,1.0,0.0,-0.004469625327243376,0.9014474916396094,-0.13913102459497284,1.0,0.0,-0.004469625327243376,0.891403859781,-0.1164611799560813,1.0,0.0,-0.004469625327243376,0.9501293330983163,-0.12304447871650082
2024-11-13,32,0.505011244993904,1,0,-0.004954550073518194,0.5,1.0,0.0,-0.004954550073518194,0.9245746456169928,-0.1555461916136902,1.0,0.0,-0.004954550073518194,0.8969812249036335,-0.14339624304035536,1.0,0.0,-0.004954550073518194,0.8869873547219876,-0.12083871728188611,1.0,0.0,-0.004954550073518194,0.9454218697411622,-0.12738939875894817
2024-11-14,32,0.5073607857875078,1,0,-0.0032222464208859773,0.5,1.0,0.0,-0.0032222464208859773,0.9215954382743115,-0.15826722987536657,1.0,0.0,-0.0032222464208859773,0.8940909303620859,-0.14615643143033608,1.0,0.0,-0.0032222464208859773,0.8841292628928636,-0.12367159157850605,1.0,0.0,-0.0032222464208859773,0.9423754875051614,-0.1302011651456243
2024-11-15,32,0.5100609779789521,1,1,0.0003476626732441534,0.5,1.0,0.0,0.0003476626732441534,0.9219158426080315,-0.15797459081034793,1.0,0.0,0.0003476626732441534,0.8944017724050589,-0.14585958189275483,1.0,0.0,0.0003476626732441534,0.8844366416358943,-0.12336692490139445,1.0,0.0,0.0003476626732441534,0.9427031162863472,-0.12989876855751414
2024-11-18,32,0.5136602896868313,1,1,0.005806019818599184,0.5,1.0,0.0,0.005806019818599184,0.9272685042612943,-0.1530857745968287,1.0,0.0,0.005806019818599184,0.899594686821433,-0.1409004256973575,1.0,0.0,0.005806019818599184,0.8895716983055276,-0.11827717589373243,1.0,0.0,0.005806019818599184,0.9481764692625609,-0.12484694356357151
2024-11-19,32,0.4982969950444515,0,1,0.001198629558994746,0.5,1.0,0.0,0.001198629558994746,0.9283799556996267,-0.15207063817232735,-1.0,2.0,-0.001398629558994746,0.8983364871013299,-0.14210198775609695,0.0,1.0,-0.0001,0.889482741135697,-0.11836534817614308,0.0,1.0,-0.0001,0.9480816516156347,-0.12493445886921517
2024-11-20,33,0.512995162567587,1,0,-0.005789868023150069,0.52,1.0,0.0,-0.005789868023150069,0.923004758280788,-0.15698003727026333,0.0,1.0,-0.0001,0.8982466534526198,-0.14218777755732137,0.0,0.0,-0.0,0.889482741135697,-0.11836534817614308,1.0,1.0,-0.005889868023150069,0.9424975758124485,-0.13008847941808188
2024-11-21,33,0.5238115373857634,1,0,-0.007286603503216971,0.52,1.0,0.0,-0.007286603503216971,0.9162791885756133,-0.16312278948397163,1.0,1.0,-0.007386603503216971,0.8916116615754738,-0.14852409632471875,1.0,1.0,-0.007386603503216971,0.8829124848039731,-0.12487763378386263,1.0,0.0,-0.007286603503216971,0.9356299696747601,-0.1364271797514428
2024-11-22,33,0.5300611410238196,1,1,0.0010059984149974888,0.52,1.0,0.0,0.0010059984149974888,0.9172009639870156,-0.162280892336645,1.0,0.0,0.0010059984149974888,0.8925086214938119,-0.14766751291521285,1.0,0.0,0.0010059984149974888,0.8838006933642674,-0.12399726207052031,1.0,0.0,0.0010059984149974888,0.936571211941277,-0.13555842686303787
2024-11-25,33,0.533223902501453,1,0,-0.0033944345196962327,0.52,1.0,0.0,-0.0033944345196962327,0.9140875853733593,-0.1651244749935067,1.0,0.0,-0.0033944345196962327,0.8894790594198868,-0.150560699731632,1.0,0.0,-0.0033944345196962327,0.8808006897821802,-0.1269707960034966,1.0,0.0,-0.0033944345196962327,0.9333920822893098,-0.13849271717915446
2024-11-26,33,0.5209039582268449,1,1,0.004490308188931369,0.52,1.0,0.0,0.004490308188931369,0.9181921203433618,-0.1613756265868317,1.0,0.0,0.004490308188931369,0.8934730945242829,-0.1467464554856368,1.0,0.0,0.004490308188931369,0.8847557563323255,-0.1230506258196149,1.0,0.0,0.004490308188931369,0.9375833003998972,-0.13462428397228
2024-11-27,33,0.49944595709994716,0,1,0.006791653575785039,0.52,1.0,0.0,0.006791653575785039,0.9244281631407495,-0.1556799803623996,0.0,1.0,-0.0001,0.8933837472148305,-0.1468317808400883,0.0,1.0,-0.0001,0.8846672807566923,-0.1231383207570329,1.0,0.0,0.006791653575785039,0.9439510413746546,-0.12874695189612273
2024-11-28,33,0.5026207651958997,1,1,5.281913081822686e-05,0.52,1.0,0.0,5.281913081822686e-05,0.9244769906328305,-0.15563538411282984,0.0,0.0,0.0,0.8933837472148305,-0.1468317808400883,0.0,0.0,0.0,0.8846672807566923,-0.1231383207570329,1.0,0.0,5.281913081822686e-05,0.9440009000481949,-0.12870093306739916
2024-11-29,33,0.5117814505185878,1,0,-0.0016977970845830639,0.52,1.0,0.0,-0.0016977970845830639,0.9229074162933699,-0.15706894389600823,0.0,0.0,-0.0,0.8933837472148305,-0.1468317808400883,0.0,0.0,-0.0,0.8846672807566923,-0.1231383207570329,1.0,0.0,-0.0016977970845830639,0.9423981780722493,-0.13018022208303726
2024-12-02,33,0.5072793846299988,1,0,-0.004158447181446645,0.52,1.0,0.0,-0.004158447181446645,0.9190695545493486,-0.16057422817041778,0.0,0.0,-0.0,0.8933837472148305,-0.1468317808400883,0.0,0.0,-0.0,0.8846672807566923,-0.1231383207570329,1.0,0.0,-0.004158447181446645,0.9384792650248444,-0.13379732168688263
2024-12-03,33,0.5028345257901621,1,1,0.0009143989742383951,0.52,1.0,0.0,0.0009143989742383951,0.9199099508072822,-0.1598066581057075,0.0,0.0,0.0,0.8933837472148305,-0.1468317808400883,0.0,0.0,0.0,0.8846672807566923,-0.1231383207570329,1.0,0.0,0.0009143989742383951,0.9393374095021271,-0.1330052668463505
2024-12-04,33,0.5054578789245879,1,1,0.0003154091131798431,0.52,1.0,0.0,0.0003154091131798431,0.9202000987890716,-0.15954165346884108,0.0,0.0,0.0,0.8933837472148305,-0.1468317808400883,0.0,0.0,0.0,0.8846672807566923,-0.1231383207570329,1.0,0.0,0.0003154091131798431,0.9396336850814347,-0.13273180880643498
2024-12-05,33,0.4989418421356911,0,1,0.006795994648919557,0.52,1.0,0.0,0.006795994648919557,0.9264537737363774,-0.15382990304317556,0.0,0.0,0.0,0.8933837472148305,-0.1468317808400883,0.0,0.0,0.0,0.8846672807566923,-0.1231383207570329,1.0,0.0,0.006795994648919557,0.9460194305771927,-0.1268378588199054
2024-12-06,33,0.4567591685365068,0,0,-0.0019018358549437455,0.52,1.0,0.0,-0.0019018358549437455,0.9246918107315376,-0.15543917967294918,-1.0,1.0,0.0018018358549437455,0.8949934780827861,-0.14529451175250752,0.0,0.0,-0.0,0.8846672807566923,-0.1231383207570329,0.0,1.0,-0.0001,0.9459248286341351,-0.12692517503402334
2024-12-09,33,0.500372214853621,1,0,-0.0009710081955754957,0.52,1.0,0.0,-0.0009710081955754957,0.9237939274049357,-0.1562592551511488,0.0,1.0,-0.0001,0.8949039787349778,-0.1453799823013322,0.0,0.0,-0.0,0.8846672807566923,-0.1231383207570329,1.0,1.0,-0.0010710081955754957,0.9449117353902696,-0.12786024532691254
2024-12-10,33,0.5035714180066184,1,0,-0.002106648858464677,0.52,1.0,0.0,-0.002106648858464677,0.9218478179823115,-0.1580367206281248,0.0,0.0,-0.0,0.8949039787349778,-0.1453799823013322,0.0,0.0,-0.0,0.8846672807566923,-0.1231383207570329,1.0,0.0,-0.002106648858464677,0.9429211381615599,-0.12969753754551616
2024-12-11,33,0.507324977512802,1,0,-0.0024796014891416145,0.52,1.0,0.0,-0.0024796014891416145,0.9195620027600806,-0.16012445402945785,0.0,0.0,-0.0,0.8949039787349778,-0.1453799823013322,0.0,0.0,-0.0,0.8846672807566923,-0.1231383207570329,1.0,0.0,-0.0024796014891416145,0.9405830695032313,-0.1318555408274219
2024-12-12,33,0.5028306113248704,1,0,-0.003121247001146465,0.52,1.0,0.0,-0.003121247001146465,0.9166918226165974,-0.1627459130586547,0.0,0.0,-0.0,0.8949039787349778,-0.1453799823013322,0.0,0.0,-0.0,0.8846672807566923,-0.1231383207570329,1.0,0.0,-0.003121247001146465,0.9376472774182152,-0.13456523411717636
2024-12-13,33,0.503044539577933,1,1,0.003436723753809101,0.52,1.0,0.0,0.003436723753809101,0.9198422391783064,-0.15986850205008962,0.0,0.0,0.0,0.8949039787349778,-0.1453799823013322,0.0,0.0,0.0,0.8846672807566923,-0.1231383207570329,1.0,0.0,0.003436723753809101,0.9408697120892128,-0.1315909738998946
2024-12-16,33,0.5085916842406177,1,1,0.0006941552918395822,0.52,1.0,0.0,0.0006941552918395822,0.9204807525362896,-0.15928532032494658,0.0,0.0,0.0,0.8949039787349778,-0.1453799823013322,0.0,0.0,0.0,0.8846672807566923,-0.1231383207570329,1.0,0.0,0.0006941552918395822,0.9415228217787911,-0.13098816317894602
2024-12-17,33,0.5061267613366387,1,0,-0.0021200121370241742,0.52,1.0,0.0,-0.0021200121370241742,0.9185293221690155,-0.16106764564963205,0.0,0.0,-0.0,0.8949039787349778,-0.1453799823013322,0.0,0.0,-0.0,0.8846672807566923,-0.1231383207570329,1.0,0.0,-0.0021200121370241742,0.9395267819693348,-0.13283047882022425
2024-12-18,33,0.5117704163334803,1,0,-0.013796860409498679,0.52,1.0,0.0,-0.013796860409498679,0.9058565013290182,-0.17264227823561618,0.0,0.0,-0.0,0.8949039787349778,-0.1453799823013322,0.0,0.0,-0.0,0.8846672807566923,-0.1231383207570329,1.0,0.0,-0.013796860409498679,0.9265642621075184,-0.14479469565531344
2024-12-19,33,0.5081291184753036,1,1,0.0014199956440721364,0.52,1.0,0.0,0.0014199956440721364,0.9071428136150598,-0.17146743387462138,0.0,0.0,0.0,0.8949039787349778,-0.1453799823013322,0.0,0.0,0.0,0.8846672807566923,-0.1231383207570329,1.0,0.0,0.0014199956440721364,0.927879979323664,-0.14358030784835663
2024-12-20,33,0.5145632832774754,1,1,0.006572816929756531,0.52,1.0,0.0,0.006572816929756531,0.9131052972580959,-0.1660216409971378,0.0,0.0,0.0,0.8949039787349778,-0.1453799823013322,0.0,0.0,0.0,0.8846672807566923,-0.1231383207570329,1.0,0.0,0.006572816929756531,0.9339787645605446,-0.13795121799680554
2024-12-23,33,0.49676104145115735,0,0,-0.0026118902880392088,0.52,1.0,0.0,-0.0026118902880392088,0.9107203664002302,-0.16819990097345228,0.0,0.0,-0.0,0.8949039787349778,-0.1453799823013322,0.0,0.0,-0.0,0.8846672807566923,-0.1231383207570329,1.0,0.0,-0.0026118902880392088,0.9315393144961541,-0.14020279483833564
2024-12-24,33,0.5114747990638725,1,0,-0.0003120618074839987,0.52,1.0,0.0,-0.0003120618074839987,0.9104361653565789,-0.16845947401581984,0.0,0.0,-0.0,0.8949039787349778,-0.1453799823013322,0.0,0.0,-0.0,0.8846672807566923,-0.1231383207570329,1.0,0.0,-0.0003120618074839987,0.93124861665393,-0.14047110470824808
2024-12-25,33,0.513021115590724,1,0,-0.0002910735756074257,0.52,1.0,0.0,-0.0002910735756074257,0.9101711614465663,-0.16870151348998053,0.0,0.0,-0.0,0.8949039787349778,-0.1453799823013322,0.0,0.0,-0.0,0.8846672807566923,-0.1231383207570329,1.0,0.0,-0.0002910735756074257,0.9309775547893011,-0.14072129085713858
2024-12-26,33,0.5131196870985149,1,1,0.0022721812206090157,0.52,1.0,0.0,0.0022721812206090157,0.9122392352671451,-0.16681265268021173,0.0,0.0,0.0,0.8949039787349778,-0.1453799823013322,0.0,0.0,0.0,0.8846672807566923,-0.1231383207570329,1.0,0.0,0.0022721812206090157,0.9330929045061018,-0.13876885391095506
2024-12-27,33,0.5138913691291084,1,1,0.000594492107253819,0.52,1.0,0.0,0.000594492107253819,0.9127815542924387,-0.1663173293783664,0.0,0.0,0.0,0.8949039787349778,-0.1453799823013322,0.0,0.0,0.0,0.8846672807566923,-0.1231383207570329,1.0,0.0,0.000594492107253819,0.9336476208731652,-0.13825685879208394
2024-12-30,33,0.49754852033625324,0,0,-0.0022269349976842268,0.52,1.0,0.0,-0.0022269349976842268,0.9107488491039443,-0.16817388649453657,0.0,0.0,-0.0,0.8949039787349778,-0.1453799823013322,0.0,0.0,-0.0,0.8846672807566923,-0.1231383207570329,1.0,0.0,-0.0022269349976842268,0.9315684483107382,-0.14017590475225417
2024-12-31,33,0.5023090455626146,1,0,-0.005217249054994322,0.52,1.0,0.0,-0.005217249054994322,0.9059972455316195,-0.17251373049914254,0.0,0.0,-0.0,0.8949039787349778,-0.1453799823013322,0.0,0.0,-0.0,0.8846672807566923,-0.1231383207570329,1.0,0.0,-0.005217249054994322,0.9267082237041264,-0.14466182120064686
2025-01-02,33,0.5105565587111588,1,0,-0.008081167511345909,0.52,1.0,0.0,-0.008081167511345909,0.8986757300256605,-0.1792007856563177,0.0,0.0,-0.0,0.8949039787349778,-0.1453799823013322,0.0,0.0,-0.0,0.8846672807566923,-0.1231383207570329,1.0,0.0,-0.008081167511345909,0.9192193393142316,-0.15157395230237392
2025-01-03,33,0.5065257065794907,1,1,0.0036171888740996745,0.52,1.0,0.0,0.0036171888740996745,0.9019264098777326,-0.176231799870324,0.0,0.0,0.0,0.8949039787349778,-0.1453799823013322,0.0,0.0,0.0,0.8846672807566923,-0.1231383207570329,1.0,0.0,0.0036171888740996745,0.9225443292812563,-0.14850503504214574
2025-01-06,33,0.5168612641389825,1,1,0.00786245805547692,0.52,1.0,0.0,0.00786245805547692,0.9090177684445232,-0.1697549569493687,0.0,0.0,0.0,0.8949039787349778,-0.1453799823013322,0.0,0.0,0.0,0.8846672807566923,-0.1231383207570329,1.0,0.0,0.00786245805547692,0.9297977953745482,-0.14181019159571484
2025-01-07,33,0.505520398231543,1,0,-0.003931263264369433,0.52,1.0,0.0,-0.003931263264369433,0.9054441802847781,-0.17301886878753858,0.0,0.0,-0.0,0.8949039787349778,-0.1453799823013322,0.0,0.0,-0.0,0.8846672807566923,-0.1231383207570329,1.0,0.0,-0.003931263264369433,0.9261425154583005,-0.1451839616633509
2025-01-08,33,0.5072019621707068,1,0,-0.002980940532252841,0.52,1.0,0.0,-0.002980940532252841,0.9027451050280748,-0.17548405036097803,0.0,0.0,-0.0,0.8949039787349778,-0.1453799823013322,0.0,0.0,-0.0,0.8846672807566923,-0.1231383207570329,1.0,0.0,-0.002980940532252841,0.9233817396953282,-0.14773211743964842
2025-01-09,33,0.5152255470185177,1,0,-0.0016578833712275198,0.52,1.0,0.0,-0.0016578833712275198,0.9012484589299917,-0.17685100164319645,0.0,0.0,-0.0,0.8949039787349778,-0.1453799823013322,0.0,0.0,-0.0,0.8846672807566923,-0.1231383207570329,1.0,0.0,-0.0016578833712275198,0.9218508804637922,-0.14914507818997658
2025-01-10,33,0.49179722455199454,0,0,-0.005163311937805948,0.52,1.0,0.0,-0.005163311937805948,0.8965950320030693,-0.18110117669300507,0.0,0.0,-0.0,0.8949039787349778,-0.1453799823013322,0.0,0.0,-0.0,0.8846672807566923,-0.1231383207570329,1.0,0.0,-0.005163311937805948,0.9170910768078165,-0.15353830756509923
2025-01-13,33,0.5118706929985021,1,1,0.002032546814788372,0.52,1.0,0.0,0.002032546814788372,0.8984174033795223,-0.17943672649805853,0.0,0.0,0.0,0.8949039787349778,-0.1453799823013322,0.0,0.0,0.0,0.8846672807566923,-0.1231383207570329,1.0,0.0,0.002032546814788372,0.9189551073548531,-0.15181783454830033
2025-01-14,33,0.5125387788063377,1,1,0.004050693063236022,0.52,1.0,0.0,0.004050693063236022,0.9020566165232822,-0.176112876538138,0.0,0.0,0.0,0.8949039787349778,-0.1453799823013322,0.0,0.0,0.0,0.8846672807566923,-0.1231383207570329,1.0,0.0,0.004050693063236022,0.9226775124336407,-0.14838210893434456
2025-01-15,33,0.5180247102096899,1,0,-0.0011222530650011333,0.52,1.0,0.0,-0.0011222530650011333,0.9010442807205844,-0.17703748638765804,0.0,0.0,-0.0,0.8949039787349778,-0.1453799823013322,0.0,0.0,-0.0,0.8846672807566923,-0.1231383207570329,1.0,0.0,-0.0011222530650011333,0.9216420347673044,-0.1493378397228028
2025-01-16,33,0.5109936307837983,1,1,0.0006490050075860231,0.52,1.0,0.0,0.0006490050075860231,0.9016290629708288,-0.17650337959526807,0.0,0.0,0.0,0.8949039787349778,-0.1453799823013322,0.0,0.0,0.0,0.8846672807566923,-0.1231383207570329,1.0,0.0,0.0006490050075860231,0.9222401850630702,-0.14878575572101904
2025-01-17,33,0.5096439336470825,1,0,-0.0023843130829300785,0.52,1.0,0.0,-0.0023843130829300785,0.8994792970000375,-0.17846685336104773,0.0,0.0,-0.0,0.8949039787349778,-0.1453799823013322,0.0,0.0,-0.0,0.8846672807566923,-0.1231383207570329,1.0,0.0,-0.0023843130829300785,0.9200412757242205,-0.1508153169800298
2025-01-20,33,0.5124789441613793,1,1,0.01394279770201634,0.52,1.0,0.0,0.01394279770201634,0.9120205548752609,-0.16701238289195985,0.0,0.0,0.0,0.8949039787349778,-0.1453799823013322,0.0,0.0,0.0,0.8846672807566923,-0.1231383207570329,1.0,0.0,0.01394279770201634,0.9328692251091483,-0.1389753067330315
2025-01-21,33,0.46954595780184755,0,0,-0.0014152030165982543,0.52,1.0,0.0,-0.0014152030165982543,0.9107298606348018,-0.16819122948048015,-1.0,1.0,0.0013152030165982543,0.8960809591473757,-0.14425598347600987,0.0,0.0,-0.0,0.8846672807566923,-0.1231383207570329,0.0,1.0,-0.0001,0.9327759381866374,-0.1390614092023581
2025-01-22,33,0.471789478682464,0,1,0.0004059968856007235,0.52,1.0,0.0,0.0004059968856007235,0.911099614121843,-0.16785351771023393,-1.0,0.0,-0.0004059968856007235,0.8957171530687158,-0.14460341288159007,0.0,0.0,0.0,0.8846672807566923,-0.1231383207570329,0.0,0.0,0.0,0.9327759381866374,-0.1390614092023581
2025-01-23,33,0.4659007120993741,0,1,0.0005624851491667915,0.52,1.0,0.0,0.0005624851491667915,0.9116120941241982,-0.16738544767201458,-1.0,0.0,-0.0005624851491667915,0.8952133254722607,-0.14508456075849208,0.0,0.0,0.0,0.8846672807566923,-0.1231383207570329,0.0,0.0,0.0,0.9327759381866374,-0.1390614092023581
2025-01-24,33,0.463709420723038,0,1,0.00495113811170067,0.52,1.0,0.0,0.00495113811170067,0.9161256115065037,-0.16326305802962693,-1.0,0.0,-0.00495113811170067,0.8907810006584127,-0.149317365172002,0.0,0.0,0.0,0.8846672807566923,-0.1231383207570329,0.0,0.0,0.0,0.9327759381866374,-0.1390614092023581
2025-01-27,33,0.4467742007205559,0,0,-0.0021516145137691067,0.52,1.0,0.0,-0.0021516145137691067,0.9141544623443507,-0.1650633933781771,-1.0,0.0,0.0021516145137691067,0.8926976179880192,-0.14748702406829473,0.0,0.0,-0.0,0.8846672807566923,-0.1231383207570329,0.0,0.0,-0.0,0.9327759381866374,-0.1390614092023581
2025-01-28,33,0.4699043143135653,0,0,-0.0015331053400753358,0.52,1.0,0.0,-0.0015331053400753358,0.9127529672564769,-0.16634343914841343,-1.0,0.0,0.0015331053400753358,0.8940662174732291,-0.14618003187241024,0.0,0.0,-0.0,0.8846672807566923,-0.1231383207570329,0.0,0.0,-0.0,0.9327759381866374,-0.1390614092023581
2025-01-29,33,0.47271260099505696,0,0,-0.00036486163034166186,0.52,1.0,0.0,-0.00036486163034166186,0.9124199387207446,-0.16664760844035076,-1.0,0.0,0.00036486163034166186,0.8943924279309697,-0.14586850572682108,0.0,0.0,-0.0,0.8846672807566923,-0.1231383207570329,0.0,0.0,-0.0,0.9327759381866374,-0.1390614092023581
2025-01-30,33,0.4914936926821273,0,0,-0.00268257458552168,0.52,1.0,0.0,-0.00268257458552168,0.9099723041818091,-0.1688831383867323,0.0,1.0,-0.0001,0.8943029886881767,-0.1459539188762483,0.0,0.0,-0.0,0.8846672807566923,-0.1231383207570329,1.0,1.0,-0.0027825745855216797,0.9301804195670531,-0.14145703504480656
2025-01-31,33,0.49909191878521564,0,0,-0.01437753601005287,0.52,1.0,0.0,-0.01437753601005287,0.8968891446102844,-0.18083255099313922,0.0,0.0,-0.0,0.8943029886881767,-0.1459539188762483,0.0,0.0,-0.0,0.8846672807566923,-0.1231383207570329,1.0,0.0,-0.01437753601005287,0.9168067170888817,-0.15380076743962734
2025-02-03,33,0.5412508465309432,1,1,0.007766210111102677,0.52,1.0,0.0,0.007766210111102677,0.903854574153695,-0.17447072446797596,1.0,1.0,0.007666210111102677,0.9011589033024474,-0.13940662217378974,1.0,1.0,0.007666210111102677,0.891449326009391,-0.11641611488558201,1.0,0.0,0.007766210111102677,0.9239268306850642,-0.14722900640370973
2025-02-04,33,0.494765522241576,0,1,0.004398011689169534,0.52,1.0,0.0,0.004398011689169534,0.9078297371361322,-0.1708400370644345,0.0,1.0,-0.0001,0.9010687874121172,-0.13949268151157235,0.0,1.0,-0.0001,0.89136018107679,-0.11650447327409341,1.0,0.0,0.004398011689169534,0.9279902716863545,-0.14347850960568853
2025-02-05,33,0.48609744635259894,0,1,0.0027041830597469563,0.52,1.0,0.0,0.0027041830597469563,0.9102846749324303,-0.16859783673884376,0.0,0.0,0.0,0.9010687874121172,-0.13949268151157235,0.0,0.0,0.0,0.89136018107679,-0.11650447327409341,1.0,0.0,0.0027041830597469563,0.9304997272586587,-0.141162318701055
2025-02-06,33,0.5055783249498095,1,0,-0.0014540054721770002,0.52,1.0,0.0,-0.0014540054721770002,0.9089611160338397,-0.16980670003380527,0.0,0.0,-0.0,0.9010687874121172,-0.13949268151157235,0.0,0.0,-0.0,0.89136018107679,-0.11650447327409341,1.0,0.0,-0.0014540054721770002,0.9291467755633654,-0.14241107338937542
2025-02-07,33,0.502805629205646,1,0,-0.007135643922794088,0.52,1.0,0.0,-0.007135643922794088,0.9024750931701566,-0.17573066380945346,0.0,0.0,-0.0,0.9010687874121172,-0.13949268151157235,0.0,0.0,-0.0,0.89136018107679,-0.11650447327409341,1.0,0.0,-0.007135643922794088,0.922516715020933,-0.1485305226018
2025-02-10,33,0.5071490755841298,1,0,-0.0009786114722859507,0.52,1.0,0.0,-0.0009786114722859507,0.901591920690528,-0.17653730323810302,0.0,0.0,-0.0,0.9010687874121172,-0.13949268151157235,0.0,0.0,-0.0,0.89136018107679,-0.11650447327409341,1.0,0.0,-0.0009786114722859507,0.921613929580238,-0.1493637804006832
2025-02-11,33,0.5115998314600546,1,1,0.006156768707821447,0.52,1.0,0.0,0.006156768707821447,0.90714281361506,-0.17146743387462116,0.0,0.0,0.0,0.9010687874121172,-0.13949268151157235,0.0,0.0,0.0,0.89136018107679,-0.11650447327409341,1.0,0.0,0.006156768707821447,0.92728809338257,-0.14412660994211457
2025-02-12,33,0.4860883173752398,0,1,0.0026084706288276305,0.52,1.0,0.0,0.0026084706288276305,0.909509069000527,-0.16930623101085585,0.0,0.0,0.0,0.9010687874121172,-0.13949268151157235,0.0,0.0,0.0,0.89136018107679,-0.11650447327409341,1.0,0.0,0.0026084706288276305,0.92970689713862,-0.14189408934215342
2025-02-13,34,0.49181292009401895,0,1,0.006705875470178759,0.5,1.0,0.0,0.006705875470178759,0.9156081235562428,-0.16373570204216126,-1.0,1.0,-0.006805875470178759,0.8949362254549253,-0.145349187162382,0.0,0.0,0.0,0.89136018107679,-0.11650447327409341,0.0,1.0,-0.0001,0.9296139264489062,-0.14197989993321924
2025-02-14,34,0.4551008338464253,0,1,0.0026327820045104473,0.5,1.0,0.0,0.0026327820045104473,0.9180187201471253,-0.16153400044748323,-1.0,0.0,-0.0026327820045104473,0.8925800534653631,-0.1475992964425612,0.0,0.0,0.0,0.89136018107679,-0.11650447327409341,0.0,0.0,0.0,0.9296139264489062,-0.14197989993321924
2025-02-17,34,0.4648404798451775,0,0,-0.0003669738116622856,0.5,1.0,0.0,-0.0003669738116622856,0.9176818313182156,-0.16184169551128824,-1.0,0.0,0.0003669738116622856,0.892907606969797,-0.14728648770731312,0.0,0.0,-0.0,0.89136018107679,-0.11650447327409341,0.0,0.0,-0.0,0.9296139264489062,-0.14197989993321924
2025-02-18,34,0.45638714739190717,0,0,-0.0035315863408795774,0.5,1.0,0.0,-0.0035315863408795774,0.9144409586974588,-0.1648017239309153,-1.0,0.0,0.0035315863408795774,0.896060987278239,-0.1442750563146168,0.0,0.0,-0.0,0.89136018107679,-0.11650447327409341,0.0,0.0,-0.0,0.9296139264489062,-0.14197989993321924
2025-02-19,34,0.46672547156900107,0,0,-0.00261560548386075,0.5,1.0,0.0,-0.00261560548386075,0.9120491419112229,-0.1669862731219126,-1.0,0.0,0.00261560548386075,0.8984047293104378,-0.14203681745923669,0.0,0.0,-0.0,0.89136018107679,-0.11650447327409341,0.0,0.0,-0.0,0.9296139264489062,-0.14197989993321924
2025-02-20,34,0.47901151746001874,0,1,0.007633917867490458,0.5,1.0,0.0,0.007633917867490458,0.9190116501516883,-0.16062711474843316,-1.0,0.0,-0.007633917867490458,0.8915463813951169,-0.14858643792808368,0.0,0.0,0.0,0.89136018107679,-0.11650447327409341,0.0,0.0,0.0,0.9296139264489062,-0.14197989993321924
2025-02-21,34,0.45016280760716837,0,0,-0.002451152351532815,0.5,1.0,0.0,-0.002451152351532815,0.9167590125843329,-0.1626845455699305,-1.0,0.0,0.002451152351532815,0.8937316974043742,-0.14649949357328407,0.0,0.0,-0.0,0.89136018107679,-0.11650447327409341,0.0,0.0,-0.0,0.9296139264489062,-0.14197989993321924
2025-02-24,34,0.47845076137808584,0,0,-0.0012867991613442211,0.5,1.0,0.0,-0.0012867991613442211,0.9155793278557847,-0.16376200239447158,-1.0,0.0,0.0012867991613442211,0.894881750603061,-0.14540120983740723,0.0,0.0,-0.0,0.89136018107679,-0.11650447327409341,0.0,0.0,-0.0,0.9296139264489062,-0.14197989993321924
2025-02-25,34,0.49010101354816044,0,1,0.005998783902478877,0.5,1.0,0.0,0.005998783902478877,0.9210716903891684,-0.15874559135579436,-1.0,0.0,-0.005998783902478877,0.8895135483629212,-0.1505277633029125,0.0,0.0,0.0,0.89136018107679,-0.11650447327409341,0.0,0.0,0.0,0.9296139264489062,-0.14197989993321924
2025-02-26,34,0.4600596516413063,0,0,-0.003356382433448046,0.5,1.0,0.0,-0.003356382433448046,0.9179802215475998,-0.16156916287502854,-1.0,0.0,0.003356382433448046,0.8924990960109604,-0.14767660960996065,0.0,0.0,-0.0,0.89136018107679,-0.11650447327409341,0.0,0.0,-0.0,0.9296139264489062,-0.14197989993321924
2025-02-27,34,0.48866996816205244,0,0,-0.008929464425346477,0.5,1.0,0.0,-0.008929464425346477,0.9097831498161189,-0.16905590120824943,-1.0,0.0,0.008929464425346477,0.9004686349384441,-0.14006581821658226,0.0,0.0,-0.0,0.89136018107679,-0.11650447327409341,0.0,0.0,-0.0,0.9296139264489062,-0.14197989993321924
2025-02-28,34,0.49738878178972856,0,1,0.0018017084062638133,0.5,1.0,0.0,0.0018017084062638133,0.9114223137650197,-0.16755878224032106,-1.0,0.0,-0.0018017084062638133,0.8988462530292985,-0.141615168860735,0.0,0.0,0.0,0.89136018107679,-0.11650447327409341,0.0,0.0,0.0,0.9296139264489062,-0.14197989993321924
2025-03-03,34,0.5419931670775591,1,1,0.006836147663262126,0.5,1.0,0.0,0.006836147663262126,0.9176529312855094,-0.16186809115473022,1.0,2.0,0.006636147663262126,0.9048111294909709,-0.13591880036939052,1.0,1.0,0.006736147663262125,0.8973645148776754,-0.11055311694623604,1.0,1.0,0.006736147663262125,0.9358759431272909,-0.1362001498411224
2025-03-04,34,0.47481573651477177,0,1,0.013538875107199864,0.5,1.0,0.0,0.013538875107199864,0.9300769197139398,-0.15052072791751503,-1.0,2.0,-0.013738875107199865,0.89238004238729,-0.14779030405359495,0.0,1.0,-0.0001,0.8972747784261876,-0.11064206163454149,0.0,1.0,-0.0001,0.9357823555329782,-0.13628652982613831
2025-03-05,34,0.43346001880516666,0,1,0.015803682242369943,0.5,1.0,0.0,0.015803682242369943,0.9447755598140611,-0.13709582743004367,-1.0,0.0,-0.015803682242369943,0.8782771517579686,-0.16125835529219856,0.0,0.0,0.0,0.8972747784261876,-0.11064206163454149,0.0,0.0,0.0,0.9357823555329782,-0.13628652982613831
2025-03-06,34,0.4093201365888753,0,0,-0.000647234466842117,0.5,1.0,0.0,-0.000647234466842117,0.9441640685083195,-0.1376543287521128,-1.0,0.0,0.000647234466842117,0.8788456030020264,-0.16071549279096775,0.0,0.0,-0.0,0.8972747784261876,-0.11064206163454149,0.0,0.0,-0.0,0.9357823555329782,-0.13628652982613831
2025-03-07,34,0.43432760179285423,0,1,0.0067335647250317265,0.5,1.0,0.0,0.0067335647250317265,0.9505216583746695,-0.1318476683594143,-1.0,0.0,-0.0067335647250317265,0.8729278392509028,-0.16636686934297606,0.0,0.0,0.0,0.8972747784261876,-0.11064206163454149,0.0,0.0,0.0,0.9357823555329782,-0.13628652982613831
2025-03-10,34,0.40562569675271626,0,0,-0.001951039928978826,0.5,1.0,0.0,-0.001951039928978826,0.9486671526658214,-0.13354146822288115,-1.0,0.0,0.001951039928978826,0.8746309563203986,-0.16474041781894455,0.0,0.0,-0.0,0.8972747784261876,-0.11064206163454149,0.0,0.0,-0.0,0.9357823555329782,-0.13628652982613831
2025-03-11,34,0.4274793491669984,0,1,0.006897692458530892,0.5,1.0,0.0,0.006897692458530892,0.9552107669304204,-0.1275649037426123,-1.0,0.0,-0.006897692458530892,0.8685980209689896,-0.1705017815398705,0.0,0.0,0.0,0.8972747784261876,-0.11064206163454149,0.0,0.0,0.0,0.9357823555329782,-0.13628652982613831
2025-03-12,34,0.49885573187966153,0,0,-0.002558252061335975,0.5,1.0,0.0,-0.002558252061335975,0.9527670970169103,-0.12979681262599463,-1.0,0.0,0.002558252061335975,0.8708201136466058,-0.16837971601262047,0.0,0.0,-0.0,0.8972747784261876,-0.11064206163454149,0.0,0.0,-0.0,0.9357823555329782,-0.13628652982613831
2025-03-13,34,0.4329372015006578,0,0,-0.002811636557319863,0.5,1.0,0.0,-0.002811636557319863,0.950088262216326,-0.13224350771991167,-1.0,0.0,0.002811636557319863,0.8732685433129841,-0.16604150202035284,0.0,0.0,-0.0,0.8972747784261876,-0.11064206163454149,0.0,0.0,-0.0,0.9357823555329782,-0.13628652982613831
2025-03-14,34,0.44539549031606623,0,1,0.0023613135944808845,0.5,1.0,0.0,0.0023613135944808845,0.9523317185458542,-0.1301944625179916,-1.0,0.0,-0.0023613135944808845,0.8712064824300266,-0.16801073955886503,0.0,0.0,0.0,0.8972747784261876,-0.11064206163454149,0.0,0.0,0.0,0.9357823555329782,-0.13628652982613831
2025-03-17,34,0.4547857867151721,0,1,0.0034831765334208953,0.5,1.0,0.0,0.0034831765334208953,0.9556488580399255,-0.1271647762811947,-1.0,0.0,-0.0034831765334208953,0.8681719164546622,-0.17090870502689182,0.0,0.0,0.0,0.8972747784261876,-0.11064206163454149,0.0,0.0,0.0,0.9357823555329782,-0.13628652982613831
2025-03-18,34,0.45071257036632695,0,1,0.0018596741869165712,0.5,1.0,0.0,0.0018596741869165712,0.9574260535529786,-0.12554158714621333,-1.0,0.0,-0.0018596741869165712,0.8665573995518255,-0.17245054470675047,0.0,0.0,0.0,0.8972747784261876,-0.11064206163454149,0.0,0.0,0.0,0.9357823555329782,-0.13628652982613831
2025-03-19,34,0.4653603912382127,0,0,-0.0025206220578349874,0.5,1.0,0.0,-0.0025206220578349874,0.955012744323647,-0.12774576631031198,-1.0,0.0,0.0025206220578349874,0.8687416632475161,-0.1703646052957889,0.0,0.0,-0.0,0.8972747784261876,-0.11064206163454149,0.0,0.0,-0.0,0.9357823555329782,-0.13628652982613831
2025-03-20,34,0.46830803571763346,0,0,-0.005059227151979596,0.5,1.0,0.0,-0.005059227151979596,0.9501811179170783,-0.13215869861282403,-1.0,0.0,0.005059227151979596,0.8731368246582739,-0.166167291380658,0.0,0.0,-0.0,0.8972747784261876,-0.11064206163454149,0.0,0.0,-0.0,0.9357823555329782,-0.13628652982613831
2025-03-21,34,0.49045478879886134,0,0,-0.0019287904531570812,0.5,1.0,0.0,-0.0019287904531570812,0.9483484176480697,-0.13383258262979514,-1.0,0.0,0.0019287904531570812,0.8748209226299747,-0.16455900281274294,0.0,0.0,-0.0,0.8972747784261876,-0.11064206163454149,0.0,0.0,-0.0,0.9357823555329782,-0.13628652982613831
2025-03-24,34,0.501341374556682,1,0,-0.00297094644309337,0.5,1.0,0.0,-0.00297094644309337,0.945530925289845,-0.13640591963755444,1.0,2.0,-0.00317094644309337,0.8720469123370175,-0.16720814147118823,1.0,1.0,-0.00307094644309337,0.8945192956369024,-0.11337323223200169,1.0,1.0,-0.00307094644309337,0.9329086180367446,-0.13893894763522052
2025-03-25,34,0.5021233995308966,1,0,-0.001488630694790327,0.5,1.0,0.0,-0.001488630694790327,0.9441233789315849,-0.13769149229342126,1.0,0.0,-0.001488630694790327,0.8707487565360155,-0.16844786099416575,1.0,0.0,-0.001488630694790327,0.8931876867563351,-0.1146930920533239,1.0,0.0,-0.001488630694790327,0.9315198616325007,-0.14022074954785924
2025-03-26,34,0.5034625575940056,1,0,-0.004210979976130513,0.5,1.0,0.0,-0.004210979976130513,0.9401476942879073,-0.14132265615262063,1.0,0.0,-0.004210979976130513,0.8670820509580017,-0.17194951040062778,1.0,0.0,-0.004210979976130513,0.8894264912924779,-0.11842110171541731,1.0,0.0,-0.004210979976130513,0.9275972501477984,-0.14384126275540576
2025-03-27,34,0.5038204310979613,1,1,0.005486903144057863,0.5,1.0,0.0,0.005486903144057863,0.9453061936275744,-0.13661117673493317,1.0,0.0,0.005486903144057863,0.8718396461895593,-0.1674060775658064,1.0,0.0,0.005486903144057863,0.8943066883039589,-0.11358396368668455,1.0,0.0,0.005486903144057863,0.9326868864160538,-0.1391436026882057
2025-03-28,34,0.4843694369642617,0,1,0.0021215078090845996,0.5,1.0,0.0,0.0021215078090845996,0.9473116680993313,-0.1347794906041,-1.0,2.0,-0.0023215078090845997,0.8698156636426607,-0.16933895085853368,0.0,1.0,-0.0001,0.8942172576351285,-0.11367260529031586,0.0,1.0,-0.0001,0.9325936177274122,-0.1392296883279368
2025-03-31,34,0.5057477693111574,1,0,-0.0004652105854351385,0.5,1.0,0.0,-0.0004652105854351385,0.9468709686836253,-0.13518200034380656,1.0,2.0,-0.0006652105854351385,0.8692370530558283,-0.1698915153813313,1.0,1.0,-0.0005652105854351385,0.8937118365754343,-0.11417356691596703,1.0,1.0,-0.0005652105854351385,0.9320665059427634,-0.13971620481972225
2025-04-01,34,0.4958186451362302,0,0,-0.002116018504694228,0.5,1.0,0.0,-0.002116018504694228,0.944867372192333,-0.13701197123427178,-1.0,2.0,0.001916018504694228,0.8709025273344492,-0.16830101216389826,0.0,1.0,-0.0001,0.8936224653917768,-0.11426214955927538,0.0,1.0,-0.0001,0.9319732992921691,-0.13980223319924034
2025-04-02,34,0.5005540554939052,1,1,0.010439658179454801,0.5,1.0,0.0,0.010439658179454801,0.9547314645829407,-0.12800267120099595,1.0,2.0,0.0102396581794548,0.8798202715219773,-0.15978469882025792,1.0,1.0,0.010339658179454802,0.9028622162254095,-0.1051039229491132,1.0,1.0,0.010339658179454802,0.9416095846392288,-0.13090808232379003
2025-04-03,34,0.46396991787462016,0,1,0.012380016951382578,0.5,1.0,0.0,0.012380016951382578,0.9665510562984958,-0.117207329488904,-1.0,2.0,-0.012580016951382578,0.8687521175920608,-0.17035462155191006,0.0,1.0,-0.0001,0.902771930003787,-0.10519341255681824,0.0,1.0,-0.0001,0.9415154236807649,-0.1309949915155577
2025-04-04,34,0.4301602273447889,0,0,-0.005360440510336351,0.5,1.0,0.0,-0.005360440510336351,0.9613699168610049,-0.12193948708213975,-1.0,0.0,0.005360440510336351,0.8734090116366418,-0.16590735685606361,0.0,0.0,-0.0,0.902771930003787,-0.10519341255681824,0.0,0.0,-0.0,0.9415154236807649,-0.1309949915155577
2025-04-07,34,0.45248556044242927,0,0,-0.00629822288861126,0.5,1.0,0.0,-0.00629822288861126,0.9553149948462086,-0.1274697079021847,-1.0,0.0,0.00629822288861126,0.878909936264851,-0.16065405547979217,0.0,0.0,-0.0,0.902771930003787,-0.10519341255681824,0.0,0.0,-0.0,0.9415154236807649,-0.1309949915155577
2025-04-08,34,0.46792056975094176,0,1,0.005962451246217305,0.5,1.0,0.0,0.005962451246217305,0.9610110139277594,-0.12226728857470381,-1.0,0.0,-0.005962451246217305,0.873669478620056,-0.16565861475270405,0.0,0.0,0.0,0.902771930003787,-0.10519341255681824,0.0,0.0,0.0,0.9415154236807649,-0.1309949915155577
2025-04-09,34,0.4550169902174034,0,0,-0.0025847176829951746,0.5,1.0,0.0,-0.0025847176829951746,0.9585270717665072,-0.12453597983486808,-1.0,0.0,0.0025847176829951746,0.8759276675705384,-0.16350207782060067,0.0,0.0,-0.0,0.902771930003787,-0.10519341255681824,0.0,0.0,-0.0,0.9415154236807649,-0.1309949915155577
2025-04-10,34,0.5623821798202786,1,1,0.027919435356977162,0.5,1.0,0.0,0.027919435356977162,0.9852886063846048,-0.10009351871650829,1.0,2.0,0.027719435356977164,0.9002078879291477,-0.14031482774050308,1.0,1.0,0.027819435356977163,0.9278865353526209,-0.08030039854044524,1.0,1.0,0.027819435356977163,0.967707851147449,-0.10681976285713535
2025-04-11,34,0.41902913698812483,0,1,0.007577279343956133,0.5,1.0,0.0,0.007577279343956133,0.9927544133895982,-0.09327467592438665,-1.0,2.0,-0.0077772793439561325,0.89320671971709,-0.14700083947302234,0.0,1.0,-0.0001,0.9277937466990857,-0.08039236850059117,0.0,1.0,-0.0001,0.9676110803623342,-0.1069090808808496
2025-04-14,34,0.38812690077642115,0,0,-0.00030624308154947316,0.5,1.0,0.0,-0.00030624308154947316,0.99245038921882,-0.09355235428175046,-1.0,0.0,0.00030624308154947316,0.8934802580953969,-0.14673961438154337,0.0,0.0,-0.0,0.9277937466990857,-0.08039236850059117,0.0,0.0,-0.0,0.9676110803623342,-0.1069090808808496
2025-04-15,34,0.41216398713776853,0,0,-0.004144378660155601,0.5,1.0,0.0,-0.004144378660155601,0.9883372990044784,-0.09730901656121349,-1.0,0.0,0.004144378660155601,0.8971831786103177,-0.1432033802478302,0.0,0.0,-0.0,0.9277937466990857,-0.08039236850059117,0.0,0.0,-0.0,0.9676110803623342,-0.1069090808808496
2025-04-16,34,0.41996881012908305,0,1,0.009220013132087201,0.5,1.0,0.0,0.009220013132087201,0.9974497818802313,-0.0889861938396912,-1.0,0.0,-0.009220013132087201,0.8889111379216429,-0.15110305633347298,0.0,0.0,0.0,0.9277937466990857,-0.08039236850059117,0.0,0.0,0.0,0.9676110803623342,-0.1069090808808496
2025-04-17,34,0.4015651299209047,0,1,0.01017727333632412,0.5,1.0,0.0,0.01017727333632412,1.0076011009496832,-0.07971455732123267,-1.0,0.0,-0.01017727333632412,0.8798644462993114,-0.15974251256353744,0.0,0.0,0.0,0.9277937466990857,-0.08039236850059117,0.0,0.0,0.0,0.9676110803623342,-0.1069090808808496
2025-04-22,34,0.40649493515419516,0,0,-0.01403016623455533,0.5,1.0,0.0,-0.01403016623455533,0.9934642900052382,-0.0926263150652572,-1.0,0.0,0.01403016623455533,0.8922090907447658,-0.14795356033497398,0.0,0.0,-0.0,0.9277937466990857,-0.08039236850059117,0.0,0.0,-0.0,0.9676110803623342,-0.1069090808808496
2025-04-23,34,0.4124517097465113,0,0,-0.0021068835399171704,0.5,1.0,0.0,-0.0021068835399171704,0.9913711764451306,-0.09453804574660019,-1.0,0.0,0.0021068835399171704,0.8940888713922205,-0.1461583977159987,0.0,0.0,-0.0,0.9277937466990857,-0.08039236850059117,0.0,0.0,-0.0,0.9676110803623342,-0.1069090808808496
2025-04-24,34,0.432505332590176,0,1,0.003934726147248657,0.5,1.0,0.0,0.003934726147248657,0.995271950534718,-0.0909753009198605,-1.0,0.0,-0.003934726147248657,0.8905708765319895,-0.14951803059411417,0.0,0.0,0.0,0.9277937466990857,-0.08039236850059117,0.0,0.0,0.0,0.9676110803623342,-0.1069090808808496
2025-04-25,34,0.46576411759937963,0,0,-0.002529496730785285,0.5,1.0,0.0,-0.002529496730785285,0.9927544133895981,-0.09327467592438676,-1.0,0.0,0.002529496730785285,0.8928235726527097,-0.14736673923291022,0.0,0.0,-0.0,0.9277937466990857,-0.08039236850059117,0.0,0.0,-0.0,0.9676110803623342,-0.1069090808808496
2025-04-28,34,0.486233660472576,0,1,0.005818618549439768,0.5,1.0,0.0,0.005818618549439768,0.998530872634385,-0.08799878713447362,-1.0,0.0,-0.005818618549439768,0.8876285728514955,-0.15232788693987898,0.0,0.0,0.0,0.9277937466990857,-0.08039236850059117,0.0,0.0,0.0,0.9676110803623342,-0.1069090808808496
2025-04-29,34,0.4634954901952284,0,0,-0.0017425088679668965,0.5,1.0,0.0,-0.0017425088679668965,0.9967909237338809,-0.0895879573354883,-1.0,0.0,0.0017425088679668965,0.8891752735111502,-0.15085081076574325,0.0,0.0,-0.0,0.9277937466990857,-0.08039236850059117,0.0,0.0,-0.0,0.9676110803623342,-0.1069090808808496
2025-04-30,34,0.49465887120950325,0,0,-0.005651242002569391,0.5,1.0,0.0,-0.005651242002569391,0.9911578169978961,-0.09473291611063905,-1.0,0.0,0.005651242002569391,0.8942002181644626,-0.14605206320109487,0.0,0.0,-0.0,0.9277937466990857,-0.08039236850059117,0.0,0.0,-0.0,0.9676110803623342,-0.1069090808808496
2025-05-01,34,0.5027170403354205,1,0,-0.002507785777999927,0.5,1.0,0.0,-0.002507785777999927,0.9886722055206753,-0.09700313202890831,1.0,2.0,-0.002707785777999927,0.8917789155310325,-0.1483643712795113,1.0,1.0,-0.0026077857779999267,0.9253742593615265,-0.08279050820335554,1.0,1.0,-0.0026077857779999267,0.9650877579483302,-0.10923807067818936
2025-05-02,34,0.5333385065514509,1,1,0.0023665629329931996,0.5,1.0,0.0,0.0023665629329931996,0.9910119605151411,-0.09486613311255898,1.0,0.0,0.0023665629329931996,0.8938893664569532,-0.14634892196816496,1.0,0.0,0.0023665629329931996,0.9275642157828775,-0.0806198742182801,1.0,0.0,0.0023665629329931996,0.9673716988633763,-0.10713002651413484
2025-05-05,34,0.5099855311937734,1,0,-0.000871074270188399,0.5,1.0,0.0,-0.000871074270188399,0.9901487154948874,-0.09565457193508076,1.0,0.0,-0.000871074270188399,0.8931107224294375,-0.1470925154579571,1.0,0.0,-0.000871074270188399,0.9267562384605615,-0.08142072259037114,1.0,0.0,-0.000871074270188399,0.9665290462667879,-0.10790778257466216
2025-05-06,34,0.5089480368790041,1,1,0.002597482788291528,0.5,1.0,0.0,0.002597482788291528,0.9927206097412343,-0.09330555025101195,1.0,0.0,0.002597482788291528,0.8954305621589865,-0.14487710294685419,1.0,0.0,0.002597482788291528,0.9291634718389047,-0.0790347287276183,1.0,0.0,0.002597482788291528,0.9690395888288498,-0.105590588394331
2025-05-07,34,0.5093765295191198,1,0,-0.0032222829801346053,0.5,1.0,0.0,-0.0032222829801346053,0.9895217830164363,-0.09622717634462064,1.0,0.0,-0.0032222829801346053,0.8925452314986493,-0.1476325509039519,1.0,0.0,-0.0032222829801346053,0.9261694441978354,-0.08200233944653434,1.0,0.0,-0.0032222829801346053,0.9659170690546899,-0.10847262861862028
2025-05-08,34,0.5152992844993505,1,0,-0.007250799819027876,0.5,1.0,0.0,-0.007250799819027876,0.9823469586512166,-0.10278025217082343,1.0,0.0,-0.007250799819027876,0.8860735646956247,-0.15381289664960274,1.0,0.0,-0.007250799819027876,0.9194539749594566,-0.08865855671754352,1.0,0.0,-0.007250799819027876,0.9589133977451922,-0.11493691512169069
2025-05-09,34,0.5132790384848733,1,1,0.0004828175986058003,0.5,1.0,0.0,0.0004828175986058003,0.9828212530507903,-0.10234705868675475,1.0,0.0,0.0004828175986058003,0.8865013766063191,-0.15340434262439195,1.0,0.0,0.0004828175986058003,0.919897903519675,-0.08821854503038795,1.0,0.0,0.0004828175986058003,0.9593763780091625,-0.11450959108843506
2025-05-12,35,0.5113623146867123,1,0,-0.011938820247321957,0.54,1.0,0.0,-0.011938820247321957,0.9710875267753691,-0.11306397579757355,0.0,1.0,-0.0001,0.8864127264686585,-0.1534890021901294,0.0,1.0,-0.0001,0.9198059137293231,-0.08830972317588492,1.0,0.0,-0.011938820247321957,0.9479225558825843,-0.12508130191115785
2025-05-13,35,0.5462128214811863,1,1,0.008109462705120363,0.54,1.0,0.0,0.008109462705120363,0.9789625248571615,-0.10587140118747629,1.0,1.0,0.008009462705120363,0.8935124161426533,-0.14670890392369706,1.0,1.0,0.008009462705120363,0.9271730648912873,-0.08100757390504132,1.0,0.0,0.008109462705120363,0.9556096984968565,-0.11798618135899397
2025-05-14,35,0.5305504546998051,1,0,-0.00032419902750946417,0.54,1.0,0.0,-0.00032419902750946417,0.9786451461586346,-0.10616127680967968,0.0,1.0,-0.0001,0.8934230649010391,-0.14679423303330463,0.0,1.0,-0.0001,0.9270803475847982,-0.08109947314765076,1.0,0.0,-0.00032419902750946417,0.9552998907619252,-0.11827212938124732
2025-05-15,35,0.5163487308089096,1,1,0.0009625714399328355,0.54,1.0,0.0,0.0009625714399328355,0.9795871620261558,-0.10530089318283065,0.0,0.0,0.0,0.8934230649010391,-0.14679423303330463,0.0,0.0,0.0,0.9270803475847982,-0.08109947314765076,1.0,0.0,0.0009625714399328355,0.9562194351533436,-0.11742340331519685
2025-05-16,35,0.5153384735976401,1,0,-0.0004587228270362953,0.54,1.0,0.0,-0.0004587228270362953,0.9791378030338627,-0.10571131208645668,0.0,0.0,-0.0,0.8934230649010391,-0.14679423303330463,0.0,0.0,-0.0,0.9270803475847982,-0.08109947314765076,1.0,0.0,-0.0004587228270362953,0.955780795470783,-0.11782826134670421
2025-05-19,35,0.5147235202053583,1,1,0.004100138468513759,0.54,1.0,0.0,0.004100138468513759,0.9831524036060578,-0.10204460463518572,0.0,0.0,0.0,0.8934230649010391,-0.14679423303330463,0.0,0.0,0.0,0.9270803475847982,-0.08109947314765076,1.0,0.0,0.004100138468513759,0.9596996290777594,-0.11421123506521624
2025-05-20,35,0.5087498032622778,1,1,0.004853828028530183,0.54,1.0,0.0,0.004853828028530183,0.9879244562989977,-0.09768608356879405,0.0,0.0,0.0,0.8934230649010391,-0.14679423303330463,0.0,0.0,0.0,0.9270803475847982,-0.08109947314765076,1.0,0.0,0.004853828028530183,0.9643578460363471,-0.10991176873061859
2025-05-21,35,0.48613421979235594,0,1,0.003829962183004465,0.54,1.0,0.0,0.003829962183004465,0.9917081696062882,-0.09423025539166385,0.0,0.0,0.0,0.8934230649010391,-0.14679423303330463,0.0,0.0,0.0,0.9270803475847982,-0.08109947314765076,1.0,0.0,0.003829962183004465,0.9680513001175499,-0.10650276446531959
2025-05-22,35,0.4724556346446576,0,0,-0.0043547334541853555,0.54,1.0,0.0,-0.0043547334541853555,0.9873895448633148,-0.09817464120029873,0.0,0.0,-0.0,0.8934230649010391,-0.14679423303330463,0.0,0.0,-0.0,0.9270803475847982,-0.08109947314765076,1.0,0.0,-0.0043547334541853555,0.9638356947355604,-0.11039370676812454
2025-05-23,35,0.476130162605874,0,1,0.008063275420608917,0.54,1.0,0.0,0.008063275420608917,0.9953511387109774,-0.09090297495100719,0.0,0.0,0.0,0.8934230649010391,-0.14679423303330463,0.0,0.0,0.0,0.9270803475847982,-0.08109947314765076,1.0,0.0,0.008063275420608917,0.9716073674024271,-0.10322056620988895
2025-05-26,35,0.4572410778092697,0,1,0.0013780624862818056,0.54,1.0,0.0,0.0013780624862818056,0.9967227947759129,-0.08965018244439682,-1.0,1.0,-0.0014780624862818057,0.8921025297844299,-0.14805532447053737,0.0,0.0,0.0,0.9270803475847982,-0.08109947314765076,0.0,1.0,-0.0001,0.9715102066656869,-0.10331024415326795
2025-05-27,35,0.460709848939201,0,0,-0.004512133069928481,0.54,1.0,0.0,-0.004512133069928481,0.9922254488920529,-0.09375780196139283,0.0,1.0,-0.0001,0.8920133195314515,-0.14814051893809044,0.0,0.0,-0.0,0.9270803475847982,-0.08109947314765076,1.0,1.0,-0.0046121330699284814,0.967029472313751,-0.10744589662967485
2025-05-28,35,0.47140706837346164,0,0,-0.00912184510034286,0.54,1.0,0.0,-0.00912184510034286,0.9831745220426414,-0.10202440291529524,0.0,0.0,-0.0,0.8920133195314515,-0.14814051893809044,0.0,0.0,-0.0,0.9270803475847982,-0.08109947314765076,1.0,0.0,-0.00912184510034286,0.9582083792598387,-0.1155876369042943
2025-05-29,35,0.48709019262539327,0,1,0.012880357778047635,0.54,1.0,0.0,0.012880357778047635,0.9958381616448116,-0.09045815594888829,0.0,0.0,0.0,0.8920133195314515,-0.14814051893809044,0.0,0.0,0.0,0.9270803475847982,-0.08109947314765076,1.0,0.0,0.012880357778047635,0.9705504460106286,-0.10419608924429302
2025-05-30,35,0.4696772831807271,0,0,-0.0022025434804063826,0.54,1.0,0.0,-0.0022025434804063826,0.993644784794341,-0.09246146140765976,0.0,0.0,-0.0,0.8920133195314515,-0.14814051893809044,0.0,0.0,-0.0,0.9270803475847982,-0.08109947314765076,1.0,0.0,-0.0022025434804063826,0.9684127664533624,-0.10616913630765057
2025-06-02,35,0.4882984805623223,0,1,0.008819226592268192,0.54,1.0,0.0,0.008819226592268192,1.002407963303668,-0.08445767339459798,0.0,0.0,0.0,0.8920133195314515,-0.14814051893809044,0.0,0.0,0.0,0.9270803475847982,-0.08109947314765076,1.0,0.0,0.008819226592268192,0.9769534180755599,-0.0982862393855849
2025-06-03,35,0.45825825190622155,0,0,-0.006022474969410441,0.54,1.0,0.0,-0.006022474969410441,0.9963709864355339,-0.08997150414001476,-1.0,1.0,0.00592247496941044,0.8972962460887572,-0.14309540248404617,0.0,0.0,-0.0,0.9270803475847982,-0.08109947314765076,0.0,1.0,-0.0001,0.9768557227337523,-0.09837641076164638
2025-06-04,35,0.4833157084676509,0,1,0.0033009489757100945,0.54,1.0,0.0,0.0033009489757100945,0.9996599562226355,-0.08696754650873884,0.0,1.0,-0.0001,0.8972065164641484,-0.14318109294379777,0.0,0.0,0.0,0.9270803475847982,-0.08109947314765076,1.0,1.0,0.0032009489757100947,0.9799825880588535,-0.09549035965719777
2025-06-05,35,0.5012022013596856,1,1,0.002783278827282354,0.54,1.0,0.0,0.002783278827282354,1.002442288613272,-0.08442632261231486,0.0,0.0,0.0,0.8972065164641484,-0.14318109294379777,0.0,0.0,0.0,0.9270803475847982,-0.08109947314765076,1.0,0.0,0.002783278827282354,0.9827101528473031,-0.09297285712615888
2025-06-06,35,0.47150201007416803,0,0,-0.004015539686889502,0.54,1.0,0.0,-0.004015539686889502,0.9984169418195291,-0.08810284505013644,0.0,0.0,-0.0,0.8972065164641484,-0.14318109294379777,0.0,0.0,-0.0,0.9270803475847982,-0.08109947314765076,1.0,0.0,-0.004015539686889502,0.9787640412278356,-0.09661506061545477
2025-06-09,35,0.48975194022755575,0,1,0.0017713400708556648,0.54,1.0,0.0,0.0017713400708556648,1.0001854777559953,-0.0864875650790744,0.0,0.0,0.0,0.8972065164641484,-0.14318109294379777,0.0,0.0,0.0,0.9270803475847982,-0.08109947314765076,1.0,0.0,0.0017713400708556648,0.980497765193975,-0.09501485867291537
2025-06-10,35,0.4987563171525129,0,1,0.0008235503479774309,0.54,1.0,0.0,0.0008235503479774309,1.0010091808542432,-0.08573524159541368,0.0,0.0,0.0,0.8972065164641484,-0.14318109294379777,0.0,0.0,0.0,0.9270803475847982,-0.08109947314765076,1.0,0.0,0.0008235503479774309,0.9813052544696916,-0.09426955784486102
2025-06-11,35,0.5480460944496396,1,1,0.00628405814744526,0.54,1.0,0.0,0.00628405814744526,1.0072995807528577,-0.07998994869143927,1.0,1.0,0.00618405814744526,0.9027548937322295,-0.1378824750007317,1.0,1.0,0.00618405814744526,0.9328134663616163,-0.0754169388578777,1.0,0.0,0.00628405814744526,0.9874718337491727,-0.08857789508044689
2025-06-12,35,0.46450597974022856,0,1,0.007899755653421268,0.54,1.0,0.0,0.007899755653421268,1.015257001310599,-0.07272209408741004,0.0,1.0,-0.0001,0.9026646182428563,-0.1379686867532317,0.0,1.0,-0.0001,0.9327201850149802,-0.07550939716399185,1.0,0.0,0.007899755653421268,0.995272619950427,-0.08137788315445549
2025-06-13,35,0.45757943237802684,0,0,-0.0037559350278424386,0.54,1.0,0.0,-0.0037559350278424386,1.0114437619771144,-0.07620488965477146,-1.0,1.0,0.0036559350278424388,0.9059647014390844,-0.13481715628003577,0.0,0.0,-0.0,0.9327201850149802,-0.07550939716399185,0.0,1.0,-0.0001,0.995173092688432,-0.08146974536614005
2025-06-16,35,0.4754726948499089,0,0,-0.00046201692721092863,0.54,1.0,0.0,-0.00046201692721092863,1.010976457838159,-0.07663169863302566,0.0,1.0,-0.0001,0.9058741049689405,-0.13490367456440777,0.0,0.0,-0.0,0.9327201850149802,-0.07550939716399185,1.0,1.0,-0.0005620169272109286,0.9946137885648363,-0.08198597491739956
2025-06-17,35,0.48034627776999805,0,0,-0.0059480054171472405,0.54,1.0,0.0,-0.0059480054171472405,1.0049631643903294,-0.0821238982915784,0.0,0.0,-0.0,0.9058741049689405,-0.13490367456440777,0.0,0.0,-0.0,0.9327201850149802,-0.07550939716399185,1.0,0.0,-0.0059480054171472405,0.9886978203624833,-0.08744632731160806
2025-06-18,35,0.49185800227310955,0,0,-0.00044765884907449477,0.54,1.0,0.0,-0.00044765884907449477,1.0045132837367963,-0.08253479365086203,0.0,0.0,-0.0,0.9058741049689405,-0.13490367456440777,0.0,0.0,-0.0,0.9327201850149802,-0.07550939716399185,1.0,0.0,-0.00044765884907449477,0.9882552210341374,-0.08785484003844235
2025-06-19,35,0.500970473150235,1,1,0.0030739436330802228,0.54,1.0,0.0,0.0030739436330802228,1.0076011009496835,-0.07971455732123256,0.0,0.0,0.0,0.9058741049689405,-0.13490367456440777,0.0,0.0,0.0,0.9327201850149802,-0.07550939716399185,1.0,0.0,0.0030739436330802228,0.9912930618786936,-0.08505095723153366
2025-06-20,35,0.49686736628471373,0,0,-0.0010350377251370224,0.54,1.0,0.0,-0.0010350377251370224,1.006558195798311,-0.08066708747229945,0.0,0.0,-0.0,0.9058741049689405,-0.13490367456440777,0.0,0.0,-0.0,0.9327201850149802,-0.07550939716399185,1.0,0.0,-0.0010350377251370224,0.9902670361629825,-0.08599796400737703
2025-06-23,35,0.4925830509970037,0,1,0.008536921477964032,0.54,1.0,0.0,0.008536921477964032,1.0151511040788423,-0.07281881458594242,0.0,0.0,0.0,0.9058741049689405,-0.13490367456440777,0.0,0.0,0.0,0.9327201850149802,-0.07550939716399185,1.0,0.0,0.008536921477964032,0.998720868092922,-0.07819520039540873
2025-06-24,35,0.4659141198142146,0,1,0.0011379258177608433,0.54,1.0,0.0,0.0011379258177608433,1.0163062707291022,-0.07176375117731759,0.0,0.0,0.0,0.9058741049689405,-0.13490367456440777,0.0,0.0,0.0,0.9327201850149802,-0.07550939716399185,1.0,0.0,0.0011379258177608433,0.9998573383534615,-0.07714625491500293
2025-06-25,35,0.466726650156727,0,1,0.006157340641507413,0.54,1.0,0.0,0.006157340641507413,1.0225640146340813,-0.0660482843975213,0.0,0.0,0.0,0.9058741049689405,-0.13490367456440777,0.0,0.0,0.0,0.9327201850149802,-0.07550939716399185,1.0,0.0,0.006157340641507413,1.0060138005786146,-0.0714639300442238
2025-06-26,35,0.4431741736780613,0,1,0.0007249234392081583,0.54,1.0,0.0,0.0007249234392081583,1.0233052952563804,-0.06537124090779245,-1.0,1.0,-0.0008249234392081583,0.9051268281867799,-0.13561731280043243,0.0,0.0,0.0,0.9327201850149802,-0.07550939716399185,0.0,1.0,-0.0001,1.0059131991985568,-0.07155678365121931
2025-06-27,35,0.4597358058794285,0,1,0.0030139251682785857,0.54,1.0,0.0,0.0030139251682785857,1.0263894608405864,-0.06255433976776736,-1.0,0.0,-0.0030139251682785857,0.9023988436588236,-0.13822249753640747,0.0,0.0,0.0,0.9327201850149802,-0.07550939716399185,0.0,0.0,0.0,1.0059131991985568,-0.07155678365121931
2025-06-30,35,0.462891924267155,0,1,0.005092043354438135,0.54,1.0,0.0,0.005092043354438135,1.031615880473725,-0.05778082582343502,0.0,1.0,-0.0001,0.9023086037744578,-0.1383086752866538,0.0,0.0,0.0,0.9327201850149802,-0.07550939716399185,1.0,1.0,0.004992043354438135,1.0109347614997577,-0.06692195486307206
2025-07-01,35,0.4384742582016507,0,1,0.0015583858686389895,0.54,1.0,0.0,0.0015583858686389895,1.0332235360837188,-0.056312484777237604,-1.0,1.0,-0.0016583858686389896,0.9008122279368068,-0.13973769200268715,0.0,0.0,0.0,0.9327201850149802,-0.07550939716399185,0.0,1.0,-0.0001,1.0108336680236076,-0.06701526266758584
2025-07-02,35,0.4621608778140538,0,0,-0.000448440726859678,0.54,1.0,0.0,-0.000448440726859678,1.032760196570189,-0.056735672692492356,0.0,1.0,-0.0001,0.9007221467140132,-0.13982371823348694,0.0,0.0,-0.0,0.9327201850149802,-0.07550939716399185,1.0,1.0,-0.000548440726859678,1.0102792856719824,-0.06752694949507754
2025-07-03,35,0.4566955804516418,0,0,-0.0024366680968116445,0.54,1.0,0.0,-0.0024366680968116445,1.0302437027475495,-0.059034094785702984,-1.0,1.0,0.0023366680968116447,0.9028268354183314,-0.13781377175824916,0.0,0.0,-0.0,0.9327201850149802,-0.07550939716399185,0.0,1.0,-0.0001,1.0101782577434153,-0.06762019680012799
2025-07-04,35,0.4633837979221797,0,1,0.0007892943572744837,0.54,1.0,0.0,0.0007892943572744837,1.0310568682887458,-0.058291395706329685,0.0,1.0,-0.0001,0.9027365527347896,-0.13789999038107326,0.0,0.0,0.0,0.9327201850149802,-0.07550939716399185,1.0,1.0,0.0006892943572744837,1.0108745679163191,-0.0669775126629456
2025-07-07,35,0.4661746943599694,0,0,-0.0037556525784074872,0.54,1.0,0.0,-0.0037556525784074872,1.0271845769028725,-0.061828126054153665,0.0,0.0,-0.0,0.9027365527347896,-0.13789999038107326,0.0,0.0,-0.0,0.9327201850149802,-0.07550939716399185,1.0,0.0,-0.0037556525784074872,1.0070780742388776,-0.07048162097322519
2025-07-08,35,0.4715390589302226,0,0,-0.001020078368183408,0.54,1.0,0.0,-0.001020078368183408,1.0261367681358422,-0.06278513488840387,0.0,0.0,-0.0,0.9027365527347896,-0.13789999038107326,0.0,0.0,-0.0,0.9327201850149802,-0.07550939716399185,1.0,0.0,-0.001020078368183408,1.0060507756802748,-0.07142980256449927
2025-07-09,35,0.476818764497501,0,1,0.0005631767029690149,0.54,1.0,0.0,0.0005631767029690149,1.0267146644577163,-0.062257317310696725,0.0,0.0,0.0,0.9027365527347896,-0.13789999038107326,0.0,0.0,0.0,0.9327201850149802,-0.07550939716399185,1.0,0.0,0.0005631767029690149,1.006617360039142,-0.07090685346223224
2025-07-10,35,0.4917076415828873,0,0,-0.0024225628397964716,0.54,1.0,0.0,-0.0024225628397964716,1.024227383664527,-0.06452905788707075,0.0,0.0,-0.0,0.9027365527347896,-0.13789999038107326,0.0,0.0,-0.0,0.9327201850149802,-0.07550939716399185,1.0,0.0,-0.0024225628397964716,1.004178766228817,-0.07315763999374414
2025-07-11,35,0.49331393256840217,0,0,-0.0017639848026551606,0.54,1.0,0.0,-0.0017639848026551606,1.0224206621252796,-0.06617921441228347,0.0,0.0,-0.0,0.9027365527347896,-0.13789999038107326,0.0,0.0,-0.0,0.9327201850149802,-0.07550939716399185,1.0,0.0,-0.0017639848026551606,1.0024074101460405,-0.0747925758312522
2025-07-14,35,0.4978327785748862,0,0,-0.0013532100753280707,0.54,1.0,0.0,-0.0013532100753280707,1.021037112184068,-0.06744287010789163,0.0,0.0,-0.0,0.9027365527347896,-0.13789999038107326,0.0,0.0,-0.0,0.9327201850149802,-0.07550939716399185,1.0,0.0,-0.0013532100753280707,1.0010509423390475,-0.0760445758394056
2025-07-15,35,0.5033012699637346,1,0,-0.005049252023215933,0.54,1.0,0.0,-0.005049252023215933,1.0158816384795941,-0.07215158608276373,0.0,0.0,-0.0,0.9027365527347896,-0.13789999038107326,0.0,0.0,-0.0,0.9327201850149802,-0.07550939716399185,1.0,0.0,-0.005049252023215933,0.9959963838430999,-0.08070985963420974
2025-07-16,35,0.5047574943159089,1,1,0.002443466592228827,0.54,1.0,0.0,0.002443466592228827,1.0183639113248777,-0.06988441948070445,0.0,0.0,0.0,0.9027365527347896,-0.13789999038107326,0.0,0.0,0.0,0.9327201850149802,-0.07550939716399185,1.0,0.0,0.002443466592228827,0.9984300677330011,-0.07846360488766069
2025-07-17,35,0.5065617018620899,1,0,-0.0017422791502890167,0.54,1.0,0.0,-0.0017422791502890167,1.0165896371147696,-0.07150494046400213,0.0,0.0,-0.0,0.9027365527347896,-0.13789999038107326,0.0,0.0,-0.0,0.9327201850149802,-0.07550939716399185,1.0,0.0,-0.0017422791502890167,0.9966905238429683,-0.08006917853509732
2025-07-18,35,0.5045307856625019,1,1,0.0013141727864731667,0.54,1.0,0.0,0.0013141727864731667,1.0179256115508764,-0.07028473752438524,0.0,0.0,0.0,0.9027365527347896,-0.13789999038107326,0.0,0.0,0.0,0.9327201850149802,-0.07550939716399185,1.0,0.0,0.0013141727864731667,0.9980003474059385,-0.07886023048409019
2025-07-21,35,0.4978296009908839,0,1,0.005484812962579078,0.54,1.0,0.0,0.005484812962579078,1.0235087431400518,-0.06518542320125142,0.0,0.0,0.0,0.9027365527347896,-0.13789999038107326,0.0,0.0,0.0,0.9327201850149802,-0.07550939716399185,1.0,0.0,0.005484812962579078,1.003474192648049,-0.07380795113590222
2025-07-22,35,0.48411736190396515,0,1,0.0038152555175334775,0.54,1.0,0.0,0.0038152555175334775,1.0274136905195606,-0.06161886672924932,0.0,0.0,0.0,0.9027365527347896,-0.13789999038107326,0.0,0.0,0.0,0.9327201850149802,-0.07550939716399185,1.0,0.0,0.0038152555175334775,1.007302703098252,-0.07027429181117784
2025-07-23,35,0.49806031880334295,0,1,0.0029907028349680513,0.54,1.0,0.0,0.0029907028349680513,1.0304863795564825,-0.05881244761369586,0.0,0.0,0.0,0.9027365527347896,-0.13789999038107326,0.0,0.0,0.0,0.9327201850149802,-0.07550939716399185,1.0,0.0,0.0029907028349680513,1.0103152461480789,-0.06749375849995487
2025-07-24,35,0.4724176341143254,0,0,-0.0015400473566333785,0.54,1.0,0.0,-0.0015400473566333785,1.0288993817316,-0.0602619210158446,0.0,0.0,-0.0,0.9027365527347896,-0.13789999038107326,0.0,0.0,-0.0,0.9327201850149802,-0.07550939716399185,1.0,0.0,-0.0015400473566333785,1.008759312823882,-0.0689298622722212
2025-07-25,35,0.4826654272628312,0,1,5.871164147408514e-05,0.54,1.0,0.0,5.871164147408514e-05,1.028959790103213,-0.06020674745067178,0.0,0.0,0.0,0.9027365527347896,-0.13789999038107326,0.0,0.0,0.0,0.9327201850149802,-0.07550939716399185,1.0,0.0,5.871164147408514e-05,1.0088185387389903,-0.06887519761610761
2025-07-28,35,0.481194605034378,0,0,-0.013614622984389979,0.54,1.0,0.0,-0.013614622984389979,1.0149508904948608,-0.07300167826740445,0.0,0.0,-0.0,0.9027365527347896,-0.13789999038107326,0.0,0.0,-0.0,0.9327201850149802,-0.07550939716399185,1.0,0.0,-0.013614622984389979,0.9950838546743958,-0.08155211075197888
2025-07-29,35,0.49157268777121266,0,0,-0.003950425906899313,0.54,1.0,0.0,-0.003950425906899313,1.0109414022028194,-0.076663716453229,0.0,0.0,-0.0,0.9027365527347896,-0.13789999038107326,0.0,0.0,-0.0,0.9327201850149802,-0.07550939716399185,1.0,0.0,-0.003950425906899313,0.9911528496353528,-0.0851803710878013
2025-07-30,35,0.5062296430034443,1,0,-0.010526402697315196,0.54,1.0,0.0,-0.010526402697315196,1.000299825899844,-0.08638312599888487,0.0,0.0,-0.0,0.9027365527347896,-0.13789999038107326,0.0,0.0,-0.0,0.9327201850149802,-0.07550939716399185,1.0,0.0,-0.010526402697315196,0.9807195756054996,-0.09481013089713952
2025-07-31,35,0.5100973476329957,1,0,-0.000491257596500816,0.54,1.0,0.0,-0.000491257596500816,0.9998084210115922,-0.08683194722852916,0.0,0.0,-0.0,0.9027365527347896,-0.13789999038107326,0.0,0.0,-0.0,0.9327201850149802,-0.07550939716399185,1.0,0.0,-0.000491257596500816,0.9802377896639464,-0.09525481229661181
2025-08-01,35,0.5166150524513354,1,1,0.014263281535664252,0.54,1.0,0.0,0.014263281535664252,1.0140689700022085,-0.07380717420247529,0.0,0.0,0.0,0.9027365527347896,-0.13789999038107326,0.0,0.0,0.0,0.9327201850149802,-0.07550939716399185,1.0,0.0,0.014263281535664252,0.9942191972298204,-0.08235017696636104
2025-08-04,36,0.5080529841514599,1,0,-0.00022017339786817303,0.52,1.0,0.0,-0.00022017339786817303,1.0138456989914104,-0.07401109722401233,0.0,0.0,-0.0,0.9027365527347896,-0.13789999038107326,0.0,0.0,-0.0,0.9327201850149802,-0.07550939716399185,1.0,0.0,-0.00022017339786817303,0.9940002966109406,-0.08255221904595145
2025-08-05,36,0.5115344050016827,1,0,-0.0004284036012658366,0.52,1.0,0.0,-0.0004284036012658366,1.0134113638428346,-0.07440779420469379,0.0,0.0,-0.0,0.9027365527347896,-0.13789999038107326,0.0,0.0,-0.0,0.9327201850149802,-0.07550939716399185,1.0,0.0,-0.0004284036012658366,0.9935744633042132,-0.08294525697928556
2025-08-06,36,0.5127807196302513,1,1,0.007254479395229829,0.52,1.0,0.0,0.007254479395229829,1.0207631357007243,-0.06769310461936628,0.0,0.0,0.0,0.9027365527347896,-0.13789999038107326,0.0,0.0,0.0,0.9327201850149802,-0.07550939716399185,1.0,0.0,0.007254479395229829,1.0007823287758801,-0.076292502241744
2025-08-07,36,0.47833081532366895,0,1,0.0011559956311337773,0.52,1.0,0.0,0.0011559956311337773,1.0219431334260167,-0.06661536192143047,-1.0,1.0,-0.0012559956311337774,0.9016027195684899,-0.13898278422675503,0.0,0.0,0.0,0.9327201850149802,-0.07550939716399185,0.0,1.0,-0.0001,1.0006822505430026,-0.07638487299151975
2025-08-08,36,0.4740682555708728,0,0,-0.0024576614146443188,0.52,1.0,0.0,-0.0024576614146443188,1.0194315432190348,-0.06890930533145789,-1.0,0.0,0.0024576614146443188,0.9038185537837118,-0.13686669543820462,0.0,0.0,-0.0,0.9327201850149802,-0.07550939716399185,0.0,0.0,-0.0,1.0006822505430026,-0.07638487299151975
2025-08-11,36,0.4888232273885882,0,0,-0.002532900638429369,0.52,1.0,0.0,-0.002532900638429369,1.0168494244123802,-0.07126766554641961,0.0,1.0,-0.0001,0.9037281719283334,-0.1369530087686608,0.0,0.0,-0.0,0.9327201850149802,-0.07550939716399185,1.0,1.0,-0.002632900638429369,0.9980475536066831,-0.07881665984908326
2025-08-12,36,0.48638850276022083,0,1,0.005044498085522431,0.52,1.0,0.0,0.005044498085522431,1.0219789193870932,-0.06658267706330567,0.0,0.0,0.0,0.9037281719283334,-0.1369530087686608,0.0,0.0,0.0,0.9327201850149802,-0.07550939716399185,1.0,0.0,0.005044498085522431,1.0030822025801123,-0.07416975225327693
2025-08-13,36,0.4804023547242622,0,1,0.0030687789312298097,0.52,1.0,0.0,0.0030687789312298097,1.0251151467630693,-0.06371822564863261,0.0,0.0,0.0,0.9037281719283334,-0.1369530087686608,0.0,0.0,0.0,0.9327201850149802,-0.07550939716399185,1.0,0.0,0.0030687789312298097,1.0061604401096818,-0.07132858389509644
2025-08-14,36,0.47571458809093237,0,0,-0.0052547013700186,0.52,1.0,0.0,-0.0052547013700186,1.0197284727969465,-0.06863810677104032,-1.0,1.0,0.005154701370018599,0.9083866207742969,-0.1325042592605702,0.0,0.0,-0.0,0.9327201850149802,-0.07550939716399185,0.0,1.0,-0.0001,1.0060598240656708,-0.07142145103670683
2025-08-15,36,0.4882950643374243,0,1,0.004741219356902749,0.52,1.0,0.0,0.004741219356902749,1.024563229170956,-0.06422231573458159,0.0,1.0,-0.0001,0.9082957821122195,-0.13259100883464403,0.0,0.0,0.0,0.9327201850149802,-0.07550939716399185,1.0,1.0,0.004641219356902749,1.0107291683953266,-0.06711171430085383
2025-08-18,36,0.4813561801899431,0,0,-0.003267246064411977,0.52,1.0,0.0,-0.003267246064411977,1.021215728992706,-0.06727973169066248,0.0,0.0,-0.0,0.9082957821122195,-0.13259100883464403,0.0,0.0,-0.0,0.9327201850149802,-0.07550939716399185,1.0,0.0,-0.003267246064411977,1.0074268674977005,-0.07015968988084043
2025-08-19,36,0.4893539696743133,0,0,-0.0022120711328190708,0.52,1.0,0.0,-0.0022120711328190708,1.0189567271582205,-0.06934297527118471,0.0,0.0,-0.0,0.9082957821122195,-0.13259100883464403,0.0,0.0,-0.0,0.9327201850149802,-0.07550939716399185,1.0,0.0,-0.0022120711328190708,1.0051983676056826,-0.07221656278898647
2025-08-20,36,0.4967334144395215,0,1,0.0007923034548853458,0.52,1.0,0.0,0.0007923034548853458,1.0197640500935266,-0.06860561249517882,0.0,0.0,0.0,0.9082957821122195,-0.13259100883464403,0.0,0.0,0.0,0.9327201850149802,-0.07550939716399185,1.0,0.0,0.0007923034548853458,1.0059947897451818,-0.07148147676629868
2025-08-21,36,0.49518886328685324,0,0,-0.003321295517033751,0.52,1.0,0.0,-0.003321295517033751,1.0163771123255188,-0.071699048498989,0.0,0.0,-0.0,0.9082957821122195,-0.13259100883464403,0.0,0.0,-0.0,0.9327201850149802,-0.07550939716399185,1.0,0.0,-0.003321295517033751,1.0026535837598418,-0.07456536117499757
2025-08-22,36,0.5006303987261922,1,1,0.008313816789309092,0.52,1.0,0.0,0.008313816789309092,1.0248270854262402,-0.0639813244628682,0.0,0.0,0.0,0.9082957821122195,-0.13259100883464403,0.0,0.0,0.0,0.9327201850149802,-0.07550939716399185,1.0,0.0,0.008313816789309092,1.0109894619583653,-0.06687146713732617
2025-08-25,36,0.4918100142017419,0,0,-0.007784397121532227,0.52,1.0,0.0,-0.007784397121532227,1.01684942441238,-0.07126766554641983,0.0,0.0,-0.0,0.9082957821122195,-0.13259100883464403,0.0,0.0,-0.0,0.9327201850149802,-0.07550939716399185,1.0,0.0,-0.007784397121532227,1.003119518500797,-0.07413531020256203
2025-08-26,36,0.4964234250090102,0,1,0.0018041788739109335,0.52,1.0,0.0,0.0018041788739109335,1.0186840026618533,-0.06959206628908066,0.0,0.0,0.0,0.9082957821122195,-0.13259100883464403,0.0,0.0,0.0,0.9327201850149802,-0.07550939716399185,1.0,0.0,0.0018041788739109335,1.0049293255440839,-0.07246488468912937
2025-08-27,36,0.501335367581524,1,1,0.00073382968145963,0.52,1.0,0.0,0.00073382968145963,1.0194315432190346,-0.06890930533145811,0.0,0.0,0.0,0.9082957821122195,-0.13259100883464403,0.0,0.0,0.0,0.9327201850149802,-0.07550939716399185,1.0,0.0,0.00073382968145963,1.0056667725109374,-0.0717842318909181
2025-08-28,36,0.5017123981347582,1,1,0.002885269497700848,0.52,1.0,0.0,0.002885269497700848,1.0223728779556787,-0.06622285775053782,0.0,0.0,0.0,0.9082957821122195,-0.13259100883464403,0.0,0.0,0.0,0.9327201850149802,-0.07550939716399185,1.0,0.0,0.002885269497700848,1.0085683921745145,-0.0691060792479079
2025-08-29,36,0.49488428519219524,0,1,0.0008769080505832693,0.52,1.0,0.0,0.0008769080505832693,1.023269404963056,-0.06540402105704868,0.0,0.0,0.0,0.9082957821122195,-0.13259100883464403,0.0,0.0,0.0,0.9327201850149802,-0.07550939716399185,1.0,0.0,0.0008769080505832693,1.0094528139171761,-0.06828977087456145
2025-09-01,36,0.49804426000608976,0,1,0.002062033101014826,0.52,1.0,0.0,0.002062033101014826,1.0253794203473456,-0.06347685321239283,0.0,0.0,0.0,0.9082957821122195,-0.13259100883464403,0.0,0.0,0.0,0.9327201850149802,-0.07550939716399185,1.0,0.0,0.002062033101014826,1.011534339033386,-0.06636855354155069
2025-09-02,36,0.49341571317736355,0,0,-0.006818667442679227,0.52,1.0,0.0,-0.006818667442679227,1.0183876990774299,-0.06986269310270898,0.0,0.0,-0.0,0.9082957821122195,-0.13259100883464403,0.0,0.0,-0.0,0.9327201850149802,-0.07550939716399185,1.0,0.0,-0.006818667442679227,1.004637022768667,-0.07273467588897842
2025-09-03,36,0.4945251265120048,0,1,0.0020988615312806935,0.52,1.0,0.0,0.0020988615312806935,1.020525153842953,-0.06791046369045328,0.0,0.0,0.0,0.9082957821122195,-0.13259100883464403,0.0,0.0,0.0,0.9327201850149802,-0.07550939716399185,1.0,0.0,0.0020988615312806935,1.0067456167686564,-0.0707884743709114
2025-09-04,36,0.4988485689516554,0,0,-0.00030312345978267263,0.52,1.0,0.0,-0.00030312345978267263,1.0202158087275248,-0.06819300189552668,0.0,0.0,-0.0,0.9082957821122195,-0.13259100883464403,0.0,0.0,-0.0,0.9327201850149802,-0.07550939716399185,1.0,0.0,-0.00030312345978267263,1.0064404485541805,-0.07107014018342994
2025-09-05,36,0.4950307952405051,0,1,0.00482587972341042,0.52,1.0,0.0,0.00482587972341042,1.0251392475123657,-0.06369621339724241,0.0,0.0,0.0,0.9082957821122195,-0.13259100883464403,0.0,0.0,0.0,0.9327201850149802,-0.07550939716399185,1.0,0.0,0.00482587972341042,1.011297409107678,-0.06658723640847075
2025-09-08,36,0.47997770338810525,0,1,0.004778174989349404,0.52,1.0,0.0,0.004778174989349404,1.0300375422254298,-0.059222390061663965,-1.0,1.0,-0.004878174989349404,0.9038649563449881,-0.13682238168088368,0.0,0.0,0.0,0.9327201850149802,-0.07550939716399185,0.0,1.0,-0.0001,1.0111962793667673,-0.06668057768482993
2025-09-09,36,0.4627372688694632,0,0,-0.005640725044205431,0.52,1.0,0.0,-0.005640725044205431,1.024227383664527,-0.06452905788707075,-1.0,0.0,0.005640725044205431,0.9089634100408229,-0.1319534340716334,0.0,0.0,-0.0,0.9327201850149802,-0.07550939716399185,0.0,0.0,-0.0,1.0111962793667673,-0.06668057768482993
2025-09-10,36,0.49424772843744735,0,1,5.857199639236476e-05,0.52,1.0,0.0,5.857199639236476e-05,1.024287374707148,-0.06447426548642421,0.0,1.0,-0.0001,0.9088725136998188,-0.13204023872822634,0.0,0.0,0.0,0.9327201850149802,-0.07550939716399185,1.0,1.0,-4.1428003607635245e-05,1.0111543875236577,-0.0667192432452246
2025-09-11,36,0.5006484439525439,1,1,0.0026755139493517266,0.52,1.0,0.0,0.0026755139493517266,1.0270278698663218,-0.06197125333375564,0.0,0.0,0.0,0.9088725136998188,-0.13204023872822634,0.0,0.0,0.0,0.9327201850149802,-0.07550939716399185,1.0,0.0,0.0026755139493517266,1.0138597451924254,-0.06422223756186574
2025-09-12,36,0.49003630229508216,0,0,-0.0007035886474966445,0.52,1.0,0.0,-0.0007035886474966445,1.0263052647164213,-0.06263123971093543,0.0,0.0,-0.0,0.9088725136998188,-0.13204023872822634,0.0,0.0,-0.0,0.9327201850149802,-0.07550939716399185,1.0,0.0,-0.0007035886474966445,1.013146404985554,-0.06488064017209716
2025-09-15,36,0.4897077422937221,0,1,0.003176205822691624,0.52,1.0,0.0,0.003176205822691624,1.0295650214740726,-0.05965396359649611,0.0,0.0,0.0,0.9088725136998188,-0.13204023872822634,0.0,0.0,0.0,0.9327201850149802,-0.07550939716399185,1.0,0.0,0.003176205822691624,1.0163643664963082,-0.06191050861650016
2025-09-16,36,0.48345253212198186,0,1,0.009152790526439691,0.52,1.0,0.0,0.009152790526439691,1.038988414448974,-0.051047173302927074,0.0,0.0,0.0,0.9088725136998188,-0.13204023872822634,0.0,0.0,0.0,0.9327201850149802,-0.07550939716399185,1.0,0.0,0.009152790526439691,1.0256669366413864,-0.053324372006812726
2025-09-17,36,0.4581275089806581,0,0,-0.0037962700855623814,0.52,1.0,0.0,-0.0037962700855623814,1.0350441338119556,-0.05464965453152704,-1.0,1.0,0.0036962700855623816,0.9122319519837973,-0.12883202502716573,0.0,0.0,-0.0,0.9327201850149802,-0.07550939716399185,0.0,1.0,-0.0001,1.0255643699477224,-0.053419039569611915
2025-09-18,36,0.47307489179231893,0,0,-0.0029830694629607857,0.52,1.0,0.0,-0.0029830694629607857,1.0319565252635645,-0.05746970027889342,-1.0,0.0,0.0029830694629607857,0.9149532032628971,-0.12623327044391497,0.0,0.0,-0.0,0.9327201850149802,-0.07550939716399185,0.0,0.0,-0.0,1.0255643699477224,-0.053419039569611915
2025-09-19,36,0.4827414411476321,0,0,-0.004589194686919318,0.52,1.0,0.0,-0.004589194686919318,1.0272206758606932,-0.06179515532263402,0.0,1.0,-0.0001,0.9148617079425708,-0.12632064711687052,0.0,0.0,-0.0,0.9327201850149802,-0.07550939716399185,1.0,1.0,-0.004689194686919318,1.0207552989530697,-0.057857741980001154
2025-09-22,36,0.4924172114725513,0,1,0.005463925860591745,0.52,1.0,0.0,0.005463925860591745,1.0328333334760629,-0.05666887360926898,0.0,0.0,0.0,0.9148617079425708,-0.12632064711687052,0.0,0.0,0.0,0.9327201850149802,-0.07550939716399185,1.0,0.0,0.005463925860591745,1.0263326302283555,-0.0527099465320493
2025-09-23,36,0.4833991240286942,0,1,0.001134202821486019,0.52,1.0,0.0,0.001134202821486019,1.0340047759570163,-0.05559894478412086,0.0,0.0,0.0,0.9148617079425708,-0.12632064711687052,0.0,0.0,0.0,0.9327201850149802,-0.07550939716399185,1.0,0.0,0.001134202821486019,1.0274966995933437,-0.051635527480640264
2025-09-24,36,0.49118810918041755,0,0,-0.005907559229970993,0.52,1.0,0.0,-0.005907559229970993,1.0278963314989773,-0.06117804995465592,0.0,0.0,-0.0,0.9148617079425708,-0.12632064711687052,0.0,0.0,-0.0,0.9327201850149802,-0.07550939716399185,1.0,0.0,-0.005907559229970993,1.0214267019818963,-0.05723804677364852
2025-09-25,36,0.49568426915736075,0,0,-0.006974319498375126,0.52,1.0,0.0,-0.006974319498375126,1.0207274540718958,-0.06772569418635965,0.0,0.0,-0.0,0.9148617079425708,-0.12632064711687052,0.0,0.0,-0.0,0.9327201850149802,-0.07550939716399185,1.0,0.0,-0.006974319498375126,1.014302945818103,-0.06381316984636132
2025-09-26,36,0.499460095288987,0,1,0.0038988363183798396,0.52,1.0,0.0,0.0038988363183798396,1.0247071033409987,-0.06409090926416106,0.0,0.0,0.0,0.9148617079425708,-0.12632064711687052,0.0,0.0,0.0,0.9327201850149802,-0.07550939716399185,1.0,0.0,0.0038988363183798396,1.0182575469810982,-0.06016313063216949
2025-09-29,36,0.5044243761773424,1,1,0.001982573876127436,0.52,1.0,0.0,0.001982573876127436,1.0267386608747648,-0.06223540035043795,0.0,0.0,0.0,0.9148617079425708,-0.12632064711687052,0.0,0.0,0.0,0.9327201850149802,-0.07550939716399185,1.0,0.0,0.001982573876127436,1.0202763177929124,-0.05829983460713961
2025-09-30,36,0.5003659210517193,1,1,0.000375569756391858,0.52,1.0,0.0,0.000375569756391858,1.0271242728635077,-0.06188320432819461,0.0,0.0,0.0,0.9148617079425708,-0.12632064711687052,0.0,0.0,0.0,0.9327201850149802,-0.07550939716399185,1.0,0.0,0.000375569756391858,1.0206595027210383,-0.05794616050542878
2025-10-01,36,0.5040537892555479,1,0,-0.0001525687209337212,0.52,1.0,0.0,-0.0001525687209337212,1.026967565826957,-0.06202633160779658,0.0,0.0,-0.0,0.9148617079425708,-0.12632064711687052,0.0,0.0,-0.0,0.9327201850149802,-0.07550939716399185,1.0,0.0,-0.0001525687209337212,1.0205037820061993,-0.058089888454771144
2025-10-02,36,0.5005592444543973,1,0,-0.0007620456756015637,0.52,1.0,0.0,-0.0007620456756015637,1.0261849696344356,-0.06274111038562302,0.0,0.0,-0.0,0.9148617079425708,-0.12632064711687052,0.0,0.0,-0.0,0.9327201850149802,-0.07550939716399185,1.0,0.0,-0.0007620456756015637,1.0197261115121865,-0.05880766698207951
2025-10-03,36,0.4978997035955139,0,0,-0.0010776005590223958,0.52,1.0,0.0,-0.0010776005590223958,1.0250791521374971,-0.06375110108902016,0.0,0.0,-0.0,0.9148617079425708,-0.12632064711687052,0.0,0.0,-0.0,0.9327201850149802,-0.07550939716399185,1.0,0.0,-0.0010776005590223958,1.0186272540843713,-0.05982189636628721
2025-10-06,36,0.4992841479765737,0,0,-0.0001873764267223965,0.52,1.0,0.0,-0.0001873764267223965,1.024887076468862,-0.06392653206222088,0.0,0.0,-0.0,0.9148617079425708,-0.12632064711687052,0.0,0.0,-0.0,0.9327201850149802,-0.07550939716399185,1.0,0.0,-0.0001873764267223965,1.018436387349339,-0.05999806357982862
2025-10-07,36,0.5062298610648734,1,0,-0.0047551225397653996,0.52,1.0,0.0,-0.0047551225397653996,1.0200136128308306,-0.06837767610848822,0.0,0.0,-0.0,0.9148617079425708,-0.12632064711687052,0.0,0.0,-0.0,0.9327201850149802,-0.07550939716399185,1.0,0.0,-0.0047551225397653996,1.0135935975285368,-0.06446788797512337
2025-10-08,36,0.5012122487881909,1,0,-0.0019424973329146278,0.52,1.0,0.0,-0.0019424973329146278,1.01803223910837,-0.0701873499879313,0.0,0.0,-0.0,0.9148617079425708,-0.12632064711687052,0.0,0.0,-0.0,0.9327201850149802,-0.07550939716399185,1.0,0.0,-0.0019424973329146278,1.0116246946686782,-0.06628515660758771
2025-10-09,36,0.4978691496244662,0,0,-0.005632840619910651,0.52,1.0,0.0,-0.005632840619910651,1.0122978257595419,-0.07542483645182596,0.0,0.0,-0.0,0.9148617079425708,-0.12632064711687052,0.0,0.0,-0.0,0.9327201850149802,-0.07550939716399185,1.0,0.0,-0.005632840619910651,1.0059263739964437,-0.07154462350486213
2025-10-10,36,0.4909630795102731,0,1,0.003109464273420181,0.52,1.0,0.0,0.003109464273420181,1.015445529682802,-0.07254990301268138,0.0,0.0,0.0,0.9148617079425708,-0.12632064711687052,0.0,0.0,0.0,0.9327201850149802,-0.07550939716399185,1.0,0.0,0.003109464273420181,1.0090542661180768,-0.06865762468218561
2025-10-13,36,0.5009297179821117,1,0,-0.0030652003132498606,0.52,1.0,0.0,-0.0030652003132498606,1.0123329857271302,-0.07539272334049052,0.0,0.0,-0.0,0.9148617079425708,-0.12632064711687052,0.0,0.0,-0.0,0.9327201850149802,-0.07550939716399185,1.0,0.0,-0.0030652003132498606,1.0059613126654856,-0.07151237562275259
2025-10-14,36,0.5045491567565732,1,1,0.003062978738578304,0.52,1.0,0.0,0.003062978738578304,1.0154337401387739,-0.07256067091054763,0.0,0.0,0.0,0.9148617079425708,-0.12632064711687052,0.0,0.0,0.0,0.9327201850149802,-0.07550939716399185,1.0,0.0,0.003062978738578304,1.0090425507780123,-0.068668437770252
2025-10-15,36,0.5036273655188536,1,1,0.003796688131434855,0.52,1.0,0.0,0.003796688131434855,1.0192890253682172,-0.06903947301716784,0.0,0.0,0.0,0.9148617079425708,-0.12632064711687052,0.0,0.0,0.0,0.9327201850149802,-0.07550939716399185,1.0,0.0,0.003796688131434855,1.0128735706546639,-0.06513246228150371
2025-10-16,36,0.49694369818217593,0,1,0.004574577684245407,0.52,1.0,0.0,0.004574577684245407,1.023951842197463,-0.06478072176551875,0.0,0.0,0.0,0.9148617079425708,-0.12632064711687052,0.0,0.0,0.0,0.9327201850149802,-0.07550939716399185,1.0,0.0,0.004574577684245407,1.0175070394879426,-0.06085583810573125
2025-10-17,36,0.47945166529043254,0,0,-0.003602179138539885,0.52,1.0,0.0,-0.003602179138539885,1.0202633842326299,-0.06814954913953519,-1.0,1.0,0.003502179138539885,0.9180657175307763,-0.12326086551343018,0.0,0.0,-0.0,0.9327201850149802,-0.07550939716399185,0.0,1.0,-0.0001,1.017405288783994,-0.060949752521920586
2025-10-20,36,0.4960261581968811,0,0,-0.0011179075454055276,0.52,1.0,0.0,-0.0011179075454055276,1.0191228240970953,-0.0691912717897416,0.0,1.0,-0.0001,0.9179739109590231,-0.12334853942687896,0.0,0.0,-0.0,0.9327201850149802,-0.07550939716399185,1.0,1.0,-0.0012179075454055277,1.0161661832060485,-0.062093428903838954
2025-10-21,36,0.49404507790858254,0,0,-0.0037817161497502028,0.52,1.0,0.0,-0.0037817161497502028,1.0152687908546283,-0.07271132618954279,0.0,0.0,-0.0,0.9179739109590231,-0.12334853942687896,0.0,0.0,-0.0,0.9327201850149802,-0.07550939716399185,1.0,0.0,-0.0037817161497502028,1.012323331140188,-0.06564032533071029
2025-10-22,36,0.4997080035670056,0,1,0.0006965288242495317,0.52,1.0,0.0,0.0006965288242495317,1.0159759548318195,-0.07206544289983374,0.0,0.0,0.0,0.9179739109590231,-0.12334853942687896,0.0,0.0,0.0,0.9327201850149802,-0.07550939716399185,1.0,0.0,0.0006965288242495317,1.0130284435197874,-0.0649895168850868
2025-10-23,36,0.4984693875883183,0,1,0.0008249220313640836,0.52,1.0,0.0,0.0008249220313640836,1.0168140557802965,-0.07129996924001769,0.0,0.0,0.0,0.9179739109590231,-0.12334853942687896,0.0,0.0,0.0,0.9327201850149802,-0.07550939716399185,1.0,0.0,0.0008249220313640836,1.0138641130012453,-0.06421820613800888
2025-10-24,36,0.5712001576808443,1,1,0.0011747476354984077,0.52,1.0,0.0,0.0011747476354984077,1.018008555688066,-0.07020898107479501,1.0,1.0,0.0010747476354984076,0.9189605012492756,-0.12240636034247165,1.0,1.0,0.0010747476354984076,0.9337226238284068,-0.0745158030745533,1.0,0.0,0.0011747476354984077,1.0150551474707104,-0.06311889868832699
